:020000040800F2
:1000000000000220AD170008B5130008B91300085E
:10001000BD130008C1130008C5130008000000004C
:10002000000000000000000000000000C9130008EC
:10003000CD13000800000000D1130008D5130008FC
:10004000FD170008FD170008FD170008FD17000840
:10005000FD170008FD170008FD170008FD17000830
:10006000FD170008FD170008FD170008D913000848
:10007000E5130008FD170008FD170008FD1700082C
:10008000FD170008FD170008FD170008FD17000800
:10009000FD170008F1130008FD170008FD17000800
:1000A000FD170008FD130008FD170008FD170008E4
:1000B000FD170008FD170008FD1700085922000869
:1000C000FD170008FD170008FD170008FD170008C0
:1000D000FD17000811140008FD170008FD1700089F
:1000E000FD170008FD170008FD170008FD170008A0
:1000F000FD170008FD170008FD170008FD17000890
:10010000FD170008FD170008FD170008FD1700087F
:10011000FD170008FD170008FD170008FD1700086F
:10012000FD170008FD170008FD170008FD1700085F
:10013000FD170008FD170008FD170008FD1700084F
:10014000FD170008FD170008FD170008FD1700083F
:10015000FD170008FD170008FD170008FD1700082F
:10016000FD170008FD170008FD170008FD1700081F
:10017000FD170008FD170008FD170008FD1700080F
:10018000FD170008FD170008FD170008FD170008FF
:10019000FD17000800000000FD170008FD1700080B
:1001A000FD170008FD170008FD170008FD170008DF
:1001B000FD170008FD170008FD170008FD170008CF
:1001C000FD170008FD170008FD170008FD170008BF
:0801D000FD170008FD170008EF
:1001E00010B5054C237833B9044B13B10448AFF371
:1001F00000800123237010BD600A00200000000071
:10020000BC89000808B5034B1BB103490348AFF391
:10021000008008BD00000000640A0020BC890008BE
:1002200001F0FF01102A2BDB10F0070F08D010F8A7
:10023000013B013A8B422DD010F0070F42B3F6D1AB
:10024000F0B441EA012141EA014122F007047FF0C4
:1002500000070023F0E80256083C85EA010586EA1B
:10026000010685FA47F5A3FA87F586FA47F6A5FA57
:1002700087F68EB9EED1F0BC01F0FF0102F0070263
:1002800032B110F8013B013A83EA010313B1F8D10E
:100290000020704701387047002D06BF35460338EF
:1002A000073815F0010F07D1013015F4807F02BF28
:1002B000013015F4C03F0130F0BC0138704700BF79
:1002C000034613F8012B002AFBD1181A0138704796
:1002D00081F0004102E000BF83F0004330B54FEAF7
:1002E00041044FEA430594EA050F08BF90EA020F64
:1002F0001FBF54EA000C55EA020C7FEA645C7FEAF7
:10030000655C00F0E2804FEA5454D4EB5555B8BF19
:100310006D420CDD2C4480EA020281EA030382EA8A
:10032000000083EA010180EA020281EA0303362D1C
:1003300088BF30BD11F0004F4FEA01314FF4801CEF
:100340004CEA113102D0404261EB410113F0004F01
:100350004FEA03334CEA133302D0524263EB4303B8
:1003600094EA050F00F0A780A4F10104D5F1200E56
:100370000DDB02FA0EFC22FA05F2801841F10001B1
:1003800003FA0EF2801843FA05F359410EE0A5F185
:1003900020050EF1200E012A03FA0EFC28BF4CF0B6
:1003A000020C43FA05F3C01851EBE37101F000456C
:1003B00007D54FF0000EDCF1000C7EEB00006EEB79
:1003C0000101B1F5801F1BD3B1F5001F0CD3490803
:1003D0005FEA30004FEA3C0C04F101044FEA44525A
:1003E00012F5800F80F09A80BCF1004F08BF5FEAE1
:1003F000500C50F1000041EB045141EA050130BDC1
:100400005FEA4C0C404141EB0101013C28BFB1F5D2
:10041000801FE9D291F0000F04BF01460020B1FA1D
:1004200081F308BF2033A3F10B03B3F120020CDAF0
:100430000C3208DD02F1140CC2F10C0201FA0CF0CE
:1004400021FA02F10CE002F11402D8BFC2F1200C33
:1004500001FA02F120FA0CFCDCBF41EA0C019040E9
:10046000E41AA2BF01EB0451294330BD6FEA040432
:100470001F3C1CDA0C340EDC04F11404C4F120021D
:1004800020FA04F001FA02F340EA030021FA04F32F
:1004900045EA030130BDC4F10C04C4F1200220FA86
:1004A00002F001FA04F340EA0300294630BD21FAC4
:1004B00004F0294630BD94F0000F83F4801306BF8A
:1004C00081F480110134013D4EE77FEA645C18BF7E
:1004D0007FEA655C29D094EA050F08BF90EA020F15
:1004E00005D054EA000C04BF1946104630BD91EA0D
:1004F000030F1EBF0021002030BD5FEA545C05D110
:100500004000494128BF41F0004130BD14F580044E
:100510003CBF01F5801130BD01F0004545F0FE41C2
:1005200041F470014FF0000030BD7FEA645C1ABFF7
:10053000194610467FEA655C1CBF0B46024650EA2E
:10054000013406BF52EA033591EA030F41F400215A
:1005500030BD00BF90F0000F04BF0021704730B5E0
:100560004FF4806404F132044FF000054FF00001B5
:1005700050E700BF90F0000F04BF0021704730B576
:100580004FF4806404F1320410F0004548BF40424B
:100590004FF000013EE700BF42004FEAE2014FEAA0
:1005A00031014FEA02701FBF12F07F4393F07F4F7B
:1005B00081F06051704732F07F4208BF704793F07E
:1005C0007F4F04BF41F40021704730B54FF4607491
:1005D00001F0004521F000411CE700BF50EA010294
:1005E00008BF704730B54FF000050AE050EA01023D
:1005F00008BF704730B511F0004502D5404261EBAD
:1006000041014FF4806404F132045FEA915C3FF4ED
:10061000D8AE4FF003025FEADC0C18BF03325FEA8A
:10062000DC0C18BF033202EBDC02C2F1200300FA3B
:1006300003FC20FA02F001FA03FE40EA0E0021FA60
:1006400002F11444BDE600BF70B54FF0FF0C4CF44E
:10065000E06C1CEA11541DBF1CEA135594EA0C0F00
:1006600095EA0C0F00F0DEF82C4481EA030621EA3B
:100670004C5123EA4C5350EA013518BF52EA033576
:1006800041F4801143F4801338D0A0FB02CE4FF028
:100690000005E1FB02E506F00042E0FB03E54FF058
:1006A0000006E1FB03569CF0000F18BF4EF0010E50
:1006B000A4F1FF04B6F5007F64F5407404D25FEA4C
:1006C0004E0E6D4146EB060642EAC62141EA5551FF
:1006D0004FEAC52040EA5E504FEACE2EB4F1FD0C41
:1006E00088BFBCF5E06F1ED8BEF1004F08BF5FEABF
:1006F000500E50F1000041EB045170BD06F0004671
:1007000046EA010140EA020081EA0301B4EB5C041D
:10071000C2BFD4EB0C0541EA045170BD41F4801115
:100720004FF0000E013C00F3AB8014F1360FDEBF3A
:10073000002001F0004170BDC4F10004203C35DA16
:100740000C341BDC04F11404C4F1200500FA05F399
:1007500020FA04F001FA05F240EA020001F000423A
:1007600021F0004110EBD37021FA04F642EB0601B0
:100770005EEA430E08BF20EAD37070BDC4F10C04DA
:10078000C4F1200500FA04F320FA05F001FA04F29E
:1007900040EA020001F0004110EBD37041F100018A
:1007A0005EEA430E08BF20EAD37070BDC4F1200595
:1007B00000FA05F24EEA020E20FA04F301FA05F2FD
:1007C00043EA020321FA04F001F0004121FA04F2A5
:1007D00020EA020000EBD3705EEA430E08BF20EA75
:1007E000D37070BD94F0000F0FD101F000464000AF
:1007F00041EB010111F4801F08BF013CF7D041EA31
:10080000060195F0000F18BF704703F00046520034
:1008100043EB030313F4801F08BF013DF7D043EA05
:100820000603704794EA0C0F0CEA135518BF95EABB
:100830000C0F0CD050EA410618BF52EA4306D1D142
:1008400081EA030101F000414FF0000070BD50EA61
:10085000410606BF1046194652EA430619D094EAEB
:100860000C0F02D150EA013613D195EA0C0F05D1D5
:1008700052EA03361CBF104619460AD181EA030129
:1008800001F0004141F0FE4141F470014FF00000E1
:1008900070BD41F0FE4141F4780170BD70B54FF07C
:1008A000FF0C4CF4E06C1CEA11541DBF1CEA1355FC
:1008B00094EA0C0F95EA0C0F00F0A7F8A4EB0504DE
:1008C00081EA030E52EA03354FEA013100F08880D5
:1008D0004FEA03334FF0805545EA131343EA12639E
:1008E0004FEA022245EA111545EA10654FEA002653
:1008F0000EF000419D4208BF964244F1FD0404F50C
:10090000407402D25B084FEA3202B61A65EB030567
:100910005B084FEA32024FF480104FF4002CB6EB24
:10092000020E75EB030E22BFB61A754640EA0C00A4
:100930005B084FEA3202B6EB020E75EB030E22BFE4
:10094000B61A754640EA5C005B084FEA3202B6EB25
:10095000020E75EB030E22BFB61A754640EA9C00E4
:100960005B084FEA3202B6EB020E75EB030E22BFB4
:10097000B61A754640EADC0055EA060E18D04FEA72
:10098000051545EA16754FEA06164FEAC30343EA12
:1009900052734FEAC2025FEA1C1CC0D111F4801FDF
:1009A0000BD141EA00014FF000004FF0004CB6E7D8
:1009B00011F4801F04BF01430020B4F1FD0C88BF77
:1009C000BCF5E06F3FF6AFAEB5EB030C04BFB6EB82
:1009D000020C5FEA500C50F1000041EB045170BD75
:1009E0000EF0004E4EEA113114EB5C04C2BFD4EBA2
:1009F0000C0541EA045170BD41F480114FF0000E26
:100A0000013C90E645EA060E8DE60CEA135594EAA1
:100A10000C0F08BF95EA0C0F3FF43BAF94EA0C0FA4
:100A20000AD150EA01347FF434AF95EA0C0F7FF419
:100A300025AF104619462CE795EA0C0F06D152EA6D
:100A400003353FF4FDAE1046194622E750EA410651
:100A500018BF52EA43067FF4C5AE50EA41047FF462
:100A60000DAF52EA43057FF4EBAE12E74FF0FF3CC7
:100A700006E000BF4FF0010C02E000BF4FF0010C98
:100A80004DF804CD4FEA410C7FEA6C5C4FEA430C11
:100A900018BF7FEA6C5C1BD001B050EA410C0CBF60
:100AA00052EA430C91EA030F02BF90EA020F0020C2
:100AB000704710F1000F91EA030F58BF994208BF29
:100AC00090422CBFD8176FEAE37040F001007047E6
:100AD0004FEA410C7FEA6C5C02D150EA013C07D13D
:100AE0004FEA430C7FEA6C5CD6D152EA033CD3D088
:100AF0005DF8040B704700BF8446104662468C4682
:100B00001946634600E000BF01B5FFF7B7FF0028B4
:100B100048BF10F1000F01BD4DF808EDFFF7F4FFDD
:100B20000CBF012000205DF808FB00BF4DF808ED68
:100B3000FFF7EAFF34BF012000205DF808FB00BF8B
:100B40004DF808EDFFF7E0FF94BF012000205DF8AD
:100B500008FB00BF4DF808EDFFF7CEFF94BF012062
:100B600000205DF808FB00BF4DF808EDFFF7C4FF5B
:100B700034BF012000205DF808FB00BF4FEA410CA4
:100B80007FEA6C5C02D150EA013C0AD14FEA430C87
:100B90007FEA6C5C02D152EA033C02D14FF00000C4
:100BA00070474FF0010070474FEA410212F5001202
:100BB00015D211D56FF47873B3EB625212D94FEAA4
:100BC000C12343F0004343EA505311F0004F23FA8E
:100BD00002F018BF404270474FF00000704750EAE3
:100BE000013005D111F0004008BF6FF000407047A0
:100BF0004FF00000704700BF4FEA4102B2F1E043FE
:100C000024BFB3F5001CDCF1FE5C0DD901F0004CF3
:100C10004FEAC0024CEA5070B2F1004F40EB830043
:100C200008BF20F00100704711F0804F21D113F16F
:100C30003872BCBF01F00040704741F480114FEAA8
:100C40005252C2F11802C2F1200C10FA0CF320FA31
:100C500002F018BF40F001004FEAC1234FEAD3234E
:100C600003FA0CFC40EA0C0023FA02F34FEA4303B8
:100C7000CCE77FEA625307D150EA01331EBF4FF041
:100C8000FE4040F44000704701F0004040F0FE405C
:100C900040F40000704700BF53B94AB9002908BFAB
:100CA00000281CBF4FF0FF314FF0FF3000F06AB951
:100CB000ADF1080C6DE904CE00F006F8DDF804E0B3
:100CC000DDE9022304B070472DE9F047089D0C468A
:100CD000002B4ED194468C458646B2FA82F262D9F8
:100CE0004AB1C2F12003914020FA03F30CFA02FC4E
:100CF000194300FA02FE4FEA1C471FFA8CF6B1FBBB
:100D0000F7F44FEA1E4307FB141143EA014304FBC7
:100D100006F199420AD91CEB030304F1FF3080F07D
:100D20001281994240F20F81023C6344591A1FFA22
:100D30008EF3B1FBF7F007FB101143EA014300FB10
:100D400006F69E420AD91CEB030300F1FF3180F046
:100D5000FC809E4240F2F980634402389B1B40EACB
:100D6000044000211DB1D3400022C5E90032BDE896
:100D7000F0878B4205D90DB1C5E900010021084675
:100D8000F5E7B3FA83F1002946D1A34202D390429A
:100D9000C0F0F080861A64EB03030120002DE6D03A
:100DA000C5E90063E3E7002A40F09080A1EB0C0462
:100DB0004FEA1C481FFA8CF70121B4FBF8F64FEA02
:100DC0001E4308FB164443EA044307FB06F098421F
:100DD00008D91CEB030306F1FF3402D2984200F25B
:100DE000CD8026461C1A1FFA8EF3B4FBF8F008FBE0
:100DF000104443EA044300FB07F79F4208D91CEB69
:100E0000030300F1FF3402D29F4200F2B08020467B
:100E1000DB1B40EA0640A5E7C1F120068B4022FA21
:100E200006F71F4320FA06FC04FA01F343EA0C0319
:100E3000F44000FA01F8380C4FEA1349B4FBF0FE15
:100E40001FFA87FC00FB1E4449EA04440EFB0CF920
:100E5000A14502FA01F20AD93C190EF1FF3A80F0DD
:100E60008480A14540F28180AEF1020E3C44A4EBA7
:100E700009041FFA83F9B4FBF0F300FB134449EAB9
:100E8000044403FB0CFCA44507D93C1903F1FF30D3
:100E900067D2A44565D9023B3C4443EA0E40A0FB1F
:100EA0000293A4EB0C049C42CE469C4651D34ED0F8
:100EB00055B1B8EB0E0364EB0C0404FA06F6CB4014
:100EC0001E43CC40C5E90064002150E7C2F1200375
:100ED00020FA03F10CFA02FC24FA03F394400C43C9
:100EE0004FEA1C4800FA02FE1FFA8CF7B3FBF8F039
:100EF00008FB1031230C43EA014300FB07F1994240
:100F000008D91CEB030300F1FF362CD299422AD9F1
:100F1000023863445B1AA4B2B3FBF8F108FB113347
:100F200044EA034401FB07F3A34208D91CEB040481
:100F300001F1FF3613D2A34211D902396444E41AF5
:100F400041EA004139E70446F0E6084606E7C845AD
:100F5000AED2B9EB020E63EB070C0138A8E73146BD
:100F6000EDE7034699E73046D4E7D6467FE763448A
:100F700002384DE70646234608460FE7023E634423
:100F800030E700BF704700BF124B10B5986C40F0BF
:100F9000040098649C6C82B004F004040094009CEB
:100FA0009C6C01210C439C649B6C0B4000220193C0
:100FB0000B20019B01F018FC0B2001F051FC0C20D0
:100FC0000022012101F010FC0C2002B0BDE810400D
:100FD00001F046BC0010024010B51E481E4C0460D3
:100FE000022400230122052188B044610B24C0E9BA
:100FF0000113C0E90624C0E90812C0E90A22C0E9C9
:101000000C22C0E90E33C3600382837401F0FEFD3D
:10101000C8B900230121CDE9043140F2DF7440F268
:10102000FF720C4802A9CDE90233CDE9064201F076
:101030003BFF58B90123022200931146054801F0F5
:101040005FFF08B010BD00F099F9E2E700F096F9F3
:10105000F0E700BF7C0A00200064004000000000B0
:1010600010B504469CB00021542207A8CDE9021116
:10107000CDE90411069105F0D8FB234B22689A4272
:1010800001D01CB010BD4FF480524FF0007307A880
:101090000792159302F0FEFE58BB1C4B9A6D42F06E
:1010A00000729A659A6D02F000720092009ADA6CF2
:1010B0009FED117B42F00102DA64DB6C8DED027B67
:1010C0009FED0F7B03F00103019302A909234FF069
:1010D00090408DED047B0693019A02F0A3F9002263
:1010E0000321152001F080FB152001F0B9FB1CB095
:1010F00010BD00F043F9D0E7001800000200000026
:1011000000000000000000000064004000100240E9
:10111000F0B500248BB0CDE90444CDE906442A4B58
:101120000894DA6C294D2A4F42F00402DA64DA6C32
:1011300002F004020092009ADA6C42F02002DA64B3
:10114000DA6C02F020020192019ADA6C42F002029B
:10115000DA64DA6C02F002020292029ADA6C42F06D
:101160000102DA64DB6C03F0010303932246284694
:101170004FF40051039B02F05DFA224638464FF4CB
:10118000C05102F057FA01264FF4005304A9284633
:10119000CDE90436CDE9064402F044F9012228469F
:1011A00004A90023CDE90423069402F03BF94FF48F
:1011B000C053049304A903233846CDE9056407937B
:1011C00002F030F90BB0F0BD0010024000080048FA
:1011D000000400482DE9F04DA4B00021502210A8D1
:1011E000CDE90911CDE90B11CDE90D11CDE90311BF
:1011F000CDE9051108910291079105F016FB4023F6
:101200000FA80F9302F046FE00285BD12F4E304806
:10121000F36C304C43F00203F364F36C03F002030D
:10122000002501934FF002088023012702A94FF007
:10123000000A4FF0040B019A0293CDE906AB049526
:10124000CDF80C80059704F07BFB02A94FF4807366
:101250001F480293CDE906ABCDF80C8005970495A5
:1012600004F06EFBB36D43F40013B365B36D0895E2
:1012700003F400130093184B009A099300220023F3
:1012800008A92046CDE90C23CDE90A550E9504F0B6
:101290001BFC636843F000736360E36823F4FF633F
:1012A00023F00603E360E36823F40043E36023686C
:1012B00023F400232360236823F40033236024B045
:1012C000BDE8F08D00F05AF8A0E700BF0010024022
:1012D0000004004800540040C285B24010B594B0EC
:1012E0003822002106A805F0A0FA0020CDE901006F
:1012F000CDE90300059002F0ADF901204FF48031F3
:1013000002230324CDE90601552206A8CDE90D34B8
:10131000CDE90F42CDE91133139302F015FA08B16C
:1013200072B6FEE7042103460F220DEB0100CDE962
:101330000124CDE90333059302F084FC08B172B6B1
:10134000FEE714B010BD00BF08B501F007FAFFF7C3
:10135000C5FFFFF7DDFEFFF717FE00F051F900F0C3
:10136000C3F8FFF739FEFFF735FF4FF47A7001F04D
:1013700017FA00F045FA00F08BFAFCE772B6FEE7C8
:101380000B4B1A6E42F001021A661A6E82B002F01E
:1013900001020092009A9A6D42F080529A659B6D0C
:1013A00003F080530193019B02B002F0C5B900BF66
:1013B00000100240FEE700BFFEE700BFFEE700BFEF
:1013C000FEE700BFFEE700BF704700BF704700BFE9
:1013D000704700BF01F0D2B9014801F0C9BB00BF9E
:1013E000980B0020014801F0C3BB00BF380B002060
:1013F000014801F053BF00BF7C0A002008B5034834
:1014000003F088F8BDE8084000F012BAE80A0020AE
:10141000014803F039BC00BFF80B002001207047E1
:1014200008B505F055FA162303604FF0FF3008BDEC
:1014300008B505F04DFA16230360FEE770B5161ED9
:1014400007DD0C468D19AFF3008004F8010BA542AF
:10145000F9D1304670BD00BF70B5161E07DD0C46D1
:101460008D1914F8010BAFF30080AC42F9D130466E
:1014700070BD00BF4FF0FF30704700BF4FF4005306
:101480004B600020704700BF01207047002070476C
:101490000C490D4A0B6810B50C4C121B2BB11844AB
:1014A000904207D80860184610BD094B0B601844DD
:1014B0009042F7D905F00CFA0C2303604FF0FF338C
:1014C000184610BDE00A00200000022000040000C1
:1014D000E8350020034AD2F8883043F47003C2F89C
:1014E0008830704700ED00E010B5002498B0342239
:1014F00021460BA8CDE90144CDE90544CDE90744D7
:10150000CDE909440094049405F08FF92A482B4A48
:10151000A923C0E9002363228023C0E90242C0E975
:101520000444836102F04CFF98BB00230022CDE904
:101530000023214800236946029303F003FA90BB7D
:101540009FED1B7B002260231B48049304A98DEDB3
:10155000087BCDE9052207920A9203F005F9F8B954
:1015600000234FF400544FF00072134817930BA957
:10157000CDE90B33CDE90D33CDE90F34CDE911338E
:10158000CDE91332CDE9153303F036FA20B918B09E
:1015900010BDFFF7F3FEC8E7FFF7F0FE18B010BD6F
:1015A000FFF7ECFEDCE7FFF7E9FEC9E7AFF30080E9
:1015B0000000000000000000E80A0020002C0140AC
:1015C0000E4B02689A4200D0704703F5644300B5A1
:1015D000196E41F4006119661B6E83B0002203F49A
:1015E0000063019319201146019B01F0FDF81920B9
:1015F00003B05DF804EB01F033B900BF002C0140EB
:1016000010B52248224C234A0023C0E900424FF47F
:1016100080514FF48062C0E902130C24026108215A
:101620004FF40042C0E90543C0E90733C0E909317E
:10163000826304F035F870B91448002104F0D8F83A
:1016400088B91248002104F015F9A0B90F4804F038
:10165000B1F8B8B910BDFFF791FE0C48002104F0B5
:10166000C7F80028EDD0FFF789FE0848002104F0F4
:1016700001F90028EAD0FFF781FE044804F09AF847
:101680000028E7D0BDE81040FFF778BEF80B002037
:101690000038014020A1070070B504469CB000212D
:1016A000542207A8CDE90211CDE90411069105F0F5
:1016B000BCF8374B22689A4201D01CB070BD0123A0
:1016C00007A8079302F0E6FB002858D1314B3248B7
:1016D0001A6E324E42F480421A661A6E02F480424A
:1016E0000092009ADA6C42F00402DA64DB6C03F0D8
:1016F0000403019330220223CDE902230022019B3F
:101700000323CDE9042302A90723069301F08AFEEF
:10171000234918220023C6E90012304680214FF4E5
:101720004052C6E90233C6E90413C6E90633326201
:1017300001F0BEF848BB1B4D1B49C4F8806019225C
:10174000C5E900128022002310212A6128464FF4A7
:101750004052C5E90213C5E90533C5E90732B46251
:1017600001F0A6F870B9002202212520E567AC62DD
:1017700001F03AF8252001F073F81CB070BDFFF7B6
:10178000FDFDA3E7FFF7FAFDEDE7FFF7F7FDD2E771
:10179000003801400010024000080048980B00206B
:1017A00008000240380B00201C0002400D4885460E
:1017B000FFF790FE0C480D490D4A002302E0D45873
:1017C000C4500433C4188C42F9D30A4A0A4C00238B
:1017D00001E013600432A242FBD305F07FF8FFF76B
:1017E000B3FDFEE700000220000000205C0A00209C
:1017F000E88D0008600A0020E4350020FEE70000C4
:1018000008B5002203211F2000F0EEFF1F2001F089
:1018100027F8064802F094FD00F048FF00F0EEFAC9
:1018200000F094FCBDE8084000F070BCE80A00201D
:1018300008B5134801224FF4805101F0FBFE114816
:10184000114902680B6842F20F7C01326345026065
:1018500011D801330B6000F0F1FA00F003FD00F045
:1018600023FF00F035FCBDE80840054800224FF496
:10187000805101F0DFBE054B01221A700023E9E719
:1018800000040048900C0020A00C00209C0C0020BC
:1018900038B5134C134B144922781868086000259A
:1018A0001D6062B900F018FF00F0F4FA00F0F0FCDF
:1018B000BDE838400D484FF4006101F0C1BE0C4B4B
:1018C0000C481A78013A18BF01224FF400511A70DF
:1018D00001F0B0FE084A2570136801331360E1E798
:1018E0009C0C0020900C0020940C00200004004868
:1018F0008C0C002000080048980C00202DE9F043D3
:10190000DFF808E19EF800200C46A2B1002874D050
:10191000002C72D03B4904444FF6FF7210F8013B93
:101920005340DBB2A04231F8133083EA1222F5D1E2
:101930001046BDE8F08334494AF2010C4DE04FF403
:1019400020534FF4F0484FF201094FF4A0474AF2F8
:10195000010686EA550606F00106002E18BF4F461E
:1019600087EA950718BF4346FE0744BF83EA0C0386
:101970009BB283EAD506F707C3F34F0348BF83EA58
:101980000C0383EA1516F6074FEA530344BF83EAB4
:101990000C039BB283EA5516F7074FEA530344BF83
:1019A00083EA0C039BB283EA9516F6074FEA5303CA
:1019B00044BF83EA0C039BB283EAD515ED074FEAD7
:1019C000530348BF83EA0C0302F1010248BF9BB2F4
:1019D000B2F5807F21F8023F0AD012F0010695B2DD
:1019E000ADD1334637464FF4A0484AF20109B0E77B
:1019F00001238EF8003000288AD14FF6FF7210467E
:101A0000BDE8F083A40C0020A20C0020A40E00204E
:101A100038B50B465400154601462246184604F0D8
:101A200084FF7DB10146431C221891F801C013F8D0
:101A3000010C03F801CC0231914203F1020301F8D9
:101A4000010CF2D138BD00BF30B5CDB0144605460B
:101A50004FF4967201A804F068FF62007CB102F5B1
:101A600098710DEB010E01ABAEF5967E197893F8E7
:101A700001C083F800C0597002337345F6D101A943
:101A8000284604F052FF4DB030BD00BF08B5084BEA
:101A9000B3F868040004FEF76DFD00224FF07C539C
:101AA000FEF7D2FDFFF7A8F800EE100A08BD00BF50
:101AB0009014002008B5074BB3F88802FEF75AFDD2
:101AC00000224FF07C53FEF7BFFDFFF795F800EEC4
:101AD000100A08BD90140020054BDFED067AB3F81C
:101AE0000A3200EE103AB8EE400A30EE670A70474C
:101AF000901400200000204208B50F4BB3F80208F4
:101B000007EE900AF8EE677A17EE900AFEF744FDAA
:101B100007A3D3E90023FEF797FD084B0022FEF749
:101B2000DBFBFFF769F800EE100A08BDAFF3008099
:101B30007B14AE47E17A843F9014002000004440BB
:101B4000034BB3F8043800EE103ABBEECE0A7047F0
:101B50009014002008B50C4BB3F81C0207EE900A55
:101B6000F8EE677A17EE900AFEF716FD074B002293
:101B7000FEF76AFD064B0022FEF7AEFBFFF73CF8CE
:101B800000EE100A08BD00BF901400200000E03FE6
:101B900000005040054BDFED067AB3F81E3200EE30
:101BA000103AB8EE400A30EE670A704790140020F1
:101BB00000002042CB0710B512D4144B1B68B3F5BC
:101BC000FA6F0CD9124A1378062B1AD0092B06D1BA
:101BD0000A241049104B147003C983E8030010BD98
:101BE0000C4B0A4A4021044601F026FA58B900225B
:101BF0000121204601F0C2FA0028DED0FFF7BEFB2B
:101C0000DBE70724E5E7FFF7B9FBF0E7D80F002093
:101C100033100020D00F0020C80F0020F0B4484A35
:101C200082B05178002301931378412914BF033BFC
:101C3000023BDBB203F1FF3314BF5168D2F803104B
:101C4000032B7AD8DFE803F0635F1B0209BA019126
:101C50003C490B78072B20D00A2B51D13A483B4CFA
:101C6000037804EBC30CBCF80640002C57D0019A53
:101C7000FF2A36D9364A019D22F8145031E00B0470
:101C800001F47F4003F47F03C1F3074103430B4397
:101C90002C4901930B78072BDED12E4C2E4D237847
:101CA00005EBC300C088002834D19278DDF804C069
:101CB0000198274E02F5807702F50072000C26F895
:101CC00017C026F812005A1CD2B21F482270172AD9
:101CD000037804D035F83220B2F5E06F01D200224B
:101CE00022700133DBB20522172B03700A7005D076
:101CF000164A32F83330B3F5E06F01D20023037097
:101D000002B0F0BC704749BA89B20191A0E7C9B2EC
:101D100001919DE70E4A019E22F81060D3E7927868
:101D2000019F019C0A4D02F5807602F50072240C99
:101D300025F8167025F81240D3E70023019387E7B2
:101D4000C80F002033100020C40F00200C0000201A
:101D500090140020C50F0020C400002010B51F4BB8
:101D60001F4C19781F4B34F83100186000220820EE
:101D7000C3E90122C3E90422C3E90622D8601A623A
:101D8000194B1A481B784FF0FF32052BC0E900228F
:101D900004D0082B19D1164A164C117804EBC10255
:101DA000C900528842700431625AFF2A0ED80222BA
:101DB0000270635A83700D4A0A490F4801F0DAF83D
:101DC00018B1BDE81040FFF7D9BA10BD0322027068
:101DD000625A120A8270635AC370ECE7C50F002082
:101DE000C400002008100020331000200010002044
:101DF000C40F00200C0000207C0A002008B50C4B0A
:101E00000C480021FF22197004F00FFD0A4801F070
:101E100099F830B908480022012101F0AFF918B94A
:101E200008BDFFF7ABFAF5E7BDE80840FFF7A6BA33
:101E300032100020A80E00207C0A00201049114812
:101E40000B88027801330B80092A0BD8DFE802F0F7
:101E50000F0A050A0A0A050A0A050B4A136813B194
:101E6000013B13607047094B01221A707047084A02
:101E7000138813B1013B138070470423037070472C
:101E8000301000203310002004000020A50E002098
:101E90000800002038B5764C2378013B092B11D877
:101EA000DFE803F0A115892863681105C211714BA1
:101EB00071491888A1F8020600221A80FFF74EFF28
:101EC0000923237038BDBDE83840FFF7A7BE6B4B30
:101ED0001A787AB16A4A6B49002018704FF47A7305
:101EE0000B6013782033DBB2602B89BF962313700D
:101EF00010700B60644B654803F1B8014FF0010CA2
:101F000005E0FF2A98BF00F802C08B4203D09A88F0
:101F10000833002AF5D15E4B4FF0010C03F1B801F4
:101F200005E0FF2A98BF00F802C0994203D09A88C2
:101F30000833002AF5D1554B002103E00131FF2978
:101F400000F0938013F8012B002AF7D05148524B30
:101F5000524A017003F5807013F8011F22F8021F26
:101F60008342F9D10523237038BDFFF7F7FE06231E
:101F7000237038BD414A1378002BA3D04849424D05
:101F80000B7840480133DBB24FF0000E82F800E0DE
:101F900035F833200B7096250560052020700AB1B6
:101FA000172B03D9002208230A7023703D4A138897
:101FB0000133138038BD32493B4A0B7852683B48A5
:101FC0004FEA531C203312BADBB240F82C20602BAE
:101FD0004FF001020B7022707FF674AF00220423D1
:101FE0000A70237038BD32493248002340F2DF7254
:101FF000C1E90133C1E90433C1E906330A600B6268
:1020000008224FF4817320F8033CCA601C4B4FF048
:10201000FF3202600271C21E1B782748937000F0E5
:10202000A9FF0223237038BD144B1A78002A3FF40D
:1020300049AF224A13490020187013780133DBB2EC
:1020400096200860172B4FF005012170137005D002
:102050000F4931F83330B3F5E06F01D2002313702C
:10206000174A13880133138038BD0B23237038BD02
:10207000331000203010002090140020A50E002006
:102080003210002004000020C4000020A80E002010
:102090000C000020A60E0020A70E00208E140020A9
:1020A000C50F00202E100020D00F0020A80F002008
:1020B00008100020031000207C0A0020C40F00201C
:1020C0002C100020014B1878704700BF38100020FA
:1020D0000B4B0C491B690A7803F001039A420AD0A2
:1020E000094802680132B2F57A7F026006D3002205
:1020F0000B7002607047044B00221A60704700BFEB
:1021000000080048381000203410002070B582B05C
:102110000B49019104230B480B4E0A4D0DEB0302B2
:102120004E2103F01FFD462404230DEB03024E2134
:102130002846019603F016FD013CF5D102B070BDB2
:102140008C880C087C0100202D290D0930B53A4CF3
:102150003A4D83B00421204603F0EEFC322000F01B
:102160001FFB04230DEB03024E212046019503F0D3
:1021700011FD322000F014FB04230DEB03024E216D
:102180002046019503F006FD012000F009FB042321
:102190000DEB03024E212046019503F0FBFC0A20C3
:1021A00000F0FEFA0423264801900DEB03024E21B5
:1021B000204603F0EFFC0A2000F0F2FA0423214845
:1021C00001900DEB03024E21204603F0E3FC0520B5
:1021D00000F0E6FA04231C4801900DEB03024E21A7
:1021E000204603F0D7FC052000F0DAFA0423174854
:1021F00001900DEB03024E21204603F0CBFC05209D
:1022000000F0CEFA052000F0CBFA0423104801902C
:102210000DEB03024E21204603F0BCFC052000F02C
:10222000BFFA04230B4D01950DEB03024E2120460E
:1022300003F0B0FC03B030BD7C0100203C380C083A
:102240002C280C082C288C880C088C880C081C184E
:102250000C086C680C08CCC8014803F011BD00BF25
:102260007C01002008B503F0F9FC074A136840F62A
:10227000C41101338B4201D8136008BD034B002009
:1022800001211060197008BDA01000209C100020D2
:102290002DE9F04383B0FFF715FFB14C0346B14879
:1022A000237003F0B3FCB04B1A78002A00F00581CC
:1022B000227800211970AD4B002A00F0018193E8CB
:1022C0000300AB4DAB4F29712860FFF7DFFB10EE29
:1022D000100AFEF761F902460B463846A649DFF8B8
:1022E000B892A64EA64C04F03DFAA64B93E8030024
:1022F0003B686B6089F80410C9F80000FFF720FC08
:1023000010EE100AFEF748F902460B4638469A4985
:1023100004F028FA9C4B3A68C9F8042093E80300BB
:1023200031713060FFF7D8FB10EE100AFEF734F978
:102330000B4602469049384604F014FA3B68736035
:10234000924B93E8030021712060FFF7D5FB10EE5C
:10235000100AFEF721F902460B463846864904F07A
:1023600001FA3B6863608A4B019304230DEB03027F
:102370007C484E2103F0F6FB2B78FBB17C4DDFF857
:102380002082784F03F0F001002261F307021B0165
:10239000DBB261F30F2263F3174263F31F6204237E
:1023A00042EA080C4E210DEB03023846CDF804C07A
:1023B00003F0D8FB15F8013F002BE3D1754B0193D7
:1023C00004230DEB030267484E2103F0CBFB99F881
:1023D0000030FBB1704DDFF8C881624F03F0F001AF
:1023E000002261F307021B01DBB261F30F2263F3EA
:1023F000174263F31F62042342EA080C4E210DEBDF
:1024000003023846CDF804C003F0ACFB15F8013FD9
:10241000002BE3D10423614A019252480DEB0302E1
:102420004E2103F09FFB3378F3B1544D5C4F4D4E7A
:1024300003F0F001002261F307021B01DBB261F33C
:102440000F2263F3174263F31F62042342EA070C6F
:102450004E210DEB03023046CDF804C003F082FBA1
:1024600015F8013F002BE3D104234E4901910DEBF8
:1024700003023C484E2103F075FB2378EBB1404D3D
:10248000474F384E03F0F001002261F307021B01B1
:10249000DBB261F30F2263F3174263F31F6204237D
:1024A00042EA07044E210DEB03023046019403F08B
:1024B00059FB15F8013F002BE4D103B0BDE8F083D0
:1024C00093E803002B4F2A4DDFF8CC90286022A31D
:1024D000D3E90023297138462749284E284C04F0B7
:1024E00041F9FFF7D3FAFCEEC07A394617EE902A8D
:1024F000281D04F01AFA2C4B93E8030089F8041005
:10250000C9F80000FFF7D6FA10EE100AFEF744F8FB
:1025100002460B463846184904F024F9234B3A6822
:10252000C9F8042093E8030031713060FFF712FB13
:1025300010EE100AFEF730F802460B4638460E49F8
:1025400004F010F93B687360194B93E803002171A4
:102550002060FFF71FFBFAE66666666666662D403A
:10256000391000207C0100209C100020F089000818
:10257000941000203C100020F889000884100020EE
:102580007C100020148A00081C8A0008248A000895
:102590008C880C088C888C888C100020CCC80C0887
:1025A0000D090D09CCC88C88FC890008048A000834
:1025B0000C8A00082DE9F043DFF8D480314CB8F8DC
:1025C000042098F80130B8F80200637052BA92B251
:1025D0005700BDB2E91C40BA1FFA81F9062B4FF033
:1025E0006901CDB086B221703AD026D8033B012BC9
:1025F00010D825485FFA82F800EB4600424601A950
:10260000FFF706FA4FEA4802A27001A93A46E01C19
:1026100004F08BF9494605354F464E1CADB21948BA
:10262000FFF76CF9E055000AA055164917482A46ED
:1026300002F042FA4DB0BDE8F083102BEAD1124807
:1026400008F1070100EB4600D2B2FFF7FDF90627BB
:10265000D8F80230C4F80230082507263946DEE7EC
:1026600098E8030020600848A18000EB460008F1CC
:10267000040101220627FFF7E7F908250726394656
:10268000CDE700BFA810002090140020F80B002018
:102690009C1200200248034B018001221A707047EF
:1026A000A6100020A4100020704700BF08B54FF40A
:1026B00000520021054804F0B8F8BDE8084004497C
:1026C00004484FF4967203F017B900BF901400202D
:1026D0009C120020F80B002008B50A4B1A782AB18A
:1026E000094A12780021692A197007D0BDE808400C
:1026F000054906484FF4967203F0FEB8FFF75AFFFB
:10270000F4E700BFA41000209C120020F80B00206A
:1027100038B50F4B1B680BB9012038BD0D494FF47C
:102720007A720546B2FBF3F30868B0FBF3F000F0F1
:10273000A5F804460028EFD10F2DEDD80246294612
:102740004FF0FF3000F050F8034B20461D6038BDBD
:1027500088080020000000208C08002010B503200D
:1027600000F030F80F20FFF7D3FF10B1012420460E
:1027700010BD0446FEF704FE204610BD034A04497E
:10278000136809680B441360704700BF9034002041
:1027900088080020014B1868704700BF9034002063
:1027A00038B50446FFF7F6FF631C054602D0044B1C
:1027B0001B681C44FFF7EEFF401BA042FAD338BD54
:1027C000880800200749CA6803024FF6FF0003F497
:1027D000E0630240134343F0BF6343F40033CB6034
:1027E000704700BF00ED00E01B4BDB68C3F3022322
:1027F00000B5C3F1070EBEF1040F03F1040C28BFAE
:102800004FF0040EBCF1060F1CD9A3F1030C4FF0DE
:10281000FF3303FA0CF322EA03024FF0FF3303FA0B
:102820000EF321EA030303FA0CF313431B01002800
:10283000DBB20ADB00F1604000F5614080F8003354
:102840005DF804FB00229446E7E7044A00F00F001D
:10285000024413765DF804FB00ED00E0FCEC00E0C0
:10286000002807DB044A4109012300F01F008340D0
:1028700042F82130704700BF00E100E00138B0F1BC
:10288000807F01D30120704710B44FF0E023074C44
:1028900058614FF0F00C84F823C000220721104645
:1028A0009A615DF8044B1961704700BF00ED00E0CC
:1028B000002876D0F0B43C4A0468944203465CD9C0
:1028C0003A493B4A3B482144A2FB012109098900BE
:1028D00002229D6883F82520DA68354E364FC3E919
:1028E000100118692A430243586902439869024358
:1028F000206820F4FF4CD8690243E0B20838A6FBF8
:1029000000601E6A2CF0700C324342EA0C02226016
:10291000254E2A4AC0F30410B44298BF3A4606F244
:102920007946012404FA00F0DE64B5F5804F01EB2E
:10293000020618659E644FEA910127D05E68F5B2E1
:10294000013E032E42F82150C7F8840024D81C4AC7
:102950001C482A449200013DAC400021C3E91520E7
:10296000DC651160184A546400200122D86383F8A2
:10297000240083F82520F0BC704714490C4A144801
:102980002144A2FB012109098900A1E700245C6020
:1029900042F82140C7F884000022C3E91522DA6515
:1029A000E2E70120704700BF07040240F8FBFDBFCB
:1029B000CDCCCCCC000402400008024020080240EC
:1029C0003F8200104009024000090240F8FFFDBFAD
:1029D00000000240F0B490F82440012C09D00124FA
:1029E00080F8244090F82540012C05D0002380F881
:1029F00024300220F0BC7047022480F825400024D7
:102A0000C4630468C66C256825F001052560D0E91B
:102A10001475776015B1D0E916677760466C076C5E
:102A200006F01F0C012606FA0CF67E6063608368D0
:102A3000102B036B0BBFA260A160E160E260BBB131
:102A4000236843F00E032360836C1A68D20303D516
:102A50001A6842F480721A601DB12B6843F48073C7
:102A60002B60236843F0010300202360F0BC704713
:102A7000236823F004032360236843F00A032360E0
:102A8000E2E700BF90F82520022A034609D004227D
:102A9000C26301210022012083F8251083F824203D
:102AA00070470268596C30B4846C10681D6C20F05B
:102AB0000E001060206820F480702060106820F004
:102AC0000100106001F01F0101228A40D3E9144186
:102AD000D86C6A60446031B10A68D3E9160422F404
:102AE00080720A6044600121002283F8251083F877
:102AF0002420002030BC704738B590F82530022BD8
:102B000009D0012304210022C16380F8242080F829
:102B10002530184638BD0368846C1968426C056C12
:102B200021F00E011960196821F001011960236874
:102B3000C16C23F48073236002F01F0201239340D1
:102B4000D0E914426B604C6032B11368D0E91614BE
:102B500023F4807313604C60836B0121002280F8A2
:102B6000251080F8242003B19847002038BD00BF0D
:102B700070B4436C066C056831682C6803F01F0361
:102B800004229A400A420ED014F0040F0BD02B6896
:102B90009B0603D42B6823F004032B60036B726045
:102BA000CBB170BC184702229A400A4215D014F0EB
:102BB000020F12D02B68990606D42B6823F00A0363
:102BC0002B60012380F82530C36A7260002180F8F1
:102BD0002410002BE5D170BC704708229A400A42AD
:102BE000F9D02207F7D52A68416B22F00E022A603D
:102BF000012202FA03F300247360C26380F82440C8
:102C000080F825200029E6D070BC0847002800F095
:102C10001C812DE9F04190F85C30044603F0FF027E
:102C2000002B73D02268936923F010039361FFF7A0
:102C3000B1FD054604E0FFF7ADFD401B0A285BD857
:102C400023689A691207F6D49A6942F001029A61E0
:102C5000FFF7A0FD054604E0FFF79CFD401B0A2896
:102C60004AD821688B69DB07F6D58B697F4A43F028
:102C7000020391428B6100F0D580237C012B8B698C
:102C80000CBF23F0400343F040038B61637C012BB6
:102C90008B690CBF43F4804323F480438B61A37C96
:102CA000012B8B690CBF23F4805343F480538B6159
:102CB0008B69A068E26823F4407303438B618B69DE
:102CC00023F0A4038B610B69012A23F010030B612D
:102CD00021D022B3022A8B6900F0C48043F0800324
:102CE0008B610B69032A43F010030B6117D18B69C9
:102CF00043F020038B6112E0236E032243F00103B3
:102D0000236684F85C200120BDE8F08180F85D2016
:102D1000FEF7A6F986E78B6943F004038B61D4E9DB
:102D20000623013B013A1B0243EA4263226A013A4D
:102D300013436269013A43EA0243B0F5407FCB6135
:102D40000ED1D4E90B03A26A013B01381B01013A01
:102D500043EA00231343626A013A43EA0243CB6029
:102D6000D1F8C030E06B424A03439142C1F8C03011
:102D70006DD04048404B414E414D424F814202F59B
:102D80007D5202F1100208BF1A46A3F1D80308BF12
:102D9000984600F56250A3F1180300F1300008BF17
:102DA0001E46A3F1D8030CBF1F468446A3F1D803E7
:102DB000A0F140000CBF9C468646A3F1400300F5FD
:102DC000C6600CBF9E46A846A3F5E26308BF034653
:102DD000D1F88000656B236420F4F81040EA0540C8
:102DE000C1F88000D1F88000A56BC4F844E020F061
:102DF000706040EA0560C1F88000591C9142C4E946
:102E000012C72665C4F8548011D9002143F8041B69
:102E10009342FBD300200123206684F85C30A06538
:102E2000BDE8F081184B6268C3F8002525E7013A38
:102E3000D21A92080132520803EBC202002000218C
:102E4000E3E802019A42FBD1E4E7012070470F4A10
:102E5000DFF848800E4E0F4FDFF844C0DFF844E043
:102E60000D4BB5E743F020038B6158E70064004049
:102E700000680040006C0040F0AD004060A60040DB
:102E800078A6004088A5004000600040A0AA00404D
:102E9000B0A90040D8A8004050A70040C8A90040F1
:102EA00000A80040C0A7004090F85C20013A012A29
:102EB000034605D9026E42F0020201201A667047ED
:102EC00070B4D1E902250E6808694C694968920717
:102ED00056B942EAC56222431B6C42EA004270BC0A
:102EE000002043F8212070475B6C40EA457043F8AE
:102EF000310003EBC1032243002070BC5A607047CD
:102F0000844690F85C00012807D0DCF8603043F07C
:102F100004030120CCF86030704710B40198DCF84D
:102F2000004040EA4303D4F8800043EA820242EAC8
:102F3000011120F03F030B43C4F8803000205DF8FE
:102F4000044B704790F85C20012A034605D0026EBE
:102F500042F0040201201A6670470068022283F8DA
:102F60005C208269002122F0010282610846196614
:102F7000704700BFF0B590F85C30022B86460BD14D
:102F80000568D5F8C43013F4001C0BD0036E43F46D
:102F9000007303660120F0BD036E43F0080303666F
:102FA0000120F0BDD5F8C4604B680F6988680C68D3
:102FB000C6F30146002B37D1074347EA8447D1E9DE
:102FC000060303434869CC680343086A43EA006385
:102FD00043EA0443DEF8540006EBC60440F83470BC
:102FE00000EBC400134C4360CB68E35CA3B193785F
:102FF000D7781B0443EA076317783B43577843EAC3
:10300000072300EB0C070CF1040CBB60CB68E35CFE
:103010009C4502F10402EAD30123B340C5F8CC3049
:103020000020CEF85830F0BD2743074347F08047D3
:10303000C5E700BF2C8A00082DE9F04190F85C40FC
:10304000022C0DD14029056810D0D5F898402707EB
:103050006FD1036E43F4807303660120BDE8F081F5
:10306000036E43F0080303660120F7E7D5F89040AC
:103070002707EED0D5F89060C6F30064F60148BF8C
:10308000D5F88040D5F8907048BFC4F34024C7F30A
:10309000012707EB0408846C08EBC80604EBC604A0
:1030A000266806F080465660002E5ED12668C6F37C
:1030B0008A461660266806F000569660266806F076
:1030C00000461661A688D661B4F806C00CF00F0C55
:1030D000C2F80CC0666806F480165661666806F48D
:1030E00000169661E67906F07F061662224E676842
:1030F00016F80CE04FEAD77CC2F824C0BEF1000FEE
:1031000010D0013B04F1070EF4461EF8015F03F8EE
:10311000015FD568ACF1060C755DACEB040C654540
:10312000F2D80568402924D0C5F89C800020BDE86D
:10313000F081D5F89860C6F30064F60148BFD5F871
:103140008040D5F8987048BFC4F30024C7F3012726
:1031500007EB0408C46C08EBC80604EBC604266839
:1031600006F080465660002EA0D0266826F0604605
:103170009FE7C5F89480D9E72C8A0008034690F8A9
:103180005C000138012805D91A6E42F002020120C4
:103190001A6670471B6870B411F00705986D01F04E
:1031A000380409D0C60707D4DD6D45F00105DD659B
:1031B00054B184072FD407E004B386071ED4DE6D14
:1031C00046F00106DE6525BB11F4E07F01D046071D
:1031D00021D411F4F05F01D005071CD411F4604F25
:1031E00001D0C40617D411F4403F01D0860612D492
:1031F00011F47C0F13D045060DD410E011F4E07FDC
:1032000021D046071FD4DE6D46F00106DE65002D95
:10321000CED0C507CCD5D86D40F00200D8650C06DD
:1032200004D5D3F8DC001043C3F8DC00C80504D58E
:10323000D3F8E0000243C3F8E0205A6D0A430020AF
:1032400070BC5A65704711F4F05F01D00607DAD5FB
:1032500011F4604F01D0C606D5D511F4403F01D01E
:103260008606D0D511F47C0FD1D04606CBD5002DE3
:103270009ED0CEE7704700BF704700BF704700BFC9
:10328000704700BF704700BF704700BF704700BF66
:10329000704700BF704700BF704700BF2DE9F84F6F
:1032A00003681A6D596D02EA010A1A6D596D02EA36
:1032B00001091A6D596D1E6D02EA01085A6D1F6DE4
:1032C00016405A6DD3F854B01D6D17406906044678
:1032D0000AF4E05A09F0070908F0380806F4710604
:1032E00007F4602702D51BF0400F72D1EA0502D522
:1032F0001BF4807F5DD1BAF1000F4AD1B9F1000F04
:1033000035D1B8F1000F3CD1AB0502D51BF4007FDD
:1033100074D1280602D51BF0800F77D1A90402D5FD
:103320001BF4005F5AD12A0402D51BF4004F5DD173
:103330006B040AD51BF4804F07D023684FF48042FA
:103340001A65236E43F0800323664FB926B12368C4
:103350001E65236E33432366236E2BBBBDE8F88FB7
:10336000236839461F652046FFF796FFEEE723687E
:103370004946C3F850902046FEF71CFCB8F1000FF8
:10338000C2D023684146C3F850802046FFF774FF3F
:10339000BAE723685146C3F850A02046FFF76AFFFA
:1033A000B9F1000FADD0E2E72046FFF773FFBDE8AB
:1033B000F88F2368D3F8D810D3F8E0204FF480704A
:1033C000186511402046FFF75DFFBAF1000F95D058
:1033D000DFE740221A65FFF75BFF87E723684FF4BA
:1033E00000521A652046FFF74FFF9CE723684FF411
:1033F00000421A652046FFF749FF99E723684FF41A
:1034000000721A652046FFF739FF82E72368D3F878
:10341000D410D3F8DC208020186511402046FFF737
:103420002FFF7BE72DE9F04F0C6885B0002C00F0F2
:10343000898000234FF0010B0BFA03FE1EEA040AF9
:103440007BD04D6805F003024FEA430C032602F1DE
:10345000FF3806FA0CF7B8F1010F6FEA070774D9C5
:10346000032A40F0B08002FA0CF2D0F800C00CEA57
:1034700007073A4315F4403F02605ED0664F3A6E4C
:1034800042F001023A663A6E02F001020392039A98
:1034900023F0030202F1804202F5803203F0030CB4
:1034A00097684FEA8C0C0F2606FA0CFEB0F1904F8D
:1034B00027EA0E071DD0594EB04200F09780584EB3
:1034C000B04200F09A80DFF860E1704500F087803C
:1034D000DFF858E1704500F09780DFF854E170455F
:1034E0000CBF4FF0050E4FF0060E0EFA0CFC47EA2B
:1034F0000C0797604B4A9268EE026FEA0A07494E42
:1035000054BF3A404AEA0202B260F268AE02454E47
:1035100054BF3A404AEA0202F2607268AE03414E7A
:1035200054BF3A404AEA020272603268ED033D4DF0
:1035300054BF3A404AEA02022A60013334FA03F2E5
:103540007FF47AAF05B0BDE8F08FD0F80890CE6870
:1035500009EA070906FA0CF848EA0908C0F80880E1
:10356000D0F804808E6828EA0E08C5F3001E0EFA13
:1035700003FE4EEA080EC0F804E0D0F80C8006FA0C
:103580000CFE08EA07084EEA080E022AC0F80CE012
:103590007FF469AF0E694FEAD30803F0070E00EB22
:1035A00088084FEA8E0E06FA0EF6D8F8209001969B
:1035B0000F2606FA0EFE019E29EA0E0946EA090EBA
:1035C000C8F820E04FE7D0F80C808E6808EA0708BA
:1035D00006FA0CFE4EEA080EC0F80CE043E74FF086
:1035E000030E0EFA0CFC47EA0C0782E74FF0010EBF
:1035F0000EFA0CFC47EA0C077BE74FF0020E0EFABE
:103600000CFC47EA0C0774E74FF0040E0EFA0CFCB2
:1036100047EA0C076DE700BF0010024000040048B5
:103620000008004800040140000C00480010004859
:10363000001400480AB1816170478162704700BF81
:10364000436901EA030221EA030141EA024181617F
:10365000704700BF354A136860B903F4C063B3F51F
:10366000806FD2F880301BD023F48073C2F8803092
:1036700000207047B0F5007F06D023F4C06343F408
:10368000806313600020704703F4C063B3F5806F5C
:10369000D2F8803029D043F48073C2F88030F1E74B
:1036A00023F48073C2F8803013682148214923F441
:1036B000C06343F4007313600368322000FB03F31C
:1036C0005069A1FB03139B0C400503F1010306D5D0
:1036D00000E023B15169490503F1FF33F9D4134BDD
:1036E0005B695B05CED50320704743F48073C2F855
:1036F000803013680E480F4923F4C06343F400730D
:1037000013600368322000FB03F35069A1FB03132D
:103710009B0C400503F10103E1D501E0002BDED055
:103720005169490503F1FF33D9D5F7E7007000402F
:103730000000002083DE1B43024A936843F4804369
:103740009360704700700040002800F0BD812DE9B3
:10375000F0410368D90782B0044612D5A6498A68A9
:10376000C96802F00C020C2A00F0D080082A40F050
:10377000D280A14A1268920303D56268002A00F041
:1037800037819A0722D59C4A9368D26803F00C03CC
:103790000C2B00F0F880042B40F0FA80964B1B684D
:1037A0005B0503D5E368002B00F02281924A206973
:1037B0005368924923F0FE4343EA0063536008686C
:1037C000FEF7A6FF002840F0138123681A0719D5D9
:1037D0006369894D002B00F0C280D5F8943043F026
:1037E0000103C5F89430FEF7D5FF064605E0FEF765
:1037F000D1FF801B022800F21781D5F894309B0777
:10380000F5D523685D0741D57B4B9A6DD00000F15B
:103810000F819A6D42F080529A659B6D03F0805340
:103820000193019B0125764E3368D90540F12E8125
:10383000A368012B00F0FE80052B00F084816E4E02
:10384000D6F8902022F00102C6F89020D6F89020F9
:1038500022F00402C6F89020002B40F0F280FEF720
:1038600099FF41F28838074605E0FEF793FFC01B39
:10387000404500F2D980D6F890309907F5D425B1AB
:103880005D4A936D23F08053936523689A0618D59B
:10389000A369594D002B00F0E580D5F8983043F02E
:1038A0000103C5F89830FEF775FF064605E0FEF700
:1038B00071FF801B022800F2B780D5F898309B0773
:1038C000F5D5E369F3B14C4DAA6802F00C020C2A5D
:1038D00000F04781022B2B6823F080732B6000F0EF
:1038E000F580FEF757FF044605E0FEF753FF001B87
:1038F000022800F299802B689B01F6D4EA68414BBC
:103900001340EB60002002B0BDE8F08101F003013C
:1039100003293FF42EAF6368B3F5803F55D0B3F56C
:10392000A02F00F0C480344D2A6822F480322A602F
:103930002A6822F480222A60002B4BD1FEF72AFF4E
:10394000064604E0FEF726FF801B64286CD82B682F
:103950009903F7D423689A077FF538AF13E7D5F8B2
:10396000943023F00103C5F89430FEF713FF0646A8
:1039700004E0FEF70FFF801B022855D8D5F89430DD
:103980009F07F6D43DE702F00302022A3FF406AF98
:10399000E368194D002B37D02B6843F480732B60FC
:1039A000FEF7F8FE064604E0FEF7F4FE801B022850
:1039B0003AD82B685F05F7D56B68226923F0FE4380
:1039C00043EA02636B60236800E70B4A136843F421
:1039D00080331360FEF7DEFE074E054604E0FEF777
:1039E000D9FE401B64281FD833689F03F7D5B1E781
:1039F000012002B0BDE8F081001002408C080020D8
:103A000000700040FCFFEEFE2B6823F480732B60F7
:103A1000FEF7C0FE06462B6859057FF5D6AEFEF7C9
:103A2000B9FE801B0228F6D9032002B0BDE8F08160
:103A30000025F8E6654AD2F8903043F00103C2F859
:103A40009030FEF7A7FE614F064641F2883804E049
:103A5000FEF7A0FE801B4045E6D8D7F890309B07C4
:103A6000F6D50CE7D5F8983023F00103C5F8983067
:103A7000FEF790FE064604E0FEF78CFE801B02284F
:103A8000D2D8D5F898309F07F6D41AE7336843F4B4
:103A900080733360FEF77EFE07463368DA053FF534
:103AA000C7AEFEF777FEC01B0228F6D9BCE703F1CC
:103AB0008043A3F53C331A6842F480221A601A68E6
:103AC00042F480321A6085E701207047FEF762FEFB
:103AD000064604E0FEF75EFE801B0228A4D82B6891
:103AE0009901F7D4E9683A4B226A606A374E0B4075
:103AF0001343D4E90A1243EA012343EAC263D4E937
:103B00000C120138490843EA00130139520843EA0C
:103B10004153013A43EA4263EB602B6843F0807300
:103B20002B60EB6843F08073EB60FEF733FE0446D6
:103B300005E0FEF72FFE001B02283FF675AF336845
:103B40009A01F6D5DEE6214BD3F8902042F004022C
:103B5000C3F89020D3F8902042F00102C3F89020DF
:103B60006FE7012B3FF444AFEB68226A03F00301D7
:103B700091427FF43DAF616A03F0F0020139B2EB8C
:103B8000011F7FF435AFA16A03F4FE42B2EB012FAF
:103B90007FF42EAFE16A03F07842B2EBC16F7FF49D
:103BA00027AF226B520803F4C001013AB1EB425F28
:103BB0007FF41EAF626B520803F0C063013AB3EBAF
:103BC000426F14BF012000209DE600BF001002409C
:103BD0000C809F01184B9A6802F00C02042A26D030
:103BE0009A6802F00C02082A23D09A6802F00C02AC
:103BF0000C2A01D000207047D968DA68D86801F033
:103C000003010329C2F30312C0F306200CBF0B4BC0
:103C10000B4B0132B3FBF2F303FB00F0064BDB6806
:103C2000C3F3416301335B00B0FBF3F0704704481A
:103C300070470248704700BF00100240001BB700E9
:103C40000024F400002800F0EE80784A2DE9F843C3
:103C5000136803F00F038B420D4604460CD2136821
:103C600023F00F030B431360136803F00F038B4221
:103C700002D00120BDE8F8832368DF0769D56768B3
:103C8000032F00F0A0806A4B022F1B6800F0978082
:103C90005B05EED5FFF79EFF664B984240F2C08071
:103CA000634A936823F0F00343F0800393604FF07E
:103CB00080095F4EB36823F003033B43B360FEF714
:103CC00069FD41F28838074604E0FEF763FDC01B3A
:103CD000404571D8B368626803F00C03B3EB820F00
:103CE000F3D123689F0736D4B9F1000F03D0B3682E
:103CF00023F0F003B3604D4E336803F00F03AB4283
:103D000046D823685A0706D54949E0688A6822F4EC
:103D1000E06202438A601B0707D5454A2169936820
:103D200023F4605343EAC1039360FFF753FF404A13
:103D3000414C92684149C2F303120346A25C4048D9
:103D400002F01F02D3400B600068BDE8F843FEF7A5
:103D5000DFBC9E07CFD5580704D535498A6842F4A1
:103D6000E0628A60190706D5314A936823F47C53D0
:103D700043F4E06393602E4AA16893682B4E23F0CE
:103D8000F0030B439360336803F00F03AB42B8D9E1
:103D9000336823F00F032B433360FEF7FBFC41F243
:103DA00088380746336803F00F03AB42A9D0FEF70B
:103DB000F1FCC01B4045F5D90320BDE8F8839A0308
:103DC0003FF568AF55E71A4A116888017FF551AF92
:103DD000D068D168D268174E00F003000328C1F301
:103DE00003110CBF174818480131B0FBF1F110481E
:103DF000C2F3062201FB02F2C168C1F34161013145
:103E00004900B2FBF1F2B2420AD9826812F0F00F17
:103E10003FF446AF990703D5A368002B3FF440AFAA
:103E20004FF0000945E70120704700BF0020024025
:103E30000010024000B4C404E08900080000002023
:103E40008C080020001BB7000024F400054B064A34
:103E50009B680649C3F302230868D35C03F01F0381
:103E6000D840704700100240D889000800000020A8
:103E7000054B064A9B680649C3F3C2230868D35C16
:103E800003F01F03D840704700100240D889000893
:103E9000000000202DE9F0410368044613F40020DF
:103EA00082B052D0AC4B9A6DD50040F13A810027D8
:103EB000AA4D2B6843F480732B60FEF76BFC06461B
:103EC00005E0FEF767FC831B022B00F235812B68AF
:103ED000D805F6D5A04D226DD5F8903013F4407377
:103EE00026D0934224D0D5F89010D5F8903043F4E2
:103EF0008033C5F89030D5F8903023F48033C5F87E
:103F0000903021F44073C907C5F8903010D5FEF702
:103F100041FC41F28838064605E0FEF73BFC801B79
:103F2000404500F20981D5F890309B07F5D5226D08
:103F30008949D1F8903023F440731343C1F890308D
:103F400023680020002F40F0FC80DD0708D582495F
:103F50006568D1F8882022F003022A43C1F888203E
:103F6000990708D57C49A568D1F8882022F00C0271
:103F70002A43C1F888205A0708D57749E568D1F85F
:103F8000882022F030022A43C1F888201F0708D574
:103F900071492569D1F8882022F0C0022A43C1F86E
:103FA0008820DE0608D56C496569D1F8882022F49E
:103FB00040722A43C1F888209D0608D56649A56944
:103FC000D1F8882022F440622A43C1F8882059069B
:103FD00008D56149E569D1F8882022F440522A4386
:103FE000C1F888201A0608D55B49256AD1F88820CF
:103FF00022F440422A43C1F88820DF0508D55649FB
:10400000656AD1F8882022F440322A43C1F888201A
:104010009E0308D55049A56AD1F89C2022F00302DE
:104020002A43C1F89C209D0508D54B49E56AD1F883
:10403000882022F440222A43C1F8882059050BD554
:104040004549256BD1F8882022F440122A43B5F562
:10405000801FC1F888207AD01A050BD53E49656BC0
:10406000D1F8882022F440022A43B5F5800FC1F828
:10407000882075D0DF040BD53749A56BD1F888208F
:1040800022F040722A43B5F1807FC1F888206CD0BD
:104090009E040BD53049E56BD1F8882022F04062B0
:1040A0002A43B5F1006FC1F8882063D05D040BD5B9
:1040B0002949256CD1F8882022F040622A43B5F1C5
:1040C000006FC1F888205AD019040BD52249656CBD
:1040D000D1F8882022F040522A43B5F1805FC1F820
:1040E000882051D0DA030BD51B49A56CD1F8882064
:1040F00022F040422A43B5F1804FC1F8882048D0D1
:104100005B030BD5144AE16CD2F89C3023F44013C6
:104110000B43B1F5001FC2F89C303FD002B0BDE8A0
:10412000F0819A6D42F080529A659B6D03F0805346
:104130000193019B0127BBE623680320002F3FF476
:1041400004AF05498A6D22F080528A65FDE6CA688F
:1041500042F48012CA607FE7001002400070004005
:10416000CA6842F48012CA6084E7CA6842F48012C6
:10417000CA608DE7CA6842F48012CA6096E7CA68CE
:1041800042F48012CA609FE7CA6842F48032CA6073
:10419000A8E7CA6842F48032CA60B1E7D36843F442
:1041A0008013D36002B0BDE8F08100BF036A026AE9
:1041B00022F00102026270B4446882690D6822F440
:1041C000803222F073022A438D6823F002032B43CE
:1041D000154DA84213D005F50065A8420FD005F58E
:1041E0004065A8420BD005F58065A84207D005F5CB
:1041F0008065A84203D005F50065A8420DD1CD68C1
:1042000023F008032B43D1E9056524F4407446EA02
:10421000050C23F004034CEA0404496844608261FD
:1042200070BC416303627047002C0140036A026A5C
:1042300022F48072026270B44468C2690D6822F48C
:10424000803222F073022A438D6823F4007343EA1C
:104250000523164DA84213D005F50065A8420FD0DE
:1042600005F5E055A8420BD0A5F58055A8420ED023
:104270000F4DA8420BD005F58065A8420FD106E08E
:10428000CD6823F4006343EA052323F48063D1E976
:10429000056524F4405446EA050C44EA0C144968C8
:1042A0004460C26170BCC16303627047002C01406E
:1042B00000440140036A026A22F48052026270B430
:1042C0004468C2690D6822F0807222F4E64242EA34
:1042D00005228D6823F4005343EA0533164DA842A6
:1042E00013D005F50065A8420FD005F5E055A842AA
:1042F0000BD0A5F58055A8420ED0104DA8420BD08A
:1043000005F58065A8420FD106E0CD6823F400438F
:1043100043EA053323F48043D1E9056524F440449E
:1043200046EA050C44EA8C1449684460C26170BCDA
:1043300001640362704700BF002C0140004401404B
:1043400090F83D30012B32D103681A49022280F8DF
:104350003D20DA688B4242F00102DA6019D0B3F1F5
:10436000804F16D0144A934213D002F580629342D4
:104370000FD002F5806293420BD002F59432934243
:1043800007D002F54062934203D002F58052934277
:1043900007D19968094A0A40062A06D0B2F5803F3B
:1043A00003D01A6842F001021A6000207047012011
:1043B000704700BF002C01400004004007000100CE
:1043C000002800F0998038B590F83D30044603F09D
:1043D000FF02002B7DD023684849022284F83D204B
:1043E0008B421A6861D0B3F1804F29D0A1F5943186
:1043F0008B4225D001F580618B4221D001F580618F
:104400008B421DD001F594318B424ED001F5E05125
:104410008B424AD0A1F580518B425FD001F580617B
:104420008B425BD001F580618B4257D0A5696168F2
:10443000E06822F080022A431A60D862996210E094
:10444000A168206922F070020A4322F44072A16937
:10445000024322F08002E0680A4361681A60D86271
:10446000996201225A611A69D20703D51A6922F0AA
:1044700001021A61012384F8483084F83E3084F840
:104480003F3084F8403084F8413084F8423084F87A
:10449000433084F8443084F8453084F8463084F85A
:1044A000473084F83D30002038BDA068216922F0F3
:1044B0007002024322F440720A43A16922F0800292
:1044C0000A431A60E268DA6262689A6262691A6391
:1044D000C7E780F83C20FDF773F87CE72069A16905
:1044E00022F44072024322F08002E0680A436168CD
:1044F0001A60D8629962E9E701207047002C0140F8
:10450000704700BF704700BF704700BF704700BFD3
:10451000704700BFF8B50368DE681C69A10705464F
:1045200001D5B2076ED4600701D5710757D42207B1
:1045300001D5330740D4E10601D5F20628D4E307BC
:1045400001D5F7077CD414F4025F04F4807769D0B6
:1045500030067DD4620602D5730600F18B80A70673
:1045600002D5B00600F18E80E10202D5F20200F120
:104570009180A30202D5B70200F19480600202D5B7
:10458000710200F19780220201D533024FD4F8BDA9
:104590002B686FF010021A6108222A77DB6913F486
:1045A000407F284640F09780FFF7ACFF2846FFF792
:1045B000ADFF00232B77C2E72B686FF008021A616A
:1045C00004222A77DB699F07284640F08180FFF7A5
:1045D00099FF2846FFF79AFF00232B77ABE72B685C
:1045E0006FF004021A6102222A779B6913F4407F5C
:1045F00028466AD1FFF786FF2846FFF787FF00238A
:104600002B7794E76FF002021A61012202779B690F
:104610009F0757D1FFF776FF2846FFF777FF002364
:104620002B7780E7002F95D031061BD492E72B68BB
:104630006FF400021A612846BDE8F84000F03ABA6B
:104640002B686FF001021A612846FFF759FF7AE7DD
:104650002B686FF402521A61284600F021FA002FED
:104660003FF478AF2B686FF480721A61284600F02F
:1046700019FA6FE72B686FF040021A612846FFF7BE
:1046800047FF6CE72B686FF020021A61284600F0A4
:1046900005FA69E72B686FF480121A61284600F06A
:1046A00003FA66E72B686FF400121A61284600F0DF
:1046B000FDF963E72B686FF480021A61284600F069
:1046C000F7F960E7FFF720FFA9E7FFF71DFF96E77F
:1046D000FFF71AFF80E7FFF717FF6AE7036A026A2E
:1046E00022F01002026270B4446882690D6822F000
:1046F000807222F4E64242EA05228D6823F020030C
:1047000043EA0513164DA84213D005F50065A842EB
:104710000FD005F5E055A8420BD0A5F58055A8426D
:104720000ED0104DA8420BD005F58065A8420FD1E0
:1047300006E0CD6823F0800343EA051323F040032D
:10474000D1E9056524F4406446EA050C44EA8C048A
:1047500049684460826170BC81630362704700BF36
:10476000002C01400044014090F83C30012B00F047
:10477000E480012370B504460D4680F83C30142ACD
:104780000CD8DFE802F0530B0B0B670B0B0B780B0D
:104790000B0B880B0B0B990B0B0B1000002384F8F1
:1047A0003C30012070BD03682E681A6A196A21F432
:1047B000801119625868196D21F0807121F4E0416F
:1047C00041EA0621AE6822F4001242EA06525C4E2B
:1047D000B34213D006F50066B3420FD006F540662B
:1047E000B3420BD006F58066B34207D006F580666B
:1047F000B34203D006F50066B34204D16E6920F4DB
:10480000802040EA8620586019656968D9641A6278
:104810001A6D296942F400621A651A6D22F48062E9
:104820001A651A6D42EA01221A650EE00068FFF768
:10483000BDFC83692A6943F008038361836923F01F
:1048400004038361836913438361002384F83C304C
:10485000002070BD0068FFF741FF83692A6943F4B7
:1048600000638361836923F480638361836943EA1E
:1048700002238361E9E70068FFF7D8FCC3692A696E
:1048800043F00803C361C36923F00403C361C36930
:104890001343C361D9E70068FFF70CFDC3692A69B8
:1048A00043F40063C361C36923F48063C361C369D4
:1048B00043EA0223C361C8E703682E681A6A196ACB
:1048C00021F4803119625868196D21F4803121F08A
:1048D00070013143AE6822F4003242EA0642184EBB
:1048E000B34213D006F50066B3420FD006F540661A
:1048F000B3420BD006F58066B34207D006F580665A
:10490000B34203D006F50066B34204D16E6920F4C9
:10491000803040EA062058601965696899641A6217
:104920001A6D296942F008021A651A6D22F0040214
:104930001A651A6D0A431A6587E70220704700BF9F
:10494000002C014090F83C30012B4ED030B402686E
:10495000274D022380F83D30AA4253680C688446F4
:1049600090682CD005F50065AA4233D005F5E055D6
:10497000AA4224D023F0007323F070032343B2F142
:10498000804F53600ED01B4B9A420BD003F58063CF
:104990009A4207D003F580639A4203D003F59A3315
:1049A0009A4204D18B6820F0800018439060002068
:1049B00001238CF83D308CF83C0030BC70474D68CA
:1049C00023F470032B4323F0007323F0700323437D
:1049D0005360E7E74D6823F470032B4323F0007323
:1049E00023F070031C435460DCE70220704700BFD3
:1049F000002C01400004004090F83C30012B48D0CE
:104A000010B4D1E9024323F44073024623434868BB
:104A10000C6823F48063034323F400630869234391
:104A200023F480534C69034323F40053086B23435E
:104A300023F480438C69034323F47023C86943EA59
:104A4000044323F08053144C03431068A04207D062
:104A500004F50064A04203D004F5E054A04210D154
:104A60008C6A23F4700343EA04530C6A23F08073C6
:104A700023434C6AC96A23F00073234323F0005395
:104A80000B430021436482F83C1008465DF8044B58
:104A900070470220704700BF002C0140704700BFE4
:104AA000704700BF704700BF704700BF704700BF2E
:104AB000704700BF704700BF70B5D0F88860202EE7
:104AC00024D1044601B31346F2B1A0F856200022C7
:104AD0000165C0F89020A0F85430C06F2125C4F8BB
:104AE00088502568A8B1826305F12802114DC5627E
:104AF000114D0563114D4563FDF76CFF40B1102367
:104B0000C4F89030C4F88860012070BD022070BDE8
:104B1000256840232B6205F1080353E8003F43F06A
:104B2000800305F1080141E80032002AF3D100209A
:104B300070BD00BF454B00088D4B0008A54B000819
:104B4000704700BF08B50368806A1B6813F0200334
:104B500017D10268A0F8563002F1080353E8003F6D
:104B600023F0800302F1080040E800310029F3D16E
:104B700052E8003F43F0400342E800310029F7D1FA
:104B800008BDFFF7DDFF08BD704700BF08B5806AAC
:104B9000FFF7FAFF08BD00BF704700BF704700BFB6
:104BA000704700BF806A0368D0F8881010B5D0F84D
:104BB0008C409A68120601D521290DD09A685206B8
:104BC00001D5222C23D0D0F8903043F01003C0F848
:104BD0009030FFF7E5FF10BD0022A0F8562053E803
:104BE000002F22F0C00243E800210029F7D103F191
:104BF000080252E8002F22F4000203F1080C4CE8EE
:104C000000210029F3D12022C0F88820D6E7002215
:104C1000A0F85E2053E8002F22F4907243E80021B0
:104C20000029F7D1134C03F1080252E8002F22406B
:104C300003F1080C4CE800210029F4D1C26E012ACE
:104C400006D000232022C0F88C204367C366BAE751
:104C500053E8002F22F0100243E800210029F0D091
:104C600053E8002F22F0100243E800210029EFD181
:104C7000E7E700BFFEFFFFEF08B5806A0023A0F85A
:104C80005E30FFF78DFF08BD0368DA69196840F6EA
:104C90000F0C12EA0C0F70B59D68044645D19606BC
:104CA00007D501F0200C05F0805E5CEA0E0C40F0A8
:104CB0000681E06E012800F0D380D6021DD41606CE
:104CC00006D505F4000501F08000284340F0FE8081
:104CD00050061CD54E061AD553E8002F22F040028C
:104CE00043E800210029F7D120220023C4F88820BE
:104CF000A3672046FFF724FF70BD6802DFD54FF49D
:104D0000801220461A62BDE8704000F04DBD1502C9
:104D100002D5480000F1FF80D301EDD50029EBDA80
:104D20002046BDE8704000F041BDB74805EA000CE0
:104D3000B648084050EA0C00BBD0D60709D5C805D4
:104D400007D501201862D4F8900040F00100C4F8A3
:104D50009000960702F0040040F1AA80EE0710D5FB
:104D600002261E62D4F8906046F00406C4F89060F3
:104D700038B104201862D4F8900040F00200C4F862
:104D8000900010070CD501F0200050EA0C0007D06D
:104D900008201862D4F8900040F00800C4F8900091
:104DA00016050AD5480108D54FF400601862D4F8FA
:104DB000900040F02000C4F89000D4F89000002843
:104DC0009AD0960606D501F0200105F080552943BA
:104DD00040F09580D4F890109A6801F0280102F014
:104DE000400252EA010500F0CC8053E8002F22F483
:104DF000907243E800210029F7D1854803F10802A9
:104E000052E8002F024003F1080545E8002100297F
:104E1000F4D1E26E012A61D000222021C4F88C1066
:104E2000E266996862674D0671D503F1080252E89F
:104E3000002F22F0400203F1080040E80021002981
:104E4000F3D1D4F88000002861D0724B8363FDF762
:104E500053FE00283FF450AFD4F88000836B32E05B
:104E6000D0067FF52AAFCE067FF527AF10221A6253
:104E70009968B4F85C20480640F18980D4F8800035
:104E80000568696889B2002900F0B680914280F017
:104E9000B380A4F85E102968890641D502232367F0
:104EA000B4F85E10511A204689B2FDF7F3FB70BDCD
:104EB00000283FF466AFEE073FF55BAF61E7436F55
:104EC000002B3FF419AFBDE870401847A36F002BCB
:104ED0003FF412AF2046BDE87040184753E8002F5A
:104EE00022F0100243E80021002995D053E8002F5A
:104EF00022F0100243E800210029EFD18CE7626F15
:104F0000002A3FF467AF20469047236862E72046B7
:104F1000FFF746FE70BD2046BDE8704000F048BC7B
:104F200053E8002F22F4807243E800210029F7D1D2
:104F300003F1080252E8002F22F0010203F10805F4
:104F400045E800210029F3D103F1080252E8002FBF
:104F500022F0400203F1080545E800210029F3D1C1
:104F60002022C4F88C20E16653E8002F22F01002C2
:104F700043E800210029F7D1FDF784FDB4F85C2057
:104F80008CE72046FFF70CFEC4F8905070BDB4F8D3
:104F90005E00B4F85E1089B280B200293FF4ACAE76
:104FA000121A91B200293FF4A7AE53E8002F22F461
:104FB000907243E800200028F7D1154D03F1080254
:104FC00052E8002F2A4003F1080646E80020002896
:104FD000F4D12022C4F88C206067E06653E8002FEB
:104FE00022F0100243E800200028F7D102232367B3
:104FF0002046FDF74FFB70BD91427FF47DAE2B68DC
:105000009B06F3D470BD00BF010000102001000416
:10501000FEFFFFEF794C0008806A08B501230367A3
:10502000C36E012B02D0FFF7B9FD08BDB0F85C10CC
:105030004908FDF72FFB08BD08B50368806A1A68A8
:1050400012F0200228D10368A0F85E2053E8002F58
:1050500022F4807243E800210029F7D103F108020D
:1050600052E8002F22F0010203F1080C4CE8002165
:105070000029F3D103F1080252E8002F22F0400288
:1050800003F1080C4CE800210029F3D12022C0F8DC
:105090008C20C26E012A07D000230367C36E012B48
:1050A00013D0FFF779FD08BD53E8002F22F010025E
:1050B00043E800210029EFD053E8002F22F010022E
:1050C00043E800210029EFD1E6E7B0F85C10FDF7D6
:1050D000E1FA08BD70B50446036882680069616939
:1050E0001D6802430A43E069A049024329400A437C
:1050F0001A605A68E168656A22F440520A439C4982
:105100005A608B429968A26921F06E4121F43061A6
:1051100000F0D180266A32430A439A60DA6A22F0AC
:105120000F022A43DA62934A934239D0924A934259
:1051300012D0924A934200F0A680914A934243D003
:10514000904A934200F08F80012000234FF001121B
:10515000C4E91D33A26670BD8B4BD3F8883003F0D1
:105160000C030C2BF0D801A252F823F07B5200085C
:10517000495100084951000849510008E15100080F
:1051800049510008495100084951000829520008B6
:10519000495100084951000849510008F9510008D7
:1051A000794BD3F8883003F00303022B3CD0032B58
:1051B00022D0012B14D0B0F5004F00F0CE80FEF7C6
:1051C00057FEA8B90020C0E76F4BD3F8883003F032
:1051D000C003802B28D063D8002B4ED0402BB3D1F6
:1051E000B0F5004F00F0BE80FEF7F4FC0028E9D0D7
:1051F000656A06E0302BA7D1B0F5004F18D04FF408
:1052000000406368614A32F81510B0FBF1F04FF6C8
:10521000EF7200EB5300B0FBF3F0A0F110039342E8
:1052200092D82368D860CDE7B0F5004F5848E8D150
:105230006268564B33F81510B0FBF1F0530803EBDE
:1052400040034FF6EF71B3FBF2F3A3F110028A4271
:105250003FF67AAF23F00F02216892B2C3F3420304
:105260001343CB60AEE7484BD3F8883003F4407368
:10527000B3F5007FD8D01AD8ABB9B0F5004F65D0E0
:10528000FEF7E4FD9DE7404BD3F8883003F0300390
:10529000202BC9D0AED8002BEFD0102BA0D053E7D5
:1052A000C02BA9D050E7B3F5807F99D04CE7B3F578
:1052B000407FA1D048E711439960DA6A324922F071
:1052C0000F022A43DA62D1F8883003F44063B3F561
:1052D000006F45D033D87BB3B3F5806F7FF434AF24
:1052E000FEF778FC00283FF46DAF656A6668274BCF
:1052F00006EB460133F81520B0FBF2F399423FF676
:1053000023AFB3EB063F3FF61FAF00231946FBF771
:10531000C3FC72080302090241EA1061981841F1C6
:10532000000132460023FBF7B7FC1A4BA0F5407290
:105330009A423FF609AF74E7FEF788FDD2E7B3F56E
:10534000406F7FF401AF4FF40040CFE7FEF77EFDE2
:1053500000283FF437AF656A6AE7FEF789FDF7E793
:105360000B48C3E7FEF736FCF2E700BFF369FFCF57
:1053700000800040003801400044004000480040E8
:10538000004C004000500040001002403C8A0008E1
:105390000024F400FFFC0F00836A1A0710B406D53E
:1053A0000168846B4A6822F4004222434A60DC07A9
:1053B00006D50168C46A4A6822F4003222434A6072
:1053C000990706D50168046B4A6822F480322243AB
:1053D0004A605A0706D50168446B4A6822F4802265
:1053E00022434A60DC0606D50168C46B8A6822F451
:1053F000805222438A60990606D50168046C8A6847
:1054000022F4005222438A605A0609D50168446C8E
:105410004A6822F480122243B4F5801F4A600BD000
:105420001B0606D50268C16C536823F400230B43A6
:1054300053605DF8044B70474A68846C22F4C002E4
:1054400022434A60ECE700BF38B500230446C0F8A9
:105450009030FDF79FF9226813681B0705460FD4AB
:105460001368590731D400232022C4F88820184635
:10547000C4F88C20E3662367002384F8843038BDA9
:10548000D3699802ECD40CE0196849071A4605D58F
:10549000D96908074AD4D969090575D4DB69980226
:1054A000DED4FDF777F9431BB3F1007F2368EBD31C
:1054B00053E8002F22F0800243E800210029F7D1B1
:1054C0002023C4F888300320D6E7D3695B02CAD40E
:1054D0000DE01A68500707D5DA69110700F18280DC
:1054E000DA69120500F1AC80DB695B02BBD4FDF721
:1054F00051F9431BB3F1007F2368EAD353E8002F2F
:1055000022F4907243E800210029F7D103F1080248
:1055100052E8002F22F0010203F1080040E80021C8
:105520000029F3D12023C4F88C30CCE708221A627A
:1055300053E8002F22F4907243E800210029F7D1AC
:10554000564803F1080252E8002F024003F1080513
:1055500045E800210029F4D1E26E012A0BD0002297
:1055600020200821C4F88C006267E26684F8842059
:10557000C4F890109CE753E8002F22F0100243E893
:1055800000210029F7D1EAE74FF400621A6253E8DC
:10559000002F22F4907243E800210029F7D13F4800
:1055A00003F1080252E8002F024003F1080545E824
:1055B00000210029F4D1E26E012A0AD00022202124
:1055C000C4F88C106267E26684F88420C4F89010F6
:1055D0006EE753E8002F22F0100243E80021002973
:1055E000F7D1EBE708221A6253E8002F22F49072F9
:1055F00043E800210029F7D1284803F1080252E8C6
:10560000002F024003F1080545E800210029F4D1EC
:10561000E26E012A0BD0002220200821C4F88C0061
:105620006267E26684F88420C4F8901066E753E865
:10563000002F22F0100243E800210029F7D1EAE709
:105640004FF400621A6253E8002F22F4907243E88C
:1056500000210029F7D1114803F1080252E8002F78
:10566000024003F1080545E800210029F4D1E26E6B
:10567000012A0AD000222021C4F88C106267E26659
:1056800084F88420C4F8901038E753E8002F22F003
:10569000100243E800210029F7D1EBE7FEFFFFEFFE
:1056A00080B3D0F8883010B5044633B32268A16ABD
:1056B0002423C4F88830136823F001031360C1B9B0
:1056C0002046FFF707FD012811D023685A6822F40D
:1056D00090425A609A6822F02A029A601A6842F050
:1056E000010220461A60BDE81040FFF7ADBE012060
:1056F00010BD2046FFF750FEE2E780F88430FBF74C
:10570000CBFFD3E70120704738B50546134622206A
:105710000022C5F89020C5F88C00D5F880002C68D0
:10572000A965A5F85C3068B182630A4604F12401DA
:105730001A4CC4621A4C04631A4C4463FDF74AF9CC
:1057400018BB2C682B693BB154E8003F43F48073CD
:1057500044E80032002AF7D104F1080353E8003F7F
:1057600043F0010304F1080141E80032002AF3D1BB
:1057700004F1080353E8003F43F0400304F108023A
:1057800042E800300028F3D138BD10222023C5F8AC
:1057900090200120C5F88C3038BD00BF395000087A
:1057A00019500008A54B0008704700BF704700BFA4
:1057B000704700BF90F88430012B17D00268242373
:1057C00010B4C0F8883011681468002324F0010474
:1057D00021F0005114604366116080F8843020226B
:1057E000C0F888205DF8044B1846704702207047C7
:1057F00090F88420012A37D003460268242030B56F
:10580000C3F888001468106820F0010010609068E8
:1058100020F060400143586E916010B39168906829
:10582000124DC1F3426C4FEA507E114911F80E003F
:1058300011F80C1015F80EE015F80C50C000C90056
:10584000B0FBFEF0B1FBF5F1A3F868100021A3F85E
:105850006A002025146083F884100846C3F8885035
:1058600030BD01210846EFE702207047548A000846
:105870005C8A000890F88420012A37D00346026829
:10588000242030B5C3F888001468106820F00100A7
:105890001060906820F060600143586E916010B312
:1058A00091689068124DC1F3426C4FEA507E1149E5
:1058B00011F80E0011F80C1015F80EE015F80C5048
:1058C000C000C900B0FBFEF0B1FBF5F1A3F8681011
:1058D0000021A3F86A002025146083F8841008468C
:1058E000C3F8885030BD01210846EFE70220704719
:1058F000548A00085C8A000870B5D0F88C60202EAD
:1059000003D101B11AB9012070BD022070BD01237D
:10591000C366002303670446FFF7F6FE0028F3D1B1
:10592000E36E012BEFD122681023136252E8003F8F
:1059300043F0100342E800310029F7D170BD00BFE9
:105940002DE9F04F0D6883B095FAA5F2002A00F01A
:105950008F80B2FA82F235FA02F300F08980EB43CD
:105960004FF0010C4FF0030E019337E0D1F8108097
:10597000D0F80C9093FAA3F737B1B7FA87F77F0006
:105980000EFA07F729EA070993FAA3F7002F75D053
:10599000B7FA87F77F0008FA07F848EA0907022CE8
:1059A000C76047D0076893FAA3F8B8F1000F07D093
:1059B000B8FA88F84FEA48080EFA08F827EA080704
:1059C00093FAA3F3002B57D0B3FA83F35B009C4008
:1059D0003C430460013235FA02F349D00CFA02F379
:1059E0002B40F7D04C68671E012FBFD8D1F8088034
:1059F000D0F8089093FAA3F737B1B7FA87F77F008A
:105A00000EFA07F729EA070993FAA3F7002F55D0F2
:105A1000B7FA87F77F0008FA07F848EA09078760AE
:105A20004768019E3740CE6806FB05F847EA08073D
:105A300047609BE7FF2BD1F8149021D8D0F8208045
:105A400093FAA3F747B1B7FA87F7BF004FF00F0AF1
:105A50000AFA07F728EA070893FAA3F797B3B7FA01
:105A600087F7BF0009FA07F747EA0807076299E7CF
:105A7000002003B0BDE8F08F4023A8E740278AE765
:105A8000D0F824801F0A97FAA7FABAF1000F09D0BC
:105A9000BAFA8AFA4FEA8A0A4FF00F0B0BFA0AFA9F
:105AA00028EA0A0897FAA7F757B1B7FA87F7BF00AD
:105AB00009FA07F949EA0807476273E74027AAE7A6
:105AC0008027F5E78027CDE7036823F0010310B4B2
:105AD0000360D1E90234026843EA042322F4F85255
:105AE0004C6813430360046103680C6943F00103CD
:105AF0000360836823F40043836082688B6922F427
:105B0000FF62234322F00702134383601CB18368C2
:105B100043F40043836003680A685DF8044B23F490
:105B200040131343036043684A6923F4004313435B
:105B300043600020704700BF70B5FF2604460D4645
:105B400032460021063000F070FE3246002104F299
:105B5000062000F06AFE0023A38084F8065684F82D
:105B6000083670BD70B5044690F805C090F806067A
:105B70000CFB00400E46063011461A461D4600F04A
:105B8000D4FE60792318013083F8066483F8065246
:105B9000607170BD2DE9F84300F106084FF0FF0970
:105BA00004460F46154600214A4640461E4600F070
:105BB0003CFE4A46002104F2062000F036FE002397
:105BC0002946A38084F807364046324600F0ADFEF1
:105BD000256884F80674012384F80662637184F8EA
:105BE00008366B6843EA064343EA070141F0007157
:105BF00041F4005169602B6843F002032B602B686D
:105C000043F020032B60BDE8F88300BF90F808360E
:105C100033B9037942799A4202D00F4A127802B915
:105C2000704701680344012280F8082693F806C2F1
:105C30004A6893F8060442EA0C43034343F00073B6
:105C400043F400534B600B6843F002030B600B6896
:105C500043F020030B6070479008002006490A7843
:105C600042B9064803680133012B036002D90123BE
:105C70000B700260704700BF900800209434002031
:105C800038B50568AB6913F0210F04460CD1AB6938
:105C90005B0708D594F80837696AE218013382F87F
:105CA000091684F8083738BDAB69990610D4AB697A
:105CB000DA07ECD590F80736217990F80606E21855
:105CC00000FB012201339279AA6284F80736DEE7ED
:105CD0002B68002223F0200380F808262B60EB6954
:105CE00043F02003EB610379417980F80726013303
:105CF000DBB29942037107D990F806164FF400728F
:105D0000B2FBF1F293420CDBFF220021A01D00F058
:105D10008CFDFF22002104F2062000F086FD002306
:105D2000A380024B00221A70B1E700BF9008002048
:105D30002DE9FF4757EC106B002F0C4619463B46E8
:105D4000BBBF07F100431F4600232D230B700D9BA3
:105D5000DDF830A0914623F02008BCBF324616463D
:105D6000B8F1460F05D0B8F1450F00D1013402213A
:105D700000E0032103AB019302AB009347EC106BEF
:105D80005346224600F068FEB8F1470F054619D188
:105D900019F0010F0ED000EB040900220023304659
:105DA0003946FAF7B9FE08B1CDF80C903022039BC2
:105DB0004B451ED3039B0E9A5B1B2846136004B011
:105DC000BDE8F087B8F1460F00EB0409E5D1037890
:105DD000302B0AD10022002330463946FAF79CFEC8
:105DE00018B9C4F10104CAF80040DAF80030994447
:105DF000D3E7591C03911A70D9E7F7B50029BABF48
:105E000049422D232B2309290270437029DD0DF10E
:105E100007031D460A271A46B1FBF7F607FB1614BF
:105E2000303402F8014C0C46632C03F1FF33314649
:105E3000F1DC3031941E03F8011C411C2346AB42B7
:105E40000AD30DF109039B1AAC4288BF0023023329
:105E50000344181A03B0F0BD13F8016B01F8016F89
:105E6000EDE7302330318370C170031DF1E700008E
:105E70002DE9F04F8DB00C46DDF8588016461F46D0
:105E8000054600F0DBFC036804931846FAF718FA9D
:105E900000230A93D8F800300590073323F0070356
:105EA00003F1080294F818A0D4F800B0C8F8002054
:105EB000D3E9008929F000430793CDF81880C4E99D
:105EC0001289DDE906019C4B4FF0FF32FAF756FECE
:105ED00070BBDDE90601984B4FF0FF32FAF730FE58
:105EE00030BB0022002340464946FAF71FFE10B19E
:105EF0002D2384F84330914A914BBAF1470F94BF58
:105F000090469846032323612BF0040323604FF04F
:105F10000009009733460BAA2146284600F0D2F923
:105F2000013040F08D804FF0FF300DB0BDE8F08FB4
:105F300042464B4640464946FAF720FE40B14B46A2
:105F4000002BBCBF2D2384F843307E4A7E4BD4E720
:105F500063680AF0DF0206925A1C3BD10623636095
:105F60004BF480620023226003930AABCDE901A3C6
:105F700009AB0093616849EC108B0DF123032846AF
:105F8000FFF7D6FE069B0999472B804629D1C81CEE
:105F900002DB6368994241DDAAF1020A5FFA8AFADC
:105FA0000139524604F150000991FFF726FF0A9A81
:105FB0001318012A8146236102DC2268D20701D529
:105FC000013323619DF82330002BA2D02D2384F8C8
:105FD00043309EE7069A472AC2D1002BC0D1012345
:105FE000BDE7BAF1650FDBD9BAF1660F18D1002908
:105FF00063680BDD216113B92268D00702D5013334
:106000000B442361A1654FF00009DBE713B9226857
:10601000D20701D50233F4E70123F2E74FF0670A14
:106020000A9B994205DB23682161D807EAD54B1CFE
:10603000E7E70029D4BFC1F1020201221344E0E7DF
:1060400023685A0507D42369424631462846B84793
:1060500001302BD167E7BAF1650F40F2DD80D4E95A
:10606000120100220023FAF757FD002833D0374AE7
:10607000012331462846B84701303FF454AFDDE9EB
:106080000938434502DB2368D8070FD5DDE904232F
:1060900031462846B84701303FF445AF4FF000097C
:1060A00008F1FF3804F11A0AC84509DC23689B0788
:1060B00000F10381E0680B9B9842B8BF184634E7B3
:1060C0000123524631462846B84701303FF42BAFF2
:1060D00009F10109E8E7099B002B39DC1B4A012380
:1060E00031462846B84701303FF41DAFDDE9093994
:1060F00059EA030302D12368D907D7D5DDE9042380
:1061000031462846B84701303FF40DAF4FF0000A42
:1061100004F11A0B099B5B42534501DC4B4693E7A4
:1061200001235A4631462846B84701303FF4FBAEBA
:106130000AF1010AEEE700BFFFFFEF7F648A000863
:10614000688A00086C8A0008708A0008748A00084F
:10615000A36DDDF828A05345A8BF5346002B9946F0
:1061600036DC4FF0000B29EAE97904F11A02A36D3D
:106170000693A3EB09035B4531DC099B9A453ADCA6
:106180002368DA0737D4099BAAEB0309069BAAEB1D
:1061900003039945A8BF9946B9F1000F33DC4FF0CE
:1061A000000829EAE97904F11A0B099BAAEB030319
:1061B000A3EB090343457FF779AF01235A463146E4
:1061C0002846B84701303FF4AEAE08F10108ECE7CD
:1061D000424631462846B8470130C2D1A3E60123E2
:1061E000314628460692B84701303FF49CAE069AE5
:1061F0000BF1010BBBE7DDE9042331462846B84724
:106200000130C0D18FE6069A4B46424431462846BB
:10621000B8470130C3D186E6DDF828A0BAF1010FF6
:1062200001DCDB0736D50123424631462846B84714
:1062300001303FF478AEDDE9042331462846B84703
:1062400001303FF470AED4E91201002200230AF1BC
:10625000FF3AFAF761FCC0B9534608F10102314632
:106260002846B84701300CD15DE601235A46314635
:106270002846B84701303FF456AE08F10108D04532
:10628000F3DB4B4604F15002DFE64FF0000804F167
:106290001A0BF4E701234246E1E701234A4631465F
:1062A0002846B84701303FF43EAE08F10108E368E4
:1062B0000B995B1A4345F0DCFCE64FF0000804F153
:1062C0001909F4E72DE9F047164698468A680B69E4
:1062D000DDF820909342B8BF1346336091F8432015
:1062E00007460C460AB1013333602368990642BF62
:1062F000336802333360256815F0060506D104F1D2
:10630000190AE36832689B1AAB4226DC94F84330E2
:106310002268003B18BF012392062BD404F14302EC
:1063200041463846C84701301ED02368226903F031
:106330000603042B02BFE5683368ED1AA3680CBF9F
:1063400025EAE57500259342C4BF9B1AED18002687
:106350001A34B5421AD1002008E0012352464146C2
:106360003846C847013003D14FF0FF30BDE8F08711
:106370000135C6E7E1185A1C302081F84300224459
:1063800094F8451082F843100233C7E701232246F0
:1063900041463846C8470130E6D00136D9E700000B
:1063A0002DE9FF470F7E0C9E782F914680460C46C4
:1063B0009A4601F1430207D8622F0AD8002F00F055
:1063C000D280582F00F0B98004F1420684F8427060
:1063D0003AE0A7F16303152BF6D801A151F823F099
:1063E000396400084D640008C9630008C9630008E7
:1063F000C9630008C96300084D640008C963000848
:10640000C9630008C9630008C96300084D65000836
:106410007764000807650008C9630008C9630008BD
:106420006F650008C963000877640008C963000845
:10643000C96300080F65000833681A1D1B683260C5
:1064400004F1420684F8423001239DE0336820685D
:10645000191D3160060601D51D6803E04506FBD510
:10646000B3F90050002D03DA2D236D4284F8433038
:1064700059480A2311E021683368080653F8045B81
:1064800002D4490648BFADB26F2F5348336014BFE2
:106490000A230823002184F843106668A660002EB2
:1064A000A2BF216821F0040121600DB9002E4BD05C
:1064B0001646B5FBF3F103FB1157C75D06F8017DE6
:1064C0002F46BB420D46F4D9082B0BD12368DF07BA
:1064D00008D5236961689942DEBF302306F8013C84
:1064E00006F1FF36921B2261CDF800A04B4603AAAD
:1064F00021464046FFF7E6FE01304AD14FF0FF301B
:1065000004B0BDE8F087236843F0200323603348DC
:10651000782784F84570236831681F0651F8045BBA
:1065200002D45F0648BFADB23160D90744BF43F023
:10653000200323601DB11023ACE72748E9E7236857
:1065400023F020032360F6E71646BDE7336825688D
:106550006169181D30602E061B6801D5196002E0C4
:106560006806FBD51980002323611646BCE7336813
:106570001A1D32601E68626800213046F9F750FE2D
:1065800008B1801B606063682361002384F8433096
:10659000AAE72369324649464046D0470130ADD08C
:1065A00023689B0713D4E068039B9842B8BF184642
:1065B000A6E70123324649464046D04701309DD0E8
:1065C0000135E36803995B1AAB42F2DCEBE7002587
:1065D00004F11906F5E700BF768A0008878A0008EB
:1065E000002310B50446C0E90033C0E904338360DA
:1065F00081814366C2818361194608225C3000F0C4
:1066000014F90D4B63620D4BA3620D4BE3620D4B0E
:1066100023630D4B24629C4206D003F1680294422E
:1066200002D0D0339C4205D104F15800BDE810409F
:1066300000F078B910BD00BFA5670008C767000863
:10664000FF6700082368000898340020024A0349C5
:10665000034800F069B800BF940800209D8200083C
:10666000A408002041680C4B994210B5044601D0A3
:1066700001F014FEA168094B994202D0204601F0B6
:106680000DFEE168064B994204D02046BDE810405B
:1066900001F004BE10BD00BF98340020003500207A
:1066A0006835002010B50B4B0B4C0C4A1A60204685
:1066B00000220421FFF794FF04F168000122092160
:1066C000FFF78EFF04F1D0000222BDE81040122136
:1066D000FFF786BFD0350020983400204D660008B3
:1066E000014800F020B900BFD9350020014800F072
:1066F0001BB900BFD935002010B50446FFF7F0FFE5
:10670000236A1BB1BDE81040FFF7F0BF044B2362C2
:10671000044B1B68002BF5D1FFF7C4FFF2E700BF65
:1067200065660008D03500202DE9F8430746884605
:1067300014460026D4E90195B9F1010905D524686C
:10674000002CF7D13046BDE8F883AB89012B07D97F
:10675000B5F90E30013303D029463846C047064309
:106760006835E9E70EB400B59CB01DAB0290069009
:106770006FF00041094807910491094953F8042B2F
:1067800005910068019302A901F008FC029B002218
:106790001A701CB05DF804EB03B07047A00800202D
:1067A0000802FFFF10B50C46B1F90E1000F06CF8AE
:1067B0000028ABBF636DA3891B1823F48053ACBFC3
:1067C0006365A38110BD2DE9F0411F468B89DB0570
:1067D00005460C46164605D5B1F90E1002230022D7
:1067E00000F040F8A389B4F90E1023F48053A3817C
:1067F00032463B462846BDE8F04100F057B810B598
:106800000C46B1F90E1000F02DF8431CA38915BFFA
:10681000606523F4805343F48053A38118BFA381A0
:1068200010BDB1F90E1000F00DB8024403469342BA
:1068300000D1704703F8011BF9E7000000487047DA
:10684000E009002038B5064D0023044608462B60B9
:10685000FAF710FE431C02D12B6803B1236038BD48
:10686000D435002038B5074D0446084611460022AD
:106870002A601A46FAF70AFE431C02D12B6803B1BC
:10688000236038BDD435002038B5074D044608468E
:10689000114600222A601A46FAF7D0FD431C02D1A5
:1068A0002B6803B1236038BDD435002038B5074DBF
:1068B00004460846114600222A601A46FAF7CCFD23
:1068C000431C02D12B6803B1236038BDD4350020AE
:1068D000014B1868704700BFA008002070B50D4D2F
:1068E0000D4C641BA4100026A64209D10B4D0C4C84
:1068F00002F064F8641BA4100026A64205D170BD06
:1069000055F8043B98470136EEE755F8043B9847A5
:106910000136F2E7E08D0008E08D0008E08D000808
:10692000E48D00087047704770470A44914200F1B7
:10693000FF3300D1704710B511F8014B03F8014F38
:106940009142F9D110BD2DE9F74F03690C69A342BB
:1069500007467EDB013C01F11408A30000F1140599
:10696000009305EB8403019358F8243055F8242054
:1069700001339A4208EB8409B2FBF3F62ED34FF0B1
:10698000000AC446AE46D3465CF8043B98B206FB08
:1069900000A0020C1B0C06FB0323DEF8002080B2D3
:1069A00092B2121A5A44DEF800004FEA134A9BB220
:1069B000C3EB224303EB104392B242EA0342E145A8
:1069C0004EF8042B4FEA234BDED2009BEB582BB939
:1069D000019B043B9D421A462FD33C61384601F08F
:1069E00079F9002825DB2946002058F8042BD1F836
:1069F00000C01FFA82FE1FFA8CF3A3EB0E030344C0
:106A0000120CC2EB234202EB1C429BB243EA02434C
:106A1000C14541F8043B4FEA2240E6D255F8242014
:106A200005EB840322B9043B9D421A460BD33C611B
:106A30000136304603B0BDE8F08F1268043B002AEF
:106A4000CBD1013CC6E71268043B002AEFD1013CE0
:106A5000EAE70020EEE700002DE9F04FC76999B0A2
:106A60008DED020B55EC104B229E099183460E9240
:106A700013937FB9102000F0FDFD0246CBF81C00F7
:106A800020B9A74BEF21A74801F05AFCC0E90177D4
:106A90000760C760DBF81C30196859B15A684A6052
:106AA000012393408B60584600F0DAFEDBF81C307F
:106AB00000221A602B1EB9BF23F00043039300236A
:106AC0003360039F984BBCBF01223260BB4312D19D
:106AD000139A42F20F731360C7F31303234300F0BA
:106AE0004D85239BDFF854A2002B00F04F850AF15F
:106AF000030300F049BD9DED027B002251EC170B12
:106B000000238DED0C7BFAF707F8804658B1139AF5
:106B100001231360239B13B1239A844B1360DFF886
:106B200020A200F033BD9DED0C0B16AA17A9584604
:106B300001F080F9C7F30A568146002E77D00D9BED
:106B4000CDF85080C3F31303DDE90C0143F07F530C
:106B500043F44013A6F2FF3619460022744BF9F7AE
:106B6000BBFB69A3D3E90023F9F76EFD68A3D3E962
:106B70000023F9F7B3FB044630460D46F9F7FAFC5B
:106B800065A3D3E90023F9F75FFD02460B462046D3
:106B90002946F9F7A3FB04460D46FAF705F800224B
:106BA0000746002320462946F9F7C0FF40B1384682
:106BB000F9F7E0FC22462B46F9F7AEFF00B9013F9A
:106BC000162F51D85B4B03EBC703D3E90023DDE954
:106BD0000C01F9F7ABFF002848D0013F00231293C6
:106BE000169B9B1B5A1E44BFC3F101080023089249
:106BF00054BF4FF000080893002F39DB089B0F9714
:106C00003B44089300230A93099B092B64D8052B66
:106C1000C4BF043B0993099BA3F10203CCBF00242A
:106C20000124032B63D8DFE803F02A373555DDE96B
:106C300016631E4406F23243202BC1BFC3F140034A
:106C40009F4006F2124324FA03F3D6BFC3F1200398
:106C500047EA030004FA03F0F9F77CFC0122A1F1F2
:106C6000F873013E149277E70123B8E71290B7E773
:106C70007B420A930023A8EB07080F93C4E7002385
:106C80000B930E9B002B35DC0123009307931A46D0
:106C90000E920BE00123F3E700230B930E9BFB18EE
:106CA00000930133012B0793B8BF0123DBF81C00CD
:106CB0000021042202F114059D421FD9416058466B
:106CC00000F08EFD824600283CD11B4B024640F26C
:106CD000AF11D8E60123E0E70124002309930B94C8
:106CE0004FF0FF330093079300221223D0E70123D4
:106CF0000B93F5E70E9B00930793D7E70131520002
:106D0000D8E700BFAFF3008061436F63A787D23F2E
:106D1000B3C8608B288AC63FFB799F501344D33F8A
:106D2000A58A0008BC8A00080000F07F758A000868
:106D30000000F83FB88B0008148B0008A18A0008F7
:106D4000748A0008DBF81C301860079B0E2B00F2D9
:106D5000A480002C00F0A180002F33DDAD4B07F0A4
:106D60000F0203EBC20393ED007BF8058DED047B6E
:106D70004FEA271416D5A84BDDE90C01D3E9082307
:106D8000F9F78CFDCDE9020104F00F040326A24DB2
:106D900054B9DDE90423DDE90201F9F77FFDCDE90E
:106DA000020128E00226F2E7E10708D5DDE9040147
:106DB000D5E90023F9F748FCCDE904010136641058
:106DC0000835E5E700F0D2807C42924B924D04F00A
:106DD0000F0203EBC203D3E90023DDE90C01F9F74D
:106DE00033FCCDE90201241100230226002C40F0DF
:106DF000B280002BD3D1129BDDE90245002B00F0BD
:106E0000B780864B002220462946F9F78FFE0028DE
:106E100000F0AE80079B002B00F0AA80009B002BA7
:106E200037DD7B1E049320467D4B00222946F9F76F
:106E30000BFCCDE90201009C01363046F9F79AFBC4
:106E4000DDE90223F9F700FC764B0022F9F746FA58
:106E50000546A1F15076002C40F08D80DDE902015D
:106E6000714B0022F9F738FA02460B46CDE90223AE
:106E70002A463346F9F778FE002840F08B82DDE998
:106E800002012A4606F10043F9F750FE002840F0BF
:106E90002881DDE90C34CDE90234179B002BC0F2C8
:106EA0005A810E2F00F357815A4B03EBC70393ED22
:106EB000007B0E9B002B8DED007B03DA079B002BE4
:106EC00040F30181DDE902455646DDE90023204615
:106ED0002946F9F7E3FCF9F767FE8046F9F74AFB24
:106EE000DDE90023F9F7B0FB02460B4620462946B0
:106EF00008F13004F9F7F0F906F8014B079DA6EB0D
:106F00000A04A54202460B4640F01781F9F7E6F95C
:106F1000DDE9002304460D46F9F726FE002840F07F
:106F2000F980DDE9002320462946F9F7F5FD18B17F
:106F300018F0010F40F0EE804946584600F090FCF2
:106F400000233370139B01371F60239B002B00F03D
:106F50001D831E601AE3E20705D5D5E90023F9F782
:106F600073FB01360123641008353FE7022642E730
:106F7000079C049761E7274B0B9903EBC40353E984
:106F800002235444002953D028490020F9F786FCF5
:106F900033462A46F9F7A0F9CDE910015646DDE956
:106FA0000201F9F701FE0546F9F7E4FA02460B463D
:106FB000DDE90201F9F790F9303502460B46CDE9DB
:106FC000022306F8015BDDE91023F9F7AFFD002885
:106FD00071D1DDE9022311490020F9F77DF9DDE9DE
:106FE0001023F9F7A3FD002840F09580A6423FF456
:106FF00050AFDDE910010A4B0022F9F725FB084BE1
:10700000CDE910010022DDE90201F9F71DFBCDE910
:107010000201C4E7B88B0008908B00080000F03F25
:107020000000244000001C40000014400000E03F2D
:1070300031462846F9F708FBCDE91001159456466C
:10704000DDE90201F9F7B0FD0546F9F793FA0246CA
:107050000B46DDE90201F9F73FF9303506F8015B2F
:1070600002460B46A642CDE902234FF0000224D18E
:10707000AC4BDDE91001F9F731F902460B46DDE9C9
:107080000201F9F771FD002845D1DDE91023A5497A
:107090000020F9F721F902460B46DDE90201F9F774
:1070A00045FD00283FF4F5AE159E731E159316F8A6
:1070B000013C302BF8D0049F3EE79B4BF9F7C4FA14
:1070C000CDE90201BCE70CD1984B0022DDE90001BB
:1070D000F9F7BAFADDE90223F9F73CFD002800F0E0
:1070E0005781002425460E9BDB4304935646002718
:1070F0002146584600F0B4FB002DDCD02FB1AF4242
:1071000003D03946584600F0ABFB2946584600F0FC
:10711000A7FBD0E7049733461E4613F8012D392A02
:1071200007D19A45F8D1049A0132049230228AF8A4
:1071300000201A7801321A70BDE77B4B0022F9F764
:1071400083FA0022002304460D46F9F7E5FC0028E7
:107150003FF4BBAEF0E60B9A002A00F0DB80099A00
:10716000012A00F3BF80149A002A00F0B78003F2CE
:1071700033430A9C4646089A01211A4458469844CB
:10718000089200F021FC05465EB1089B002B08DD4B
:10719000B342089AA8BF3346A8EB0308F61AD31ADD
:1071A00008930A9BF3B10B9B002B00F0B7808CB1C6
:1071B00029462246584600F0C7FC4A460146054685
:1071C000584600F017FC49460490584600F048FB2A
:1071D000049B99460A9B1A1B04D04946584600F066
:1071E000B3FC81460121584600F0EEFB0F9B04469C
:1071F000002B00F0CF811A460146584600F0A4FC4F
:10720000099B012B044600F39580029B002B40F064
:107210008780039BC3F31303002B40F08980039BFB
:1072200023F000431B0D1B052BB1089B0133089372
:1072300008F1010801230A930F9B002B00F0B08195
:10724000236904EB8303186900F072FBC0F120008E
:10725000089B184410F01F0077D0C0F12003042BC6
:107260006BDD089BC0F11C00034480440644089376
:10727000B8F1000F05DD49464246584600F0BEFC15
:107280008146089B002B05DD21461A46584600F032
:10729000B5FC0446129B002B59D02146484600F00D
:1072A00019FD002853DA7B1E0493494600230A2265
:1072B000584600F0F7FA0B9B8146002B00F07281D4
:1072C000002329460A22584600F0ECFA009B002BC6
:1072D000054667DC099B022B41DC63E0169BC3F18A
:1072E000360346E7079B5C1E0A9BA342BFBF0A9B6F
:1072F0000F9A0A94E31AB4BFD2181C1B079BBCBF99
:107300000F920024002BB5BFA8EB0306079B0023B8
:10731000464630E70A9C0B9D464635E70A9A5CE7ED
:10732000002388E70000E03F0000244000001440F4
:10733000029B80E700230A9382E799D0089A1C33C6
:107340001A4498441E44089292E70346F6E7079BC6
:107350000497002B20DC0093099B022B1EDD009B71
:10736000002B7FF4C0AE21460522584600F09AFA61
:1073700001460446484600F0ADFC00287FF7B3AE56
:107380005646312306F8013B049B01330493AEE6D5
:10739000079C04972546F3E7079B00930B9B002B64
:1073A00000F00481002E05DD29463246584600F0E3
:1073B00025FC05460A9B002B5AD06968584600F008
:1073C0000FFA064628B9844B024640F2EF21FFF738
:1073D0005ABB2A690232920005F10C010C30FFF70A
:1073E000A4FA01223146584600F008FC0AF10103D4
:1073F0000793009B53440B93029B03F001032F461A
:107400000A930546079B2146013B48460093FFF738
:107410009AFA3946029000F13008484600F05AFCCA
:107420002A4608902146584600F070FCC26806467D
:1074300002BB0146484600F04DFC02463146584624
:107440000E9200F00DFA099B0E9A079E43EA020184
:107450000A9B194310D1B8F1390F29D0089B002B92
:1074600002DD029B03F13108009B83F800803FE6B8
:107470002846BBE70122E1E7089B002B04DB0999C2
:107480000B430A990B4320D1002AEDDD4946012226
:10749000584600F0B3FB2146814600F01BFC002853
:1074A00003DCE1D118F0010FDED0B8F1390FD8D1EB
:1074B000009A3923137033461E46013B16F8012CFF
:1074C000392A52D001321A7012E6002A07DDB8F1CB
:1074D000390FEDD0009A08F10103137008E6079BFD
:1074E000079A03F8018C0B9B934228D0494600234E
:1074F0000A22584600F0D6F9AF4281464FF0000309
:107500004FF00A023946584607D100F0CBF907463A
:107510000546079B0133079374E700F0C3F929463A
:10752000074600230A22584600F0BCF90546F0E75A
:10753000009B002BCCBF1E4601265644002749461F
:107540000122584600F05AFB2146814600F0C2FB5A
:107550000028B0DC02D118F0010FACD133461E4632
:1075600013F8012D302AFAD0C2E59A45A4D1049B24
:107570000133049331238AF80030B9E5239BDFF807
:107580005CA01BB10AF10803239A1360504619B09E
:10759000BDE8F08F099B012B7FF737AE0F9B0A9355
:1075A000012055E6009B002B7FF7D6AE56462146BC
:1075B0004846FFF7C8F900F1300806F8018B009B38
:1075C000A6EB0A029342B3DD494600230A2258463D
:1075D00000F068F98146EAE7148B0008988A0008F1
:1075E00038B50546002941D051F8043C0C1F002B4A
:1075F000B8BFE41800F0E8F81D4A136833B96360B7
:1076000014602846BDE8384000F0E4B8A34208D929
:10761000206821188B4201BF19685B680918216036
:10762000EDE71A465B680BB1A342FAD9116850180E
:10763000A0420BD120680144501883421160E0D170
:1076400018685B68536008441060DAE702D90C23BD
:107650002B60D6E7206821188B4204BF19685B684D
:10766000636004BF091821605460CAE738BD00BFD9
:10767000E0350020024B0146186800F025B800BF35
:10768000A008002070B50F4E0C463168054611B9B0
:1076900000F046FE30602146284600F041FE431CC3
:1076A00003D14FF0FF34204670BDC41C24F0030406
:1076B000A042F8D0211A284600F032FE0130F2D163
:1076C000EFE700BFDC3500202DE9F843CD1C25F0A5
:1076D000030508350C2D38BF0C25002D064601DBAF
:1076E000A94204D90C2333600020BDE8F883DFF8F9
:1076F000D48000F069F8D8F800301C4644BB294615
:107700003046FFF7BFFF431C044658D1D8F800406D
:107710002746002F43D1002C4BD0236839463046F2
:1077200004EB030900F0FCFD814542D121686D1A8C
:1077300029463046FFF7A6FF01303AD023682B4494
:107740002360D8F800305A6862BBC8F800700FE0B8
:107750002268521B20D40B2A17D96119A342256035
:1077600018BF5960636808BFC8F8001062514B60C9
:10777000304600F02FF804F10B00231D20F0070025
:10778000C21A1CBF1B1AA350AFE76268A3420CBF0A
:10779000C8F800205A60EBE723466468AEE73C4631
:1077A0007F68B6E71A465B68A342FBD100235360AB
:1077B000DEE70C233360304600F00CF894E70560F8
:1077C000D6E700BFE03500200148FFF7ACB800BFA6
:1077D000D83500200148FFF7A7B800BFD8350020F2
:1077E00070B5C66904460D4676B91020FFF742FF12
:1077F0000246E06120B9184B18486B2100F0A0FD4B
:10780000C0E901660660C660E669F36883B1E369B2
:10781000DB6853F82500B8B9012101FA05F6721D9D
:107820009200204600F0AAFD60B1C0E901560EE0CA
:1078300021220421204600F0A1FDE369F060DB680D
:10784000002BE4D1002070BD026843F825200023FE
:10785000C0E90333F7E700BFA58A0008258B0008BD
:1078600070B5C66905460C4676B91020FFF702FFD1
:107870000246E86120B9094B09488F2100F060FDFC
:10788000C0E901660660C6603CB1EB696268DB680E
:1078900053F82210216043F8224070BDA58A0008E9
:1078A000258B00082DE9F0410D6907460C461E4660
:1078B00001F1140C0020DCF8003099B202FB0161E8
:1078C0001E0C0B0C02FB063389B2013001EB0341A5
:1078D00085424CF8041B4FEA1346ECDC0EB3A36858
:1078E000AB4219DC616838460131FFF779FF804609
:1078F00028B902460C4B0D48BA2100F021FD22693F
:10790000023204F10C0192000C30FFF70EF8214610
:107910003846FFF7A5FF444604EB850301355E6159
:1079200025612046BDE8F081148B0008258B0008F6
:10793000B0F5803F034636BF030400201020B3F1AA
:10794000807F3CBF1B020830B3F1805F3CBF1B014E
:107950000430B3F1804F3CBF9B000230002B05DBAD
:1079600013F0804F00F1010008BF2020704703682A
:10797000024613F007000BD0D90721D4980749BF5E
:107980005B089B08012013605CBF136002207047F6
:1079900099B209B91B0C1020D9B209B908301B0AD9
:1079A000190704BF1B090430990704BF9B08023064
:1079B000D90703D45B0800F1010003D013607047BE
:1079C000002070472020704710B50C460121FFF7BA
:1079D00007FF024628B9054B054840F2451100F063
:1079E000AFFC01234461036110BD00BF148B00088C
:1079F000258B00082DE9F04F14460A6923699A4245
:107A0000A8BF23460F46A4BF0C461F46D4F810A0BB
:107A1000D7F81090A36861680AEB0906B34285B0F5
:107A2000B8BF0131FFF7DCFE30B90246444B454890
:107A30004FF4B17100F084FC00F1140505EB8608E9
:107A40002B460022434521D307F1140104F114020F
:107A500002EB8A0201EB89030293131B153B23F00F
:107A60000303043304F11507BA4238BF042301931A
:107A7000029B03918B420CD8002E03DD58F8043D85
:107A8000002B5BD0066105B0BDE8F08F43F8042BF6
:107A9000D8E7B1F800A0BAF1000F24D004F1140E19
:107AA000A9464FF0000C5EF8047BD9F800301FFAAD
:107AB00087FB9BB20AFB0B334FEA174BD9F80070D8
:107AC00063444FEA174C0AFB0BC707EB13479BB203
:107AD00043EA0743724549F8043B4FEA174CE2D8A2
:107AE000019B45F803C0039BB3F802900431B9F140
:107AF000000F21D02B6804F1140CAE464FF0000AA1
:107B0000BCF800B0BEF8027009FB0B7757449BB27B
:107B100043EA07434EF8043B5CF8043B4FEA134A40
:107B2000BEF8003009FB0A3303EB174362454FEA06
:107B3000134AE5D8019FEB51043599E7013E9BE7D5
:107B4000148B0008258B00082DE9F843154612F028
:107B5000030207460E4607D0254C013A002354F88D
:107B60002220FFF79FFE0646AD103DD0FC697CB990
:107B70001020FFF77FFD0246F86128B91D4B1E4813
:107B800040F2B31100F0DCFBC0E901440460C460C2
:107B9000D7F81C80D8F808404CB940F2712138461B
:107BA000FFF712FF0023C8F80800044603604FF0F7
:107BB0000009EB070AD5314622463846FFF71AFF7F
:107BC000314680463846FFF74BFE46466D100BD0D7
:107BD000206838B9224621463846FFF70BFF20605F
:107BE000C0F800900446E4E73046BDE8F88300BFE3
:107BF000808B0008A58A0008258B00082DE9F04736
:107C00000C464968236903EB6218A368074691464E
:107C10004FEA621A08F10106B3420BDB3846FFF760
:107C2000DFFD054648B90246284B29484FF4EF715D
:107C300000F086FB01315B00EEE7002300F1140148
:107C400000F110021846534533DB20692AEAEA7A2C
:107C500004F1140319F01F0901EB8A0103EB800CF6
:107C60002BD0C9F1200E8A460022186800FA09F0CC
:107C700010434AF8040B53F8042B9C4522FA0EF2E9
:107C8000F3D8ACEB0403153B23F00303043304F1F6
:107C90001500844538BF0423CA500AB108F1020612
:107CA000013E38462E612146FFF7DAFD2846BDE841
:107CB000F08742F8040F0133C5E7043953F8042B69
:107CC00041F8042F9C45F9D8EAE700BF148B00085F
:107CD000258B00080A6903460069801A30B50ED169
:107CE0001433143103EB820401EB820154F8045D78
:107CF00051F8042D954203D005D24FF0FF3030BD2E
:107D0000A342F3D3FBE70120F9E700002DE9F74F89
:107D100089460646114648461446FFF7DBFF051E16
:107D200012D129463046FFF75BFD024628B93F4B8A
:107D300040F237213E4800F003FB0123C0E904353F
:107D4000104603B0BDE8F08FBCBF4B46A14630469D
:107D5000D9F80410BABF1C4601250025FFF740FDE5
:107D6000024618B9314B40F24521E3E7D9F81070CB
:107D70002669C56009F1100309F1140504F1140E18
:107D800000F1140B05EB87080EEB86060193D9462C
:107D90004FF0000C019B5EF8040B53F804AF019305
:107DA0001FFA8AF3194683B2CB1A000C6344C0EB66
:107DB0001A4000EB23409BB243EA0043764549F862
:107DC000043B4FEA204CE5D8331B153B23F003035B
:107DD00015340433A64238BF04231D445B441E46B9
:107DE0002C4644450ED308F10301491B21F0030141
:107DF000033DA84538BF00210B4453F8041D91B141
:107E000017619DE754F8041BE646080C1CFA81FC38
:107E1000714400EB2C4089B241EA004146F8041B52
:107E20004FEA204CDDE7013FE7E700BF148B000875
:107E3000258B00082DE9F7430F46012159EC108BE3
:107E40001646FFF7CDFC044630B90246234B2448C2
:107E500040F20F3100F074FAC9F30A55C9F3130365
:107E60000DB143F480130193B8F1000323D06846A9
:107E70000093FFF77CFDDDE90012D0B1C0F12003D3
:107E800002FA03F30B43C24063610192019BA361B9
:107E9000002B0CBF012202222261A5B1A5F23345BD
:107EA00005443D60C0F135003060204603B0BDE8B8
:107EB000F0836161EAE701A8FFF759FD019B636167
:107EC00020300122E8E704EB8203A0F23240386060
:107ED0001869FFF72DFDC0EB4210E5E7148B000891
:107EE000258B00082DE9F0478E681F46BE420B68BF
:107EF00082460C4690462DD8B1F90C2012F4906FB2
:107F000026D06569096905EB4505A3EB010905EB79
:107F1000D5757B1C4B446D109D4238BF1D465305E3
:107F200027D52946FFF7D0FB064660B321694A46AC
:107F3000FEF7FBFCA38923F4906343F08003A38145
:107F4000266165614E44A5EB09052660A5603E46A5
:107F5000BE4200D93E4620683246414600F0C6F98E
:107F6000A3689B1BA3602368334423600020BDE803
:107F7000F0872A4600F028FA06460028E0D1216959
:107F80005046FFF72DFB0C23CAF80030A38943F0BD
:107F90004003A3814FF0FF30E9E700002DE9F04FE7
:107FA00098468B891B069DB007460D46144610D592
:107FB0000B6973B94021FFF787FB2860286130B94E
:107FC0000C233B604FF0FF301DB0BDE8F08F402325
:107FD0006B610023099320238DF82930CDF80C80A4
:107FE0003023DFF89C818DF82A304FF001092346B9
:107FF0009A4613F8012B0AB1252AF9D1BAEB040BE2
:108000000BD05B46224629463846FFF76BFF01300E
:1080100000F0A780099A5A4409929AF80030002B80
:1080200000F09F8000234FF0FF32CDE905230AF1D5
:10803000010A049307938DF853301A93544605228E
:1080400014F8011B4E48F8F7EBF8049AD8B9D0069B
:1080500044BF20238DF85330110744BF2B238DF8E4
:1080600053309AF800302A2B15D0079A5446002036
:108070004FF00A0C214611F8013B303B092B4BD93C
:10808000B0B1079214E0A0EB080309FA03F313431D
:108090000493A246D2E7039B191D1B680391002B92
:1080A000BBBF5B4242F0020207930793B8BF049242
:1080B00023782E2B0AD163782A2B32D1039B1A1DE9
:1080C0001B68039243EAE37302340593DFF8C0A010
:1080D000217803225046F8F7A3F838B1049BA0EBAF
:1080E0000A004022824013430134049314F8011B18
:1080F00024488DF828100622F8F792F8002836D088
:10810000214B1BBB039B073323F007030833039367
:10811000099B334409936AE70CFB02320C460120A9
:10812000A8E700230134059319464FF00A0C2046B6
:1081300010F8012B303A092A03D9002BC6D005913B
:10814000C4E70CFB012104460123F0E703AB0093D5
:108150002A460E4B04A93846FDF78AFE421C064605
:10816000D6D1AB895B063FF52DAF09982CE703AB61
:1081700000932A46054B04A93846FEF711F9EDE7AE
:10818000808C00088A8C0008715E0008E57E00087B
:10819000868C0008B1F90C202DE9F0411607054640
:1081A0000C4654D44B68002B02DC0B6C002B48DDD2
:1081B000E66A002E45D0002312F480522F68216A0F
:1081C0002B6030D0626DA389590705D56368D21A38
:1081D000636B0BB1236CD21A0023E66A216A28462E
:1081E000B047431CA38906D129681D292BD82A4AE8
:1081F0000A41D60727D400226260D904226922608E
:1082000004D5421C01D12B6803B96065616B2F60F6
:10821000B9B104F14403994202D02846FFF7E0F9CE
:10822000002363630DE001232846B0470246501C3B
:10823000C9D12B68002BC6D01D2B01D0162B1ED107
:108240002F60002022E043F040031BB21BE00F69C7
:10825000002FF6D093070E6808BF4B690F6018BF58
:108260000023A6EB07088B60B8F1000FE9DD216A57
:10827000A66A43463A462846B047002808DCB4F9C7
:108280000C3043F04003A3814FF0FF30BDE8F08194
:108290000744A8EB0008E7E7FEFFBFDF38B50B692E
:1082A00005460C4613B90025284638BD18B1036AA7
:1082B0000BB9FEF721FAB4F90C30002BF3D0626E43
:1082C000D00704D4990502D4A06DFEF72CFB2846F4
:1082D0002146FFF75FFF636EDA070546E4D4A38902
:1082E0009B05E1D4A06DFEF71FFBDDE7884210B5CA
:1082F00001EB020402D98442234607D8431EA1425F
:1083000008D011F8012B03F8012FF8E702440146C9
:108310008A4200D110BD13F8014D02F8014DF7E774
:1083200038B5064D0023044608462B60F9F7B0F82F
:10833000431C02D12B6803B1236038BDD435002023
:108340001FB514461A46094B1B680546D86854B930
:10835000074B1C46CDE9013400912B46054900F03E
:108360006FF800F07FF8044BF4E700BFA00800208E
:10837000D68C0008A88C00089B8C000870B5A1FB67
:1083800002543CB92946FFF79FF9064628B9002652
:10839000304670BD0C220260F9E72A462146FEF7FE
:1083A00044FAF5E782B001B901A942B14BB11378A3
:1083B0000B601278101E18BF012002B070471046E3
:1083C000FBE76FF00100F8E72DE9F0418046154624
:1083D0000C4621B9BDE8F0411146FFF775B92AB93D
:1083E000FFF7FEF800242046BDE8F08100F041F8D8
:1083F0008542064602D8B5EB500FF4D829464046D0
:10840000FFF762F907460028ECD0B5422A4621461C
:1084100028BF3246FEF789FA21464046FFF7E0F8CA
:108420003C46E0E70346084641B1FF2A04D98A22C8
:108430001A604FF0FF3070470A700120704700004B
:108440000EB403B5014603AB054853F8042B00688E
:10845000019300F03FF802B05DF804EB03B0704701
:10846000A008002008B5062000F008FA0120F8F75F
:10847000DFFF51F8043C181F002BBCBF0B58C0187D
:1084800070479368013B002B10B4936008DA94693D
:10849000A34201DB0A2903D15DF8044B00F032B995
:1084A0001368581C1060197008465DF8044B70473B
:1084B000F8B506460F461446D518AC4201D1002047
:1084C00007E014F8011B3A463046FFF7DAFF431C79
:1084D000F3D1F8BD2DE9F04F0D469DB014469846F6
:1084E000064618B1036A0BB9FEF706F96B6ED90799
:1084F00005D4AB899A0502D4A86DFEF714FAAB89AE
:108500001B0701D52B699BB92946304600F038F985
:1085100070B16B6EDC0704D54FF0FF301DB0BDE8C5
:10852000F08FAB899805F7D4A86DFEF7FDF9F3E756
:108530000023099320238DF82930CDF80C803023B7
:10854000DFF8AC818DF82A304FF0010923469A46B6
:1085500013F8012B0AB1252AF9D1BAEB040B0BD081
:108560005B46224629463046FFF7A2FF013000F065
:10857000A780099A5A4409929AF80030002B00F01B
:108580009F8000234FF0FF32CDE905230AF1010A55
:10859000049307938DF853301A935446052214F828
:1085A000011B5348F7F73CFE049AD8B9D10644BFE3
:1085B00020238DF85330130744BF2B238DF85330FD
:1085C0009AF800302A2B15D0079A544600204FF015
:1085D0000A0C214611F8013B303B092B4BD9B0B1B5
:1085E000079214E0A0EB080309FA03F31343049382
:1085F000A246D2E7039B191D1B680391002BBBBF4A
:108600005B4242F0020207930793B8BF04922378BB
:108610002E2B0AD163782A2B32D1039B1A1D1B689B
:10862000039243EAE37302340593DFF8D4A0217880
:1086300003225046F7F7F4FD38B1049BA0EB0A0083
:108640004022824013430134049314F8011B29484B
:108650008DF828100622F7F7E3FD00283FD0264BBF
:108660001BBB039B073323F0070308330393099BCA
:108670003B4409936AE70CFB02320C460120A8E751
:1086800000230134059319464FF00A0C204610F8D8
:10869000012B303A092A03D9002BC6D00591C4E733
:1086A0000CFB012104460123F0E703AB00932A46AB
:1086B000124B04A93046FDF7DBFB0746781CD6D1E8
:1086C0006B6ED90705D4AB899A0502D4A86DFEF765
:1086D0002BF9AB895B063FF51FAF09981EE703AB8B
:1086E00000932A46054B04A93046FDF759FEE4E7FE
:1086F000808C00088A8C0008715E0008B184000834
:10870000868C0008F8B50E461446054618B1036A73
:108710000BB9FDF7F1FFA369A360A3891A0701D57F
:10872000236943B92146284600F02AF818B14FF0D2
:10873000FF373846F8BD23682269981A6369F6B294
:108740008342374605DC21462846FFF7A7FD00286F
:10875000EDD1A368013BA36023685A1C22601E7000
:108760006269431C9A4204D0A389DB07E1D50A2E33
:10877000DFD121462846FFF791FD0028D9D0D6E762
:1087800038B5294B054618680C4618B1036A0BB971
:10879000FDF7B2FFB4F90C30190722D4DA0607D47A
:1087A00009222A6043F04003A3814FF0FF3033E0F9
:1087B000580712D5616B41B104F14403994202D0CC
:1087C0002846FEF70DFF00236363A38923F02403EB
:1087D000A3810023636023692360A38943F0080316
:1087E000A38123694BB9A38903F42073B3F5007FF8
:1087F00003D02146284600F083F8B4F90C3013F07A
:1088000001020AD00022A26062695242A26122697A
:1088100042B913F08000C5D138BD990758BF6269CD
:10882000A260F4E70020F7E7A00800201F2938B570
:1088300005460C4604D9162303604FF0FF3038BDBF
:10884000C26B12B152F821304BB9284600F030F813
:10885000224601462846BDE8384000F017B8012BF3
:108860000AD0591C03D1162303600120E7E7002139
:1088700042F82410204698470020E0E7024B0146CA
:108880001868FFF7D3BF00BFA008002038B5074D18
:1088900000230446084611462B60F8F7C1FD431C2F
:1088A00002D12B6803B1236038BD00BFD43500204E
:1088B000F8F7B4BD70B50C46B1F90E10002996B0AA
:1088C00015461E460DDAA38913F0800F4FF0000104
:1088D00014BF40234FF48063002031602B6016B03A
:1088E00070BD6A4600F048F80028ECDB019901F4FD
:1088F0007041A1F50053594259414FF48063EBE7B1
:108900008B89F7B59D0706460C4607D504F147034A
:10891000236023610123636103B0F0BD01AB6A46AC
:10892000FFF7C8FF009F054639463046FEF7CCFEEC
:1089300048B9B4F90C309A05EED423F0030343F0A0
:108940000203A381E2E7A389206043F08003A381AF
:10895000019BC4E904075BB1B4F90E10304600F086
:108960001DF828B1A38923F0030343F00103A38179
:10897000A3891D43A581CFE738B5074D00230446E1
:10898000084611462B60F8F779FD431C02D12B688D
:1089900003B1236038BD00BFD435002038B5064D83
:1089A0000023044608462B60F8F76EFD431C02D1F5
:1089B0002B6803B1236038BDD4350020F8B500BF63
:1089C000F8BC08BC9E467047F8B500BFF8BC08BCB0
:0489D0009E46704708
:1089D8000000000001020304000000000000000085
:1089E80001020304060708094146523A0000000044
:1089F800256600005447543A0000000049474E3AA3
:108A0800000000004941543A000000005446543A1E
:108A180000000000434C543A00000000454F543A0F
:108A2800000000000001020304050607080C1014EA
:108A380018203040010002000400060008000A0067
:108A48000C0010002000400080000001080402040F
:108A5800080101010101010307010000494E460018
:108A6800696E66004E414E006E616E003000303116
:108A7800323334353637383941424344454600307D
:108A880031323334353637383961626364656600AC
:108A9800496E66696E697479004E614E00524545AB
:108AA8004E54206D616C6C6F6320737563636565EC
:108AB800646564002F6275696C642F676E752D7428
:108AC8006F6F6C732D666F722D73746D33325F31F7
:108AD800322E332E72656C312E32303234303932C8
:108AE800362D313731352F7372632F6E65776C6988
:108AF800622F6E65776C69622F6C6962632F73747D
:108B0800646C69622F64746F612E630042616C6CDF
:108B18006F6320737563636565646564002F6275B0
:108B2800696C642F676E752D746F6F6C732D666F2B
:108B3800722D73746D33325F31322E332E72656C41
:108B4800312E32303234303932362D313731352FFB
:108B58007372632F6E65776C69622F6E65776C69C7
:108B6800622F6C6962632F7374646C69622F6D7015
:108B78007265632E63000000050000001900000004
:108B88007D000000000000000080E03779C3414309
:108B9800176E05B5B5B89346F5F93FE9034F384D5B
:108BA800321D30F94877825A3CBF737FDD4F157507
:108BB800000000000000F03F00000000000024401A
:108BC80000000000000059400000000000408F40F5
:108BD800000000000088C34000000000006AF84060
:108BE8000000000080842E4100000000D012634184
:108BF8000000000084D797410000000065CDCD41FA
:108C0800000000205FA00242000000E876483742DA
:108C1800000000A2941A6D42000040E59C30A24278
:108C28000000901EC4BCD64200003426F56B0C43ED
:108C38000080E03779C3414300A0D8855734764394
:108C480000C84E676DC1AB43003D9160E458E143F5
:108C5800408CB5781DAF154450EFE2D6E41A4B446A
:108C680092D54D06CFF08044F64AE1C7022DB544AF
:108C7800B49DD9794378EA44232D302B2000686CC1
:108C88004C00656667454647004300504F534958B6
:108C9800002E002C2066756E6374696F6E3A200092
:108CA800617373657274696F6E2022257322206662
:108CB80061696C65643A2066696C652022257322B7
:108CC8002C206C696E65202564257325730A0000C5
:108CD8002020202020202020202828282828202064
:108CE800202020202020202020202020202020207C
:108CF80088101010101010101010101010101010F4
:108D080004040404040404040404101010101010D3
:108D180010414141414141010101010101010101AC
:108D280001010101010101010101011010101010E0
:108D3800104242424242420202020202020202027D
:108D480002020202020202020202021010101020A5
:108D5800000000000000000000000000000000000B
:108D680000000000000000000000000000000000FB
:108D780000000000000000000000000000000000EB
:108D880000000000000000000000000000000000DB
:108D980000000000000000000000000000000000CB
:108DA80000000000000000000000000000000000BB
:108DB80000000000000000000000000000000000AB
:108DC800000000000000000000000000000000009B
:088DD8004874FF7F0100000058
:048DE0000502000880
:048DE400E1010008A1
:108DE8000024F4009600000030750000DF07010041
:108DF80005000000DF0701000F000000E007220067
:108E080010130104E10722001C1E020400000000E8
:108E1800000000000000000000000000000000004A
:108E2800000000000000000000000000000000003A
:108E3800000000000000000000000000000000002A
:108E4800000000000000000000000000000000001A
:108E5800000000000000000000000000000000000A
:108E680000000000000000000000000000000000FA
:108E780000000000000000000000000000000000EA
:108E880000000000000000000000000000000000DA
:108E980000000000000000000000000000000000CA
:108EA80000000000DF07010006000000DF070100E6
:108EB8000B000000DF0701000C000000DF070100C5
:108EC8000D000000DF0701000E000000DF070100B1
:108ED80011000000DF07010034000000DF07010077
:108EE8003C000000DF07010044000000DF0701002C
:108EF8004500000000000000000000000000000025
:108F08000000000000000000000000000000000059
:108F18000000000000000000000000000000000049
:108F28000000000000000000000000000000000039
:108F38000000000000000000000000000000000029
:108F48000000000000000000000000000000000019
:108F58000000000000000000000000000054004075
:108F680000000000000000000000000000000000F9
:108F780000000000000000000000000000000000E9
:108F880000000000000000000000000000000000D9
:108F980000000000000000000000000000000000C9
:108FA80000000000000000000000000000000000B9
:108FB80000000000000000000000000000000000A9
:108FC8000000000000000000000000000000000099
:108FD8000000000000000000000000000000000089
:108FE8000000000000000000000000000000000079
:108FF8000000000000000000000000000000000069
:109008000000000000000000000000000000000058
:109018000000000000000000000000000000000048
:109028000000000000000000000000000000000038
:109038000000000000000000000000000000000028
:109048000000000000000000000000000000000018
:109058000000000000000000000000000000000008
:1090680000000000000000000000000000000000F8
:1090780000000000000000000000000000000000E8
:1090880000000000000000000000000000000000D8
:1090980000000000000000000000000000000000C8
:1090A80000000000000000000000000000000000B8
:1090B80000000000000000000000000000000000A8
:1090C8000000000000000000000000000000000098
:1090D8000000000000000000000000000000000088
:1090E8000000000000000000000000000000000078
:1090F8000000000000000000000000000000000068
:109108000000000000000000000000000000000057
:109118000000000000000000000000000000000047
:109128000000000000000000000000000000000037
:109138000000000000000000000000000000000027
:109148000000000000000000000000000000000017
:109158000000000000000000000000000000000007
:1091680000000000000000000000000000000000F7
:1091780000000000000000000000000000000000E7
:1091880000000000000000000000000000000000D7
:1091980000000000000000000000000000000000C7
:1091A80000000000000000000000000000000000B7
:1091B80000000000000000000000000000000000A7
:1091C8000000000000000000000000000000000097
:1091D8000000000000000000000000000000000087
:1091E8000000000000000000000000000000000077
:1091F8000000000000000000000000000000000067
:109208000000000000000000000000000000000056
:109218000000000000000000000000000000000046
:109228000000000000000000000000000000000036
:109238000000000000000000000000000000000026
:109248000000000000000000000000000000000016
:109258000000000000000000000000000000000006
:1092680000000000000000000000000000000000F6
:1092780000000000000000000000000000000000E6
:1092880000000000000000000000000000000000D6
:1092980000000000000000000000000000000000C6
:1092A80000000000000000000000000000000000B6
:1092B80000000000000000000000000000000000A6
:1092C8000000000000000000000000000000000096
:1092D8000000000000000000000000000000000086
:1092E8000000000000000000000000000000000076
:1092F8000000000000000000000000000000000066
:109308000000000000000000000000000000000055
:109318000000000000000000000000000000000045
:109328000000000000000000000000000000000035
:109338000000000000000000000000000000000025
:109348000000000000000000000000000000000015
:109358000000000000000000000000000000000005
:1093680000000000000000000000000000000000F5
:1093780000000000000000000000000000000000E5
:1093880000000000000000000000000000000000D5
:1093980000000000000000000000000000000000C5
:1093A80000000000000000000000000000000000B5
:1093B80000000000000000000000000000000000A5
:1093C8000000000000000000000000000000000095
:1093D8000000000000000000000000000000000085
:1093E8000000000000000000000000000000000075
:1093F8000000000000000000000000000000000065
:109408000000000000000000000000000000000054
:109418000000000000000000000000000000000044
:109428000000000000000000000000000000000034
:109438000000000000000000000000000000000024
:109448000000000000000000000000000000000014
:109458000000000000000000000000000000000004
:1094680000000000000000000000000000000000F4
:1094780000000000000000000000000000000000E4
:1094880000000000000000000000000000000000D4
:1094980000000000000000000000000000000000C4
:1094A80000000000000000000000000000000000B4
:1094B80000000000000000000000000000000000A4
:1094C8000000000000000000000000000000000094
:1094D8000000000000000000000000000000000084
:1094E8000000000000000000000000000000000074
:1094F8000000000000000000000000000000000064
:109508000000000000000000000000000000000053
:109518000000000000000000000000000000000043
:109528000000000000000000000000000000000033
:109538000000000000000000000000000000000023
:109548000000000000000000000000000000000013
:109558000000000000000000000000000000000003
:1095680000000000000000000000000000000000F3
:1095780000000000000000000000000000000000E3
:1095880000000000000000000000000000000000D3
:1095980000000000000000000000000000000000C3
:1095A80000000000000000000000000000000000B3
:1095B80000000000000000000000000000000000A3
:1095C8000000000000000000000000000000000093
:1095D8000000000000000000000000000000000083
:1095E8000000000000000000000000000000000073
:1095F8000000000000000000000000000000000063
:109608000000000000000000000000000000000052
:109618000000000000000000000000000000000042
:109628000000000000000000000000000000000032
:109638000000000000000000000000000000000022
:109648000000000000000000000000000000000012
:109658000000000000000000000000000000000002
:1096680000000000000000000100000010000000E1
:1096780001000000000000000300000098340020F2
:10968800A4080020000000009834002000350020C5
:109698006835002000000000000000000000000005
:1096A80000000000000000000000000000000000B2
:1096B80000000000000000000000000000000000A2
:1096C8000000000000000000000000000000000092
:1096D800430000000000000000000000000000003F
:1096E8000000000000000000000000000000000072
:1096F800430000000000000000000000000000001F
:109708000000000000000000000000000000000051
:1097180043000000000000000000000000000000FE
:109728000000000000000000000000000000000031
:1097380043000000000000000000000000000000DE
:109748000000000000000000000000000000000011
:1097580043000000000000000000000000000000BE
:1097680000000000000000000000000000000000F1
:10977800430000000000000000000000000000009E
:1097880000000000000000000000000000000000D1
:10979800430000000000000000000000000000007E
:1097A80000000000000000000000000000000000B1
:1097B80025840008A583000800000000D78C000855
:1097C800998C0008D68C0008D68C0008D68C000826
:1097D800D68C0008D68C0008D68C0008D68C0008D9
:1097E800D68C0008D68C0008FFFFFFFFFFFFFFFFA5
:1097F800FFFFFFFFFFFF00000100415343494900FD
:109808000000000000000000000000000000000050
:1098180000000000000000000000415343494900D7
:109828000000000000000000000000000000000030
:0C98380000000000000000000000000024
:04000005080017AD2B
:00000001FF
