Timestamp,0x0,0x1,0x2,0x3,0x4,0x5,0x6,0x7,0x8,0x9,0xa,0xb,0xc,0xd,0xe,0xf,0x10,0x11,0x12,0x13,0x14,0x15,0x16,0x17,0x18,0x19,0x1a,0x1b,0x1c,0x1d,0x1e,0x1f,0x20,0x21,0x22,0x23,0x24,0x25,0x26,0x27,0x28,0x29,0x2a,0x2b,0x2c,0x2d,0x2e,0x2f,0x30,0x31,0x32,0x33,0x34,0x35,0x36,0x37,0x38,0x39,0x3a,0x3b,0x3c,0x3d,0x3e,0x3f,0x40,0x41,0x42,0x43,0x44,0x45,0x46,0x47,0x48,0x49,0x4a,0x4b,0x4c,0x4d,0x4e,0x4f,0x50,0x51,0x52,0x53,0x54,0x55,0x56,0x57,0x58,0x59,0x5a,0x5b,0x5c,0x5d,0x5e,0x5f,0x60,0x61,0x62,0x63,0x64,0x65,0x66,0x67,0x68,0x69,0x6a,0x6b,0x6c,0x6d,0x6e,0x6f,0x70,0x71,0x72,0x73,0x74,0x75,0x76,0x77,0x78,0x79,0x7a,0x7b,0x7c,
2025-06-02 01:09:59.524750,431598859,431598859,431598859,431598859,169254454.50980392,431598819,3371766.0859375,3371766.0859375,3371766.0859375,3371766.0859375,1294796577,431598859,107899714.75,431598859,215799365.5,431598819,4315988.59,169254454.50980392,431598859,431598859,2157994.295,2157994.295,2157994.295,2157994.295,2157994.295,2157994.295,2157994.295,2157994.295,431598859,431598859,431598859,431598859,431598859,431598859,34096309.861,4315988590,13171.35189819336,13171.35189819336,13171.35189819336,13171.35189819336,13171.35189819336,13171.35189819336,13171.35189819336,13171.35189819336,169254454.50980392,337186508.59375,169254454.50980392,169254454.50980392,431598859,431598859,107899714.75,431598859,0.200958251953125,0.200958251953125,0.200958251953125,0.200958251953125,0.200958251953125,0.200958251953125,0.200958251953125,0.200958251953125,43159845.9,43159845.9,43159845.9,43159845.9,431598859,431598859,431598.859,169254454.50980392,13171.35189819336,169254454.50980392,431598819,169254454.50980392,169254454.50980392,169254454.50980392,169254454.50980392,169254454.50980392,169254454.50980392,431598859,431598859,431598859,4315988590,431598859,169254454.50980392,2157994.295,431598859,3371766.0859375,3371766.0859375,3371766.0859375,3371766.0859375,4315988590,169254454.50980392,169254454.50980392,431598819,3371656.0859375,21579942.95,431598859,431598859,431598734,431598734,431598859,169254454.50980392,431598859,431598859,431598859,431598859,431598859,431598859,431598859,431598859,431598859,431598859,431598859,431598859,431598859,431598859,431598859,431598859,431598859,431598859,431598859,431598859,431598859,431598859,431598859,431598859,
2025-06-02 01:09:59.581740,431603767,431603767,431603767,431603767,169256379.2156863,431603727,3371804.4296875,3371804.4296875,3371804.4296875,3371804.4296875,1294811301,431603767,107900941.75,431603767,215801819.5,431603727,4316037.67,169256379.2156863,431603767,431603767,2158018.835,2158018.835,2158018.835,2158018.835,2158018.835,2158018.835,2158018.835,2158018.835,431603767,431603767,431603767,431603767,431603767,431603767,34096697.593,4316037670,13171.501678466797,13171.501678466797,13171.501678466797,13171.501678466797,13171.501678466797,13171.501678466797,13171.501678466797,13171.501678466797,169256379.2156863,337190342.96875,169256379.2156863,169256379.2156863,431603767,431603767,107900941.75,431603767,0.200958251953125,0.200958251953125,0.200958251953125,0.200958251953125,0.200958251953125,0.200958251953125,0.200958251953125,0.200958251953125,43160336.7,43160336.7,43160336.7,43160336.7,431603767,431603767,431603.767,169256379.2156863,13171.501678466797,169256379.2156863,431603727,169256379.2156863,169256379.2156863,169256379.2156863,169256379.2156863,169256379.2156863,169256379.2156863,431603767,431603767,431603767,4316037670,431603767,169256379.2156863,2158018.835,431603767,3371804.4296875,3371804.4296875,3371804.4296875,3371804.4296875,4316037670,169256379.2156863,169256379.2156863,431603727,3371694.4296875,21580188.35,431603767,431603767,431603642,431603642,431603767,169256379.2156863,431603767,431603767,431603767,431603767,431603767,431603767,431603767,431603767,431603767,431603767,431603767,431603767,431603767,431603767,431603767,431603767,431603767,431603767,431603767,431603767,431603767,431603767,431603767,431603767,
2025-06-02 01:09:59.632710,431609720,431609720,431609720,431609720,169258713.72549018,431609680,3371850.9375,3371850.9375,3371850.9375,3371850.9375,1294829160,431609720,107902430.0,431609720,215804796.0,431609680,4316097.2,169258713.72549018,431609720,431609720,2158048.6,2158048.6,2158048.6,2158048.6,2158048.6,2158048.6,2158048.6,2158048.6,431609720,431609720,431609720,431609720,431609720,431609720,34097167.88,4316097200,13171.683349609375,13171.683349609375,13171.683349609375,13171.683349609375,13171.683349609375,13171.683349609375,13171.683349609375,13171.683349609375,169258713.72549018,337194993.75,169258713.72549018,169258713.72549018,431609720,431609720,107902430.0,431609720,0.200958251953125,0.200958251953125,0.200958251953125,0.200958251953125,0.200958251953125,0.200958251953125,0.200958251953125,0.200958251953125,43160932.0,43160932.0,43160932.0,43160932.0,431609720,431609720,431609.72,169258713.72549018,13171.683349609375,169258713.72549018,431609680,169258713.72549018,169258713.72549018,169258713.72549018,169258713.72549018,169258713.72549018,169258713.72549018,431609720,431609720,431609720,4316097200,431609720,169258713.72549018,2158048.6,431609720,3371850.9375,3371850.9375,3371850.9375,3371850.9375,4316097200,169258713.72549018,169258713.72549018,431609680,3371740.9375,21580486.0,431609720,431609720,431609595,431609595,431609720,169258713.72549018,431609720,431609720,431609720,431609720,431609720,431609720,431609720,431609720,431609720,431609720,431609720,431609720,431609720,431609720,431609720,431609720,431609720,431609720,431609720,431609720,431609720,431609720,431609720,431609720,
2025-06-02 01:09:59.703099,431617215,431617215,431617215,431617215,169261652.94117647,431617175,3371909.4921875,3371909.4921875,3371909.4921875,3371909.4921875,1294851645,431617215,107904303.75,431617215,215808543.5,431617175,4316172.15,169261652.94117647,431617215,431617215,2158086.075,2158086.075,2158086.075,2158086.075,2158086.075,2158086.075,2158086.075,2158086.075,431617215,431617215,431617215,431617215,431617215,431617215,34097759.985,4316172150,13171.912078857422,13171.912078857422,13171.912078857422,13171.912078857422,13171.912078857422,13171.912078857422,13171.912078857422,13171.912078857422,169261652.94117647,337200849.21875,169261652.94117647,169261652.94117647,431617215,431617215,107904303.75,431617215,0.200958251953125,0.200958251953125,0.200958251953125,0.200958251953125,0.200958251953125,0.200958251953125,0.200958251953125,0.200958251953125,43161681.5,43161681.5,43161681.5,43161681.5,431617215,431617215,431617.215,169261652.94117647,13171.912078857422,169261652.94117647,431617175,169261652.94117647,169261652.94117647,169261652.94117647,169261652.94117647,169261652.94117647,169261652.94117647,431617215,431617215,431617215,4316172150,431617215,169261652.94117647,2158086.075,431617215,3371909.4921875,3371909.4921875,3371909.4921875,3371909.4921875,4316172150,169261652.94117647,169261652.94117647,431617175,3371799.4921875,21580860.75,431617215,431617215,431617090,431617090,431617215,169261652.94117647,431617215,431617215,431617215,431617215,431617215,431617215,431617215,431617215,431617215,431617215,431617215,431617215,431617215,431617215,431617215,431617215,431617215,431617215,431617215,431617215,431617215,431617215,431617215,431617215,
2025-06-02 01:09:59.764071,431622860,431622860,431622860,431622860,169263866.6666667,431622820,3371953.59375,3371953.59375,3371953.59375,3371953.59375,1294868580,431622860,107905715.0,431622860,215811366.0,431622820,4316228.6,169263866.6666667,431622860,431622860,2158114.3,2158114.3,2158114.3,2158114.3,2158114.3,2158114.3,2158114.3,2158114.3,431622860,431622860,431622860,431622860,431622860,431622860,34098205.94,4316228600,13172.084350585938,13172.084350585938,13172.084350585938,13172.084350585938,13172.084350585938,13172.084350585938,13172.084350585938,13172.084350585938,169263866.6666667,337205259.375,169263866.6666667,169263866.6666667,431622860,431622860,107905715.0,431622860,0.20098876953125,0.20098876953125,0.20098876953125,0.20098876953125,0.20098876953125,0.20098876953125,0.20098876953125,0.20098876953125,43162246.0,43162246.0,43162246.0,43162246.0,431622860,431622860,431622.86,169263866.6666667,13172.084350585938,169263866.6666667,431622820,169263866.6666667,169263866.6666667,169263866.6666667,169263866.6666667,169263866.6666667,169263866.6666667,431622860,431622860,431622860,4316228600,431622860,169263866.6666667,2158114.3,431622860,3371953.59375,3371953.59375,3371953.59375,3371953.59375,4316228600,169263866.6666667,169263866.6666667,431622820,3371843.59375,21581143.0,431622860,431622860,431622735,431622735,431622860,169263866.6666667,431622860,431622860,431622860,431622860,431622860,431622860,431622860,431622860,431622860,431622860,431622860,431622860,431622860,431622860,431622860,431622860,431622860,431622860,431622860,431622860,431622860,431622860,431622860,431622860,
2025-06-02 01:09:59.835072,431628968,431628968,431628968,431628968,169266261.96078432,431628928,3372001.3125,3372001.3125,3372001.3125,3372001.3125,1294886904,431628968,107907242.0,431628968,215814420.0,431628928,4316289.68,169266261.96078432,431628968,431628968,2158144.84,2158144.84,2158144.84,2158144.84,2158144.84,2158144.84,2158144.84,2158144.84,431628968,431628968,431628968,431628968,431628968,431628968,34098688.472,4316289680,13172.270751953125,13172.270751953125,13172.270751953125,13172.270751953125,13172.270751953125,13172.270751953125,13172.270751953125,13172.270751953125,169266261.96078432,337210031.25,169266261.96078432,169266261.96078432,431628968,431628968,107907242.0,431628968,0.20098876953125,0.20098876953125,0.20098876953125,0.20098876953125,0.20098876953125,0.20098876953125,0.20098876953125,0.20098876953125,43162856.8,43162856.8,43162856.8,43162856.8,431628968,431628968,431628.968,169266261.96078432,13172.270751953125,169266261.96078432,431628928,169266261.96078432,169266261.96078432,169266261.96078432,169266261.96078432,169266261.96078432,169266261.96078432,431628968,431628968,431628968,4316289680,431628968,169266261.96078432,2158144.84,431628968,3372001.3125,3372001.3125,3372001.3125,3372001.3125,4316289680,169266261.96078432,169266261.96078432,431628928,3371891.3125,21581448.4,431628968,431628968,431628843,431628843,431628968,169266261.96078432,431628968,431628968,431628968,431628968,431628968,431628968,431628968,431628968,431628968,431628968,431628968,431628968,431628968,431628968,431628968,431628968,431628968,431628968,431628968,431628968,431628968,431628968,431628968,431628968,
2025-06-02 01:09:59.886175,431635691,431635691,431635691,431635691,169268898.43137255,431635651,3372053.8359375,3372053.8359375,3372053.8359375,3372053.8359375,1294907073,431635691,107908922.75,431635691,215817781.5,431635651,4316356.91,169268898.43137255,431635691,431635691,2158178.455,2158178.455,2158178.455,2158178.455,2158178.455,2158178.455,2158178.455,2158178.455,431635691,431635691,431635691,431635691,431635691,431635691,34099219.589,4316356910,13172.47592163086,13172.47592163086,13172.47592163086,13172.47592163086,13172.47592163086,13172.47592163086,13172.47592163086,13172.47592163086,169268898.43137255,337215283.59375,169268898.43137255,169268898.43137255,431635691,431635691,107908922.75,431635691,0.20098876953125,0.20098876953125,0.20098876953125,0.20098876953125,0.20098876953125,0.20098876953125,0.20098876953125,0.20098876953125,43163529.1,43163529.1,43163529.1,43163529.1,431635691,431635691,431635.691,169268898.43137255,13172.47592163086,169268898.43137255,431635651,169268898.43137255,169268898.43137255,169268898.43137255,169268898.43137255,169268898.43137255,169268898.43137255,431635691,431635691,431635691,4316356910,431635691,169268898.43137255,2158178.455,431635691,3372053.8359375,3372053.8359375,3372053.8359375,3372053.8359375,4316356910,169268898.43137255,169268898.43137255,431635651,3371943.8359375,21581784.55,431635691,431635691,431635566,431635566,431635691,169268898.43137255,431635691,431635691,431635691,431635691,431635691,431635691,431635691,431635691,431635691,431635691,431635691,431635691,431635691,431635691,431635691,431635691,431635691,431635691,431635691,431635691,431635691,431635691,431635691,431635691,
2025-06-02 01:09:59.951145,431641682,431641682,431641682,431641682,169271247.84313723,431641642,3372100.640625,3372100.640625,3372100.640625,3372100.640625,1294925046,431641682,107910420.5,431641682,215820777.0,431641642,4316416.82,169271247.84313723,431641682,431641682,2158208.41,2158208.41,2158208.41,2158208.41,2158208.41,2158208.41,2158208.41,2158208.41,431641682,431641682,431641682,431641682,431641682,431641682,34099692.878,4316416820,13172.658752441406,13172.658752441406,13172.658752441406,13172.658752441406,13172.658752441406,13172.658752441406,13172.658752441406,13172.658752441406,169271247.84313723,337219964.0625,169271247.84313723,169271247.84313723,431641682,431641682,107910420.5,431641682,0.20098876953125,0.20098876953125,0.20098876953125,0.20098876953125,0.20098876953125,0.20098876953125,0.20098876953125,0.20098876953125,43164128.2,43164128.2,43164128.2,43164128.2,431641682,431641682,431641.682,169271247.84313723,13172.658752441406,169271247.84313723,431641642,169271247.84313723,169271247.84313723,169271247.84313723,169271247.84313723,169271247.84313723,169271247.84313723,431641682,431641682,431641682,4316416820,431641682,169271247.84313723,2158208.41,431641682,3372100.640625,3372100.640625,3372100.640625,3372100.640625,4316416820,169271247.84313723,169271247.84313723,431641642,3371990.640625,21582084.1,431641682,431641682,431641557,431641557,431641682,169271247.84313723,431641682,431641682,431641682,431641682,431641682,431641682,431641682,431641682,431641682,431641682,431641682,431641682,431641682,431641682,431641682,431641682,431641682,431641682,431641682,431641682,431641682,431641682,431641682,431641682,
2025-06-02 01:10:00.002162,431647586,431647586,431647586,431647586,169273563.13725492,431647546,3372146.765625,3372146.765625,3372146.765625,3372146.765625,1294942758,431647586,107911896.5,431647586,215823729.0,431647546,4316475.86,169273563.13725492,431647586,431647586,2158237.93,2158237.93,2158237.93,2158237.93,2158237.93,2158237.93,2158237.93,2158237.93,431647586,431647586,431647586,431647586,431647586,431647586,34100159.294,4316475860,13172.838928222656,13172.838928222656,13172.838928222656,13172.838928222656,13172.838928222656,13172.838928222656,13172.838928222656,13172.838928222656,169273563.13725492,337224576.5625,169273563.13725492,169273563.13725492,431647586,431647586,107911896.5,431647586,0.20098876953125,0.20098876953125,0.20098876953125,0.20098876953125,0.20098876953125,0.20098876953125,0.20098876953125,0.20098876953125,43164718.6,43164718.6,43164718.6,43164718.6,431647586,431647586,431647.586,169273563.13725492,13172.838928222656,169273563.13725492,431647546,169273563.13725492,169273563.13725492,169273563.13725492,169273563.13725492,169273563.13725492,169273563.13725492,431647586,431647586,431647586,4316475860,431647586,169273563.13725492,2158237.93,431647586,3372146.765625,3372146.765625,3372146.765625,3372146.765625,4316475860,169273563.13725492,169273563.13725492,431647546,3372036.765625,21582379.3,431647586,431647586,431647461,431647461,431647586,169273563.13725492,431647586,431647586,431647586,431647586,431647586,431647586,431647586,431647586,431647586,431647586,431647586,431647586,431647586,431647586,431647586,431647586,431647586,431647586,431647586,431647586,431647586,431647586,431647586,431647586,
2025-06-02 01:10:00.076080,431655196,431655196,431655196,431655196,169276547.4509804,431655156,3372206.21875,3372206.21875,3372206.21875,3372206.21875,1294965588,431655196,107913799.0,431655196,215827534.0,431655156,4316551.96,169276547.4509804,431655196,431655196,2158275.98,2158275.98,2158275.98,2158275.98,2158275.98,2158275.98,2158275.98,2158275.98,431655196,431655196,431655196,431655196,431655196,431655196,34100760.484,4316551960,13173.071166992188,13173.071166992188,13173.071166992188,13173.071166992188,13173.071166992188,13173.071166992188,13173.071166992188,13173.071166992188,169276547.4509804,337230521.875,169276547.4509804,169276547.4509804,431655196,431655196,107913799.0,431655196,0.20098876953125,0.20098876953125,0.20098876953125,0.20098876953125,0.20098876953125,0.20098876953125,0.20098876953125,0.20098876953125,43165479.6,43165479.6,43165479.6,43165479.6,431655196,431655196,431655.196,169276547.4509804,13173.071166992188,169276547.4509804,431655156,169276547.4509804,169276547.4509804,169276547.4509804,169276547.4509804,169276547.4509804,169276547.4509804,431655196,431655196,431655196,4316551960,431655196,169276547.4509804,2158275.98,431655196,3372206.21875,3372206.21875,3372206.21875,3372206.21875,4316551960,169276547.4509804,169276547.4509804,431655156,3372096.21875,21582759.8,431655196,431655196,431655071,431655071,431655196,169276547.4509804,431655196,431655196,431655196,431655196,431655196,431655196,431655196,431655196,431655196,431655196,431655196,431655196,431655196,431655196,431655196,431655196,431655196,431655196,431655196,431655196,431655196,431655196,431655196,431655196,
2025-06-02 01:10:00.138259,431660503,431660503,431660503,431660503,169278628.62745097,431660463,3372247.6796875,3372247.6796875,3372247.6796875,3372247.6796875,1294981509,431660503,107915125.75,431660503,215830187.5,431660463,4316605.03,169278628.62745097,431660503,431660503,2158302.515,2158302.515,2158302.515,2158302.515,2158302.515,2158302.515,2158302.515,2158302.515,431660503,431660503,431660503,431660503,431660503,431660503,34101179.737,4316605030,13173.233123779297,13173.233123779297,13173.233123779297,13173.233123779297,13173.233123779297,13173.233123779297,13173.233123779297,13173.233123779297,169278628.62745097,337234667.96875,169278628.62745097,169278628.62745097,431660503,431660503,107915125.75,431660503,0.20098876953125,0.20098876953125,0.20098876953125,0.20098876953125,0.20098876953125,0.20098876953125,0.20098876953125,0.20098876953125,43166010.3,43166010.3,43166010.3,43166010.3,431660503,431660503,431660.503,169278628.62745097,13173.233123779297,169278628.62745097,431660463,169278628.62745097,169278628.62745097,169278628.62745097,169278628.62745097,169278628.62745097,169278628.62745097,431660503,431660503,431660503,4316605030,431660503,169278628.62745097,2158302.515,431660503,3372247.6796875,3372247.6796875,3372247.6796875,3372247.6796875,4316605030,169278628.62745097,169278628.62745097,431660463,3372137.6796875,21583025.15,431660503,431660503,431660378,431660378,431660503,169278628.62745097,431660503,431660503,431660503,431660503,431660503,431660503,431660503,431660503,431660503,431660503,431660503,431660503,431660503,431660503,431660503,431660503,431660503,431660503,431660503,431660503,431660503,431660503,431660503,431660503,
2025-06-02 01:10:00.184168,431667163,431667163,431667163,431667163,169281240.39215684,431667123,3372299.7109375,3372299.7109375,3372299.7109375,3372299.7109375,1295001489,431667163,107916790.75,431667163,215833517.5,431667123,4316671.63,169281240.39215684,431667163,431667163,2158335.815,2158335.815,2158335.815,2158335.815,2158335.815,2158335.815,2158335.815,2158335.815,431667163,431667163,431667163,431667163,431667163,431667163,34101705.877000004,4316671630,13173.43637084961,13173.43637084961,13173.43637084961,13173.43637084961,13173.43637084961,13173.43637084961,13173.43637084961,13173.43637084961,169281240.39215684,337239871.09375,169281240.39215684,169281240.39215684,431667163,431667163,107916790.75,431667163,0.20098876953125,0.20098876953125,0.20098876953125,0.20098876953125,0.20098876953125,0.20098876953125,0.20098876953125,0.20098876953125,43166676.3,43166676.3,43166676.3,43166676.3,431667163,431667163,431667.163,169281240.39215684,13173.43637084961,169281240.39215684,431667123,169281240.39215684,169281240.39215684,169281240.39215684,169281240.39215684,169281240.39215684,169281240.39215684,431667163,431667163,431667163,4316671630,431667163,169281240.39215684,2158335.815,431667163,3372299.7109375,3372299.7109375,3372299.7109375,3372299.7109375,4316671630,169281240.39215684,169281240.39215684,431667123,3372189.7109375,21583358.15,431667163,431667163,431667038,431667038,431667163,169281240.39215684,431667163,431667163,431667163,431667163,431667163,431667163,431667163,431667163,431667163,431667163,431667163,431667163,431667163,431667163,431667163,431667163,431667163,431667163,431667163,431667163,431667163,431667163,431667163,431667163,
2025-06-02 01:10:00.261842,431673951,431673951,431673951,431673951,169283902.3529412,431673911,3372352.7421875,3372352.7421875,3372352.7421875,3372352.7421875,1295021853,431673951,107918487.75,431673951,215836911.5,431673911,4316739.51,169283902.3529412,431673951,431673951,2158369.755,2158369.755,2158369.755,2158369.755,2158369.755,2158369.755,2158369.755,2158369.755,431673951,431673951,431673951,431673951,431673951,431673951,34102242.129,4316739510,13173.643524169922,13173.643524169922,13173.643524169922,13173.643524169922,13173.643524169922,13173.643524169922,13173.643524169922,13173.643524169922,169283902.3529412,337245174.21875,169283902.3529412,169283902.3529412,431673951,431673951,107918487.75,431673951,0.20098876953125,0.20098876953125,0.20098876953125,0.20098876953125,0.20098876953125,0.20098876953125,0.20098876953125,0.20098876953125,43167355.1,43167355.1,43167355.1,43167355.1,431673951,431673951,431673.951,169283902.3529412,13173.643524169922,169283902.3529412,431673911,169283902.3529412,169283902.3529412,169283902.3529412,169283902.3529412,169283902.3529412,169283902.3529412,431673951,431673951,431673951,4316739510,431673951,169283902.3529412,2158369.755,431673951,3372352.7421875,3372352.7421875,3372352.7421875,3372352.7421875,4316739510,169283902.3529412,169283902.3529412,431673911,3372242.7421875,21583697.55,431673951,431673951,431673826,431673826,431673951,169283902.3529412,431673951,431673951,431673951,431673951,431673951,431673951,431673951,431673951,431673951,431673951,431673951,431673951,431673951,431673951,431673951,431673951,431673951,431673951,431673951,431673951,431673951,431673951,431673951,431673951,
2025-06-02 01:10:00.319100,431679522,431679522,431679522,431679522,169286087.05882353,431679482,3372396.265625,3372396.265625,3372396.265625,3372396.265625,1295038566,431679522,107919880.5,431679522,215839697.0,431679482,4316795.22,169286087.05882353,431679522,431679522,2158397.61,2158397.61,2158397.61,2158397.61,2158397.61,2158397.61,2158397.61,2158397.61,431679522,431679522,431679522,431679522,431679522,431679522,34102682.238,4316795220,13173.813537597656,13173.813537597656,13173.813537597656,13173.813537597656,13173.813537597656,13173.813537597656,13173.813537597656,13173.813537597656,169286087.05882353,337249526.5625,169286087.05882353,169286087.05882353,431679522,431679522,107919880.5,431679522,0.20098876953125,0.20098876953125,0.20098876953125,0.20098876953125,0.20098876953125,0.20098876953125,0.20098876953125,0.20098876953125,43167912.2,43167912.2,43167912.2,43167912.2,431679522,431679522,431679.522,169286087.05882353,13173.813537597656,169286087.05882353,431679482,169286087.05882353,169286087.05882353,169286087.05882353,169286087.05882353,169286087.05882353,169286087.05882353,431679522,431679522,431679522,4316795220,431679522,169286087.05882353,2158397.61,431679522,3372396.265625,3372396.265625,3372396.265625,3372396.265625,4316795220,169286087.05882353,169286087.05882353,431679482,3372286.265625,21583976.1,431679522,431679522,431679397,431679397,431679522,169286087.05882353,431679522,431679522,431679522,431679522,431679522,431679522,431679522,431679522,431679522,431679522,431679522,431679522,431679522,431679522,431679522,431679522,431679522,431679522,431679522,431679522,431679522,431679522,431679522,431679522,
2025-06-02 01:10:00.390137,431686092,431686092,431686092,431686092,169288663.52941176,431686052,3372447.59375,3372447.59375,3372447.59375,3372447.59375,1295058276,431686092,107921523.0,431686092,215842982.0,431686052,4316860.92,169288663.52941176,431686092,431686092,2158430.46,2158430.46,2158430.46,2158430.46,2158430.46,2158430.46,2158430.46,2158430.46,431686092,431686092,431686092,431686092,431686092,431686092,34103201.268,4316860920,13174.014038085938,13174.014038085938,13174.014038085938,13174.014038085938,13174.014038085938,13174.014038085938,13174.014038085938,13174.014038085938,169288663.52941176,337254659.375,169288663.52941176,169288663.52941176,431686092,431686092,107921523.0,431686092,0.201019287109375,0.201019287109375,0.201019287109375,0.201019287109375,0.201019287109375,0.201019287109375,0.201019287109375,0.201019287109375,43168569.2,43168569.2,43168569.2,43168569.2,431686092,431686092,431686.092,169288663.52941176,13174.014038085938,169288663.52941176,431686052,169288663.52941176,169288663.52941176,169288663.52941176,169288663.52941176,169288663.52941176,169288663.52941176,431686092,431686092,431686092,4316860920,431686092,169288663.52941176,2158430.46,431686092,3372447.59375,3372447.59375,3372447.59375,3372447.59375,4316860920,169288663.52941176,169288663.52941176,431686052,3372337.59375,21584304.6,431686092,431686092,431685967,431685967,431686092,169288663.52941176,431686092,431686092,431686092,431686092,431686092,431686092,431686092,431686092,431686092,431686092,431686092,431686092,431686092,431686092,431686092,431686092,431686092,431686092,431686092,431686092,431686092,431686092,431686092,431686092,
2025-06-02 01:10:00.439456,431692663,431692663,431692663,431692663,169291240.39215684,431692623,3372498.9296875,3372498.9296875,3372498.9296875,3372498.9296875,1295077989,431692663,107923165.75,431692663,215846267.5,431692623,4316926.63,169291240.39215684,431692663,431692663,2158463.315,2158463.315,2158463.315,2158463.315,2158463.315,2158463.315,2158463.315,2158463.315,431692663,431692663,431692663,431692663,431692663,431692663,34103720.377000004,4316926630,13174.214569091797,13174.214569091797,13174.214569091797,13174.214569091797,13174.214569091797,13174.214569091797,13174.214569091797,13174.214569091797,169291240.39215684,337259792.96875,169291240.39215684,169291240.39215684,431692663,431692663,107923165.75,431692663,0.201019287109375,0.201019287109375,0.201019287109375,0.201019287109375,0.201019287109375,0.201019287109375,0.201019287109375,0.201019287109375,43169226.3,43169226.3,43169226.3,43169226.3,431692663,431692663,431692.663,169291240.39215684,13174.214569091797,169291240.39215684,431692623,169291240.39215684,169291240.39215684,169291240.39215684,169291240.39215684,169291240.39215684,169291240.39215684,431692663,431692663,431692663,4316926630,431692663,169291240.39215684,2158463.315,431692663,3372498.9296875,3372498.9296875,3372498.9296875,3372498.9296875,4316926630,169291240.39215684,169291240.39215684,431692623,3372388.9296875,21584633.15,431692663,431692663,431692538,431692538,431692663,169291240.39215684,431692663,431692663,431692663,431692663,431692663,431692663,431692663,431692663,431692663,431692663,431692663,431692663,431692663,431692663,431692663,431692663,431692663,431692663,431692663,431692663,431692663,431692663,431692663,431692663,
2025-06-02 01:10:00.503617,431698203,431698203,431698203,431698203,169293412.94117647,431698163,3372542.2109375,3372542.2109375,3372542.2109375,3372542.2109375,1295094609,431698203,107924550.75,431698203,215849037.5,431698163,4316982.03,169293412.94117647,431698203,431698203,2158491.015,2158491.015,2158491.015,2158491.015,2158491.015,2158491.015,2158491.015,2158491.015,431698203,431698203,431698203,431698203,431698203,431698203,34104158.037,4316982030,13174.38363647461,13174.38363647461,13174.38363647461,13174.38363647461,13174.38363647461,13174.38363647461,13174.38363647461,13174.38363647461,169293412.94117647,337264121.09375,169293412.94117647,169293412.94117647,431698203,431698203,107924550.75,431698203,0.201019287109375,0.201019287109375,0.201019287109375,0.201019287109375,0.201019287109375,0.201019287109375,0.201019287109375,0.201019287109375,43169780.3,43169780.3,43169780.3,43169780.3,431698203,431698203,431698.203,169293412.94117647,13174.38363647461,169293412.94117647,431698163,169293412.94117647,169293412.94117647,169293412.94117647,169293412.94117647,169293412.94117647,169293412.94117647,431698203,431698203,431698203,4316982030,431698203,169293412.94117647,2158491.015,431698203,3372542.2109375,3372542.2109375,3372542.2109375,3372542.2109375,4316982030,169293412.94117647,169293412.94117647,431698163,3372432.2109375,21584910.15,431698203,431698203,431698078,431698078,431698203,169293412.94117647,431698203,431698203,431698203,431698203,431698203,431698203,431698203,431698203,431698203,431698203,431698203,431698203,431698203,431698203,431698203,431698203,431698203,431698203,431698203,431698203,431698203,431698203,431698203,431698203,
2025-06-02 01:10:00.550113,431704773,431704773,431704773,431704773,169295989.4117647,431704733,3372593.5390625,3372593.5390625,3372593.5390625,3372593.5390625,1295114319,431704773,107926193.25,431704773,215852322.5,431704733,4317047.73,169295989.4117647,431704773,431704773,2158523.865,2158523.865,2158523.865,2158523.865,2158523.865,2158523.865,2158523.865,2158523.865,431704773,431704773,431704773,431704773,431704773,431704773,34104677.067,4317047730,13174.58413696289,13174.58413696289,13174.58413696289,13174.58413696289,13174.58413696289,13174.58413696289,13174.58413696289,13174.58413696289,169295989.4117647,337269253.90625,169295989.4117647,169295989.4117647,431704773,431704773,107926193.25,431704773,0.201019287109375,0.201019287109375,0.201019287109375,0.201019287109375,0.201019287109375,0.201019287109375,0.201019287109375,0.201019287109375,43170437.3,43170437.3,43170437.3,43170437.3,431704773,431704773,431704.773,169295989.4117647,13174.58413696289,169295989.4117647,431704733,169295989.4117647,169295989.4117647,169295989.4117647,169295989.4117647,169295989.4117647,169295989.4117647,431704773,431704773,431704773,4317047730,431704773,169295989.4117647,2158523.865,431704773,3372593.5390625,3372593.5390625,3372593.5390625,3372593.5390625,4317047730,169295989.4117647,169295989.4117647,431704733,3372483.5390625,21585238.65,431704773,431704773,431704648,431704648,431704773,169295989.4117647,431704773,431704773,431704773,431704773,431704773,431704773,431704773,431704773,431704773,431704773,431704773,431704773,431704773,431704773,431704773,431704773,431704773,431704773,431704773,431704773,431704773,431704773,431704773,431704773,
2025-06-02 01:10:00.614099,431709389,431709389,431709389,431709389,169297799.60784313,431709349,3372629.6015625,3372629.6015625,3372629.6015625,3372629.6015625,1295128167,431709389,107927347.25,431709389,215854630.5,431709349,4317093.89,169297799.60784313,431709389,431709389,2158546.945,2158546.945,2158546.945,2158546.945,2158546.945,2158546.945,2158546.945,2158546.945,431709389,431709389,431709389,431709389,431709389,431709389,34105041.731,4317093890,13174.725006103516,13174.725006103516,13174.725006103516,13174.725006103516,13174.725006103516,13174.725006103516,13174.725006103516,13174.725006103516,169297799.60784313,337272860.15625,169297799.60784313,169297799.60784313,431709389,431709389,107927347.25,431709389,0.201019287109375,0.201019287109375,0.201019287109375,0.201019287109375,0.201019287109375,0.201019287109375,0.201019287109375,0.201019287109375,43170898.9,43170898.9,43170898.9,43170898.9,431709389,431709389,431709.389,169297799.60784313,13174.725006103516,169297799.60784313,431709349,169297799.60784313,169297799.60784313,169297799.60784313,169297799.60784313,169297799.60784313,169297799.60784313,431709389,431709389,431709389,4317093890,431709389,169297799.60784313,2158546.945,431709389,3372629.6015625,3372629.6015625,3372629.6015625,3372629.6015625,4317093890,169297799.60784313,169297799.60784313,431709349,3372519.6015625,21585469.45,431709389,431709389,431709264,431709264,431709389,169297799.60784313,431709389,431709389,431709389,431709389,431709389,431709389,431709389,431709389,431709389,431709389,431709389,431709389,431709389,431709389,431709389,431709389,431709389,431709389,431709389,431709389,431709389,431709389,431709389,431709389,
2025-06-02 01:10:00.662104,431715612,431715612,431715612,431715612,169300240.0,431715572,3372678.21875,3372678.21875,3372678.21875,3372678.21875,1295146836,431715612,107928903.0,431715612,215857742.0,431715572,4317156.12,169300240.0,431715612,431715612,2158578.06,2158578.06,2158578.06,2158578.06,2158578.06,2158578.06,2158578.06,2158578.06,431715612,431715612,431715612,431715612,431715612,431715612,34105533.348,4317156120,13174.914916992188,13174.914916992188,13174.914916992188,13174.914916992188,13174.914916992188,13174.914916992188,13174.914916992188,13174.914916992188,169300240.0,337277721.875,169300240.0,169300240.0,431715612,431715612,107928903.0,431715612,0.201019287109375,0.201019287109375,0.201019287109375,0.201019287109375,0.201019287109375,0.201019287109375,0.201019287109375,0.201019287109375,43171521.2,43171521.2,43171521.2,43171521.2,431715612,431715612,431715.612,169300240.0,13174.914916992188,169300240.0,431715572,169300240.0,169300240.0,169300240.0,169300240.0,169300240.0,169300240.0,431715612,431715612,431715612,4317156120,431715612,169300240.0,2158578.06,431715612,3372678.21875,3372678.21875,3372678.21875,3372678.21875,4317156120,169300240.0,169300240.0,431715572,3372568.21875,21585780.6,431715612,431715612,431715487,431715487,431715612,169300240.0,431715612,431715612,431715612,431715612,431715612,431715612,431715612,431715612,431715612,431715612,431715612,431715612,431715612,431715612,431715612,431715612,431715612,431715612,431715612,431715612,431715612,431715612,431715612,431715612,
2025-06-02 01:10:00.737160,431723352,431723352,431723352,431723352,169303275.29411766,431723312,3372738.6875,3372738.6875,3372738.6875,3372738.6875,1295170056,431723352,107930838.0,431723352,215861612.0,431723312,4317233.52,169303275.29411766,431723352,431723352,2158616.76,2158616.76,2158616.76,2158616.76,2158616.76,2158616.76,2158616.76,2158616.76,431723352,431723352,431723352,431723352,431723352,431723352,34106144.808,4317233520,13175.151123046875,13175.151123046875,13175.151123046875,13175.151123046875,13175.151123046875,13175.151123046875,13175.151123046875,13175.151123046875,169303275.29411766,337283768.75,169303275.29411766,169303275.29411766,431723352,431723352,107930838.0,431723352,0.201019287109375,0.201019287109375,0.201019287109375,0.201019287109375,0.201019287109375,0.201019287109375,0.201019287109375,0.201019287109375,43172295.2,43172295.2,43172295.2,43172295.2,431723352,431723352,431723.352,169303275.29411766,13175.151123046875,169303275.29411766,431723312,169303275.29411766,169303275.29411766,169303275.29411766,169303275.29411766,169303275.29411766,169303275.29411766,431723352,431723352,431723352,4317233520,431723352,169303275.29411766,2158616.76,431723352,3372738.6875,3372738.6875,3372738.6875,3372738.6875,4317233520,169303275.29411766,169303275.29411766,431723312,3372628.6875,21586167.6,431723352,431723352,431723227,431723227,431723352,169303275.29411766,431723352,431723352,431723352,431723352,431723352,431723352,431723352,431723352,431723352,431723352,431723352,431723352,431723352,431723352,431723352,431723352,431723352,431723352,431723352,431723352,431723352,431723352,431723352,431723352,
2025-06-02 01:10:00.801105,431728996,431728996,431728996,431728996,169305488.62745097,431728956,3372782.78125,3372782.78125,3372782.78125,3372782.78125,1295186988,431728996,107932249.0,431728996,215864434.0,431728956,4317289.96,169305488.62745097,431728996,431728996,2158644.98,2158644.98,2158644.98,2158644.98,2158644.98,2158644.98,2158644.98,2158644.98,431728996,431728996,431728996,431728996,431728996,431728996,34106590.684,4317289960,13175.323364257812,13175.323364257812,13175.323364257812,13175.323364257812,13175.323364257812,13175.323364257812,13175.323364257812,13175.323364257812,169305488.62745097,337288178.125,169305488.62745097,169305488.62745097,431728996,431728996,107932249.0,431728996,0.201019287109375,0.201019287109375,0.201019287109375,0.201019287109375,0.201019287109375,0.201019287109375,0.201019287109375,0.201019287109375,43172859.6,43172859.6,43172859.6,43172859.6,431728996,431728996,431728.996,169305488.62745097,13175.323364257812,169305488.62745097,431728956,169305488.62745097,169305488.62745097,169305488.62745097,169305488.62745097,169305488.62745097,169305488.62745097,431728996,431728996,431728996,4317289960,431728996,169305488.62745097,2158644.98,431728996,3372782.78125,3372782.78125,3372782.78125,3372782.78125,4317289960,169305488.62745097,169305488.62745097,431728956,3372672.78125,21586449.8,431728996,431728996,431728871,431728871,431728996,169305488.62745097,431728996,431728996,431728996,431728996,431728996,431728996,431728996,431728996,431728996,431728996,431728996,431728996,431728996,431728996,431728996,431728996,431728996,431728996,431728996,431728996,431728996,431728996,431728996,431728996,
2025-06-02 01:10:00.846141,431735052,431735052,431735052,431735052,169307863.52941176,431735012,3372830.09375,3372830.09375,3372830.09375,3372830.09375,1295205156,431735052,107933763.0,431735052,215867462.0,431735012,4317350.52,169307863.52941176,431735052,431735052,2158675.26,2158675.26,2158675.26,2158675.26,2158675.26,2158675.26,2158675.26,2158675.26,431735052,431735052,431735052,431735052,431735052,431735052,34107069.108,4317350520,13175.508178710938,13175.508178710938,13175.508178710938,13175.508178710938,13175.508178710938,13175.508178710938,13175.508178710938,13175.508178710938,169307863.52941176,337292909.375,169307863.52941176,169307863.52941176,431735052,431735052,107933763.0,431735052,0.201019287109375,0.201019287109375,0.201019287109375,0.201019287109375,0.201019287109375,0.201019287109375,0.201019287109375,0.201019287109375,43173465.2,43173465.2,43173465.2,43173465.2,431735052,431735052,431735.052,169307863.52941176,13175.508178710938,169307863.52941176,431735012,169307863.52941176,169307863.52941176,169307863.52941176,169307863.52941176,169307863.52941176,169307863.52941176,431735052,431735052,431735052,4317350520,431735052,169307863.52941176,2158675.26,431735052,3372830.09375,3372830.09375,3372830.09375,3372830.09375,4317350520,169307863.52941176,169307863.52941176,431735012,3372720.09375,21586752.6,431735052,431735052,431734927,431734927,431735052,169307863.52941176,431735052,431735052,431735052,431735052,431735052,431735052,431735052,431735052,431735052,431735052,431735052,431735052,431735052,431735052,431735052,431735052,431735052,431735052,431735052,431735052,431735052,431735052,431735052,431735052,
2025-06-02 01:10:00.907148,431741374,431741374,431741374,431741374,169310342.74509802,431741334,3372879.484375,3372879.484375,3372879.484375,3372879.484375,1295224122,431741374,107935343.5,431741374,215870623.0,431741334,4317413.74,169310342.74509802,431741374,431741374,2158706.87,2158706.87,2158706.87,2158706.87,2158706.87,2158706.87,2158706.87,2158706.87,431741374,431741374,431741374,431741374,431741374,431741374,34107568.546000004,4317413740,13175.701110839844,13175.701110839844,13175.701110839844,13175.701110839844,13175.701110839844,13175.701110839844,13175.701110839844,13175.701110839844,169310342.74509802,337297848.4375,169310342.74509802,169310342.74509802,431741374,431741374,107935343.5,431741374,0.201019287109375,0.201019287109375,0.201019287109375,0.201019287109375,0.201019287109375,0.201019287109375,0.201019287109375,0.201019287109375,43174097.4,43174097.4,43174097.4,43174097.4,431741374,431741374,431741.374,169310342.74509802,13175.701110839844,169310342.74509802,431741334,169310342.74509802,169310342.74509802,169310342.74509802,169310342.74509802,169310342.74509802,169310342.74509802,431741374,431741374,431741374,4317413740,431741374,169310342.74509802,2158706.87,431741374,3372879.484375,3372879.484375,3372879.484375,3372879.484375,4317413740,169310342.74509802,169310342.74509802,431741334,3372769.484375,21587068.7,431741374,431741374,431741249,431741249,431741374,169310342.74509802,431741374,431741374,431741374,431741374,431741374,431741374,431741374,431741374,431741374,431741374,431741374,431741374,431741374,431741374,431741374,431741374,431741374,431741374,431741374,431741374,431741374,431741374,431741374,431741374,
2025-06-02 01:10:00.978112,431746312,431746312,431746312,431746312,169312279.2156863,431746272,3372918.0625,3372918.0625,3372918.0625,3372918.0625,1295238936,431746312,107936578.0,431746312,215873092.0,431746272,4317463.12,169312279.2156863,431746312,431746312,2158731.56,2158731.56,2158731.56,2158731.56,2158731.56,2158731.56,2158731.56,2158731.56,431746312,431746312,431746312,431746312,431746312,431746312,34107958.648,4317463120,13175.851806640625,13175.851806640625,13175.851806640625,13175.851806640625,13175.851806640625,13175.851806640625,13175.851806640625,13175.851806640625,169312279.2156863,337301706.25,169312279.2156863,169312279.2156863,431746312,431746312,107936578.0,431746312,0.201019287109375,0.201019287109375,0.201019287109375,0.201019287109375,0.201019287109375,0.201019287109375,0.201019287109375,0.201019287109375,43174591.2,43174591.2,43174591.2,43174591.2,431746312,431746312,431746.312,169312279.2156863,13175.851806640625,169312279.2156863,431746272,169312279.2156863,169312279.2156863,169312279.2156863,169312279.2156863,169312279.2156863,169312279.2156863,431746312,431746312,431746312,4317463120,431746312,169312279.2156863,2158731.56,431746312,3372918.0625,3372918.0625,3372918.0625,3372918.0625,4317463120,169312279.2156863,169312279.2156863,431746272,3372808.0625,21587315.6,431746312,431746312,431746187,431746187,431746312,169312279.2156863,431746312,431746312,431746312,431746312,431746312,431746312,431746312,431746312,431746312,431746312,431746312,431746312,431746312,431746312,431746312,431746312,431746312,431746312,431746312,431746312,431746312,431746312,431746312,431746312,
2025-06-02 01:10:01.029125,431753918,431753918,431753918,431753918,169315261.96078432,431753878,3372977.484375,3372977.484375,3372977.484375,3372977.484375,1295261754,431753918,107938479.5,431753918,215876895.0,431753878,4317539.18,169315261.96078432,431753918,431753918,2158769.59,2158769.59,2158769.59,2158769.59,2158769.59,2158769.59,2158769.59,2158769.59,431753918,431753918,431753918,431753918,431753918,431753918,34108559.522,4317539180,13176.083923339844,13176.083923339844,13176.083923339844,13176.083923339844,13176.083923339844,13176.083923339844,13176.083923339844,13176.083923339844,169315261.96078432,337307648.4375,169315261.96078432,169315261.96078432,431753918,431753918,107938479.5,431753918,0.2010498046875,0.2010498046875,0.2010498046875,0.2010498046875,0.2010498046875,0.2010498046875,0.2010498046875,0.2010498046875,43175351.8,43175351.8,43175351.8,43175351.8,431753918,431753918,431753.918,169315261.96078432,13176.083923339844,169315261.96078432,431753878,169315261.96078432,169315261.96078432,169315261.96078432,169315261.96078432,169315261.96078432,169315261.96078432,431753918,431753918,431753918,4317539180,431753918,169315261.96078432,2158769.59,431753918,3372977.484375,3372977.484375,3372977.484375,3372977.484375,4317539180,169315261.96078432,169315261.96078432,431753878,3372867.484375,21587695.9,431753918,431753918,431753793,431753793,431753918,169315261.96078432,431753918,431753918,431753918,431753918,431753918,431753918,431753918,431753918,431753918,431753918,431753918,431753918,431753918,431753918,431753918,431753918,431753918,431753918,431753918,431753918,431753918,431753918,431753918,431753918,
2025-06-02 01:10:01.091119,431758813,431758813,431758813,431758813,169317181.56862745,431758773,3373015.7265625,3373015.7265625,3373015.7265625,3373015.7265625,1295276439,431758813,107939703.25,431758813,215879342.5,431758773,4317588.13,169317181.56862745,431758813,431758813,2158794.065,2158794.065,2158794.065,2158794.065,2158794.065,2158794.065,2158794.065,2158794.065,431758813,431758813,431758813,431758813,431758813,431758813,34108946.227,4317588130,13176.233306884766,13176.233306884766,13176.233306884766,13176.233306884766,13176.233306884766,13176.233306884766,13176.233306884766,13176.233306884766,169317181.56862745,337311472.65625,169317181.56862745,169317181.56862745,431758813,431758813,107939703.25,431758813,0.2010498046875,0.2010498046875,0.2010498046875,0.2010498046875,0.2010498046875,0.2010498046875,0.2010498046875,0.2010498046875,43175841.3,43175841.3,43175841.3,43175841.3,431758813,431758813,431758.813,169317181.56862745,13176.233306884766,169317181.56862745,431758773,169317181.56862745,169317181.56862745,169317181.56862745,169317181.56862745,169317181.56862745,169317181.56862745,431758813,431758813,431758813,4317588130,431758813,169317181.56862745,2158794.065,431758813,3373015.7265625,3373015.7265625,3373015.7265625,3373015.7265625,4317588130,169317181.56862745,169317181.56862745,431758773,3372905.7265625,21587940.65,431758813,431758813,431758688,431758688,431758813,169317181.56862745,431758813,431758813,431758813,431758813,431758813,431758813,431758813,431758813,431758813,431758813,431758813,431758813,431758813,431758813,431758813,431758813,431758813,431758813,431758813,431758813,431758813,431758813,431758813,431758813,
2025-06-02 01:10:01.140206,431765234,431765234,431765234,431765234,169319699.60784313,431765194,3373065.890625,3373065.890625,3373065.890625,3373065.890625,1295295702,431765234,107941308.5,431765234,215882553.0,431765194,4317652.34,169319699.60784313,431765234,431765234,2158826.17,2158826.17,2158826.17,2158826.17,2158826.17,2158826.17,2158826.17,2158826.17,431765234,431765234,431765234,431765234,431765234,431765234,34109453.486,4317652340,13176.429260253906,13176.429260253906,13176.429260253906,13176.429260253906,13176.429260253906,13176.429260253906,13176.429260253906,13176.429260253906,169319699.60784313,337316489.0625,169319699.60784313,169319699.60784313,431765234,431765234,107941308.5,431765234,0.2010498046875,0.2010498046875,0.2010498046875,0.2010498046875,0.2010498046875,0.2010498046875,0.2010498046875,0.2010498046875,43176483.4,43176483.4,43176483.4,43176483.4,431765234,431765234,431765.234,169319699.60784313,13176.429260253906,169319699.60784313,431765194,169319699.60784313,169319699.60784313,169319699.60784313,169319699.60784313,169319699.60784313,169319699.60784313,431765234,431765234,431765234,4317652340,431765234,169319699.60784313,2158826.17,431765234,3373065.890625,3373065.890625,3373065.890625,3373065.890625,4317652340,169319699.60784313,169319699.60784313,431765194,3372955.890625,21588261.7,431765234,431765234,431765109,431765109,431765234,169319699.60784313,431765234,431765234,431765234,431765234,431765234,431765234,431765234,431765234,431765234,431765234,431765234,431765234,431765234,431765234,431765234,431765234,431765234,431765234,431765234,431765234,431765234,431765234,431765234,431765234,
2025-06-02 01:10:01.202139,431771432,431771432,431771432,431771432,169322130.19607842,431771392,3373114.3125,3373114.3125,3373114.3125,3373114.3125,1295314296,431771432,107942858.0,431771432,215885652.0,431771392,4317714.32,169322130.19607842,431771432,431771432,2158857.16,2158857.16,2158857.16,2158857.16,2158857.16,2158857.16,2158857.16,2158857.16,431771432,431771432,431771432,431771432,431771432,431771432,34109943.128,4317714320,13176.618408203125,13176.618408203125,13176.618408203125,13176.618408203125,13176.618408203125,13176.618408203125,13176.618408203125,13176.618408203125,169322130.19607842,337321331.25,169322130.19607842,169322130.19607842,431771432,431771432,107942858.0,431771432,0.2010498046875,0.2010498046875,0.2010498046875,0.2010498046875,0.2010498046875,0.2010498046875,0.2010498046875,0.2010498046875,43177103.2,43177103.2,43177103.2,43177103.2,431771432,431771432,431771.432,169322130.19607842,13176.618408203125,169322130.19607842,431771392,169322130.19607842,169322130.19607842,169322130.19607842,169322130.19607842,169322130.19607842,169322130.19607842,431771432,431771432,431771432,4317714320,431771432,169322130.19607842,2158857.16,431771432,3373114.3125,3373114.3125,3373114.3125,3373114.3125,4317714320,169322130.19607842,169322130.19607842,431771392,3373004.3125,21588571.6,431771432,431771432,431771307,431771307,431771432,169322130.19607842,431771432,431771432,431771432,431771432,431771432,431771432,431771432,431771432,431771432,431771432,431771432,431771432,431771432,431771432,431771432,431771432,431771432,431771432,431771432,431771432,431771432,431771432,431771432,431771432,
2025-06-02 01:10:01.275122,431776766,431776766,431776766,431776766,169324221.96078432,431776726,3373155.984375,3373155.984375,3373155.984375,3373155.984375,1295330298,431776766,107944191.5,431776766,215888319.0,431776726,4317767.66,169324221.96078432,431776766,431776766,2158883.83,2158883.83,2158883.83,2158883.83,2158883.83,2158883.83,2158883.83,2158883.83,431776766,431776766,431776766,431776766,431776766,431776766,34110364.514,4317767660,13176.781188964844,13176.781188964844,13176.781188964844,13176.781188964844,13176.781188964844,13176.781188964844,13176.781188964844,13176.781188964844,169324221.96078432,337325498.4375,169324221.96078432,169324221.96078432,431776766,431776766,107944191.5,431776766,0.2010498046875,0.2010498046875,0.2010498046875,0.2010498046875,0.2010498046875,0.2010498046875,0.2010498046875,0.2010498046875,43177636.6,43177636.6,43177636.6,43177636.6,431776766,431776766,431776.766,169324221.96078432,13176.781188964844,169324221.96078432,431776726,169324221.96078432,169324221.96078432,169324221.96078432,169324221.96078432,169324221.96078432,169324221.96078432,431776766,431776766,431776766,4317767660,431776766,169324221.96078432,2158883.83,431776766,3373155.984375,3373155.984375,3373155.984375,3373155.984375,4317767660,169324221.96078432,169324221.96078432,431776726,3373045.984375,21588838.3,431776766,431776766,431776641,431776641,431776766,169324221.96078432,431776766,431776766,431776766,431776766,431776766,431776766,431776766,431776766,431776766,431776766,431776766,431776766,431776766,431776766,431776766,431776766,431776766,431776766,431776766,431776766,431776766,431776766,431776766,431776766,
2025-06-02 01:10:01.327473,431784012,431784012,431784012,431784012,169327063.52941176,431783972,3373212.59375,3373212.59375,3373212.59375,3373212.59375,1295352036,431784012,107946003.0,431784012,215891942.0,431783972,4317840.12,169327063.52941176,431784012,431784012,2158920.06,2158920.06,2158920.06,2158920.06,2158920.06,2158920.06,2158920.06,2158920.06,431784012,431784012,431784012,431784012,431784012,431784012,34110936.948,4317840120,13177.002319335938,13177.002319335938,13177.002319335938,13177.002319335938,13177.002319335938,13177.002319335938,13177.002319335938,13177.002319335938,169327063.52941176,337331159.375,169327063.52941176,169327063.52941176,431784012,431784012,107946003.0,431784012,0.2010498046875,0.2010498046875,0.2010498046875,0.2010498046875,0.2010498046875,0.2010498046875,0.2010498046875,0.2010498046875,43178361.2,43178361.2,43178361.2,43178361.2,431784012,431784012,431784.012,169327063.52941176,13177.002319335938,169327063.52941176,431783972,169327063.52941176,169327063.52941176,169327063.52941176,169327063.52941176,169327063.52941176,169327063.52941176,431784012,431784012,431784012,4317840120,431784012,169327063.52941176,2158920.06,431784012,3373212.59375,3373212.59375,3373212.59375,3373212.59375,4317840120,169327063.52941176,169327063.52941176,431783972,3373102.59375,21589200.6,431784012,431784012,431783887,431783887,431784012,169327063.52941176,431784012,431784012,431784012,431784012,431784012,431784012,431784012,431784012,431784012,431784012,431784012,431784012,431784012,431784012,431784012,431784012,431784012,431784012,431784012,431784012,431784012,431784012,431784012,431784012,
2025-06-02 01:10:01.386617,431789259,431789259,431789259,431789259,169329121.17647058,431789219,3373253.5859375,3373253.5859375,3373253.5859375,3373253.5859375,1295367777,431789259,107947314.75,431789259,215894565.5,431789219,4317892.59,169329121.17647058,431789259,431789259,2158946.295,2158946.295,2158946.295,2158946.295,2158946.295,2158946.295,2158946.295,2158946.295,431789259,431789259,431789259,431789259,431789259,431789259,34111351.461,4317892590,13177.16244506836,13177.16244506836,13177.16244506836,13177.16244506836,13177.16244506836,13177.16244506836,13177.16244506836,13177.16244506836,169329121.17647058,337335258.59375,169329121.17647058,169329121.17647058,431789259,431789259,107947314.75,431789259,0.2010498046875,0.2010498046875,0.2010498046875,0.2010498046875,0.2010498046875,0.2010498046875,0.2010498046875,0.2010498046875,43178885.9,43178885.9,43178885.9,43178885.9,431789259,431789259,431789.259,169329121.17647058,13177.16244506836,169329121.17647058,431789219,169329121.17647058,169329121.17647058,169329121.17647058,169329121.17647058,169329121.17647058,169329121.17647058,431789259,431789259,431789259,4317892590,431789259,169329121.17647058,2158946.295,431789259,3373253.5859375,3373253.5859375,3373253.5859375,3373253.5859375,4317892590,169329121.17647058,169329121.17647058,431789219,3373143.5859375,21589462.95,431789259,431789259,431789134,431789134,431789259,169329121.17647058,431789259,431789259,431789259,431789259,431789259,431789259,431789259,431789259,431789259,431789259,431789259,431789259,431789259,431789259,431789259,431789259,431789259,431789259,431789259,431789259,431789259,431789259,431789259,431789259,
2025-06-02 01:10:01.437113,431794991,431794991,431794991,431794991,169331369.01960784,431794951,3373298.3671875,3373298.3671875,3373298.3671875,3373298.3671875,1295384973,431794991,107948747.75,431794991,215897431.5,431794951,4317949.91,169331369.01960784,431794991,431794991,2158974.955,2158974.955,2158974.955,2158974.955,2158974.955,2158974.955,2158974.955,2158974.955,431794991,431794991,431794991,431794991,431794991,431794991,34111804.289,4317949910,13177.337371826172,13177.337371826172,13177.337371826172,13177.337371826172,13177.337371826172,13177.337371826172,13177.337371826172,13177.337371826172,169331369.01960784,337339736.71875,169331369.01960784,169331369.01960784,431794991,431794991,107948747.75,431794991,0.2010498046875,0.2010498046875,0.2010498046875,0.2010498046875,0.2010498046875,0.2010498046875,0.2010498046875,0.2010498046875,43179459.1,43179459.1,43179459.1,43179459.1,431794991,431794991,431794.991,169331369.01960784,13177.337371826172,169331369.01960784,431794951,169331369.01960784,169331369.01960784,169331369.01960784,169331369.01960784,169331369.01960784,169331369.01960784,431794991,431794991,431794991,4317949910,431794991,169331369.01960784,2158974.955,431794991,3373298.3671875,3373298.3671875,3373298.3671875,3373298.3671875,4317949910,169331369.01960784,169331369.01960784,431794951,3373188.3671875,21589749.55,431794991,431794991,431794866,431794866,431794991,169331369.01960784,431794991,431794991,431794991,431794991,431794991,431794991,431794991,431794991,431794991,431794991,431794991,431794991,431794991,431794991,431794991,431794991,431794991,431794991,431794991,431794991,431794991,431794991,431794991,431794991,
2025-06-02 01:10:01.507157,431802590,431802590,431802590,431802590,169334349.01960784,431802550,3373357.734375,3373357.734375,3373357.734375,3373357.734375,1295407770,431802590,107950647.5,431802590,215901231.0,431802550,4318025.9,169334349.01960784,431802590,431802590,2159012.95,2159012.95,2159012.95,2159012.95,2159012.95,2159012.95,2159012.95,2159012.95,431802590,431802590,431802590,431802590,431802590,431802590,34112404.61,4318025900,13177.569274902344,13177.569274902344,13177.569274902344,13177.569274902344,13177.569274902344,13177.569274902344,13177.569274902344,13177.569274902344,169334349.01960784,337345673.4375,169334349.01960784,169334349.01960784,431802590,431802590,107950647.5,431802590,0.2010498046875,0.2010498046875,0.2010498046875,0.2010498046875,0.2010498046875,0.2010498046875,0.2010498046875,0.2010498046875,43180219.0,43180219.0,43180219.0,43180219.0,431802590,431802590,431802.59,169334349.01960784,13177.569274902344,169334349.01960784,431802550,169334349.01960784,169334349.01960784,169334349.01960784,169334349.01960784,169334349.01960784,169334349.01960784,431802590,431802590,431802590,4318025900,431802590,169334349.01960784,2159012.95,431802590,3373357.734375,3373357.734375,3373357.734375,3373357.734375,4318025900,169334349.01960784,169334349.01960784,431802550,3373247.734375,21590129.5,431802590,431802590,431802465,431802465,431802590,169334349.01960784,431802590,431802590,431802590,431802590,431802590,431802590,431802590,431802590,431802590,431802590,431802590,431802590,431802590,431802590,431802590,431802590,431802590,431802590,431802590,431802590,431802590,431802590,431802590,431802590,
2025-06-02 01:10:01.568177,431808030,431808030,431808030,431808030,169336482.3529412,431807990,3373400.234375,3373400.234375,3373400.234375,3373400.234375,1295424090,431808030,107952007.5,431808030,215903951.0,431807990,4318080.3,169336482.3529412,431808030,431808030,2159040.15,2159040.15,2159040.15,2159040.15,2159040.15,2159040.15,2159040.15,2159040.15,431808030,431808030,431808030,431808030,431808030,431808030,34112834.37,4318080300,13177.735290527344,13177.735290527344,13177.735290527344,13177.735290527344,13177.735290527344,13177.735290527344,13177.735290527344,13177.735290527344,169336482.3529412,337349923.4375,169336482.3529412,169336482.3529412,431808030,431808030,107952007.5,431808030,0.2010498046875,0.2010498046875,0.2010498046875,0.2010498046875,0.2010498046875,0.2010498046875,0.2010498046875,0.2010498046875,43180763.0,43180763.0,43180763.0,43180763.0,431808030,431808030,431808.03,169336482.3529412,13177.735290527344,169336482.3529412,431807990,169336482.3529412,169336482.3529412,169336482.3529412,169336482.3529412,169336482.3529412,169336482.3529412,431808030,431808030,431808030,4318080300,431808030,169336482.3529412,2159040.15,431808030,3373400.234375,3373400.234375,3373400.234375,3373400.234375,4318080300,169336482.3529412,169336482.3529412,431807990,3373290.234375,21590401.5,431808030,431808030,431807905,431807905,431808030,169336482.3529412,431808030,431808030,431808030,431808030,431808030,431808030,431808030,431808030,431808030,431808030,431808030,431808030,431808030,431808030,431808030,431808030,431808030,431808030,431808030,431808030,431808030,431808030,431808030,431808030,
2025-06-02 01:10:01.620074,431814196,431814196,431814196,431814196,169338900.39215687,431814156,3373448.40625,3373448.40625,3373448.40625,3373448.40625,1295442588,431814196,107953549.0,431814196,215907034.0,431814156,4318141.96,169338900.39215687,431814196,431814196,2159070.98,2159070.98,2159070.98,2159070.98,2159070.98,2159070.98,2159070.98,2159070.98,431814196,431814196,431814196,431814196,431814196,431814196,34113321.484,4318141960,13177.923461914062,13177.923461914062,13177.923461914062,13177.923461914062,13177.923461914062,13177.923461914062,13177.923461914062,13177.923461914062,169338900.39215687,337354740.625,169338900.39215687,169338900.39215687,431814196,431814196,107953549.0,431814196,0.2010498046875,0.2010498046875,0.2010498046875,0.2010498046875,0.2010498046875,0.2010498046875,0.2010498046875,0.2010498046875,43181379.6,43181379.6,43181379.6,43181379.6,431814196,431814196,431814.196,169338900.39215687,13177.923461914062,169338900.39215687,431814156,169338900.39215687,169338900.39215687,169338900.39215687,169338900.39215687,169338900.39215687,169338900.39215687,431814196,431814196,431814196,4318141960,431814196,169338900.39215687,2159070.98,431814196,3373448.40625,3373448.40625,3373448.40625,3373448.40625,4318141960,169338900.39215687,169338900.39215687,431814156,3373338.40625,21590709.8,431814196,431814196,431814071,431814071,431814196,169338900.39215687,431814196,431814196,431814196,431814196,431814196,431814196,431814196,431814196,431814196,431814196,431814196,431814196,431814196,431814196,431814196,431814196,431814196,431814196,431814196,431814196,431814196,431814196,431814196,431814196,
2025-06-02 01:10:01.678180,431818906,431818906,431818906,431818906,169340747.4509804,431818866,3373485.203125,3373485.203125,3373485.203125,3373485.203125,1295456718,431818906,107954726.5,431818906,215909389.0,431818866,4318189.06,169340747.4509804,431818906,431818906,2159094.53,2159094.53,2159094.53,2159094.53,2159094.53,2159094.53,2159094.53,2159094.53,431818906,431818906,431818906,431818906,431818906,431818906,34113693.574,4318189060,13178.067199707031,13178.067199707031,13178.067199707031,13178.067199707031,13178.067199707031,13178.067199707031,13178.067199707031,13178.067199707031,169340747.4509804,337358420.3125,169340747.4509804,169340747.4509804,431818906,431818906,107954726.5,431818906,0.201080322265625,0.201080322265625,0.201080322265625,0.201080322265625,0.201080322265625,0.201080322265625,0.201080322265625,0.201080322265625,43181850.6,43181850.6,43181850.6,43181850.6,431818906,431818906,431818.906,169340747.4509804,13178.067199707031,169340747.4509804,431818866,169340747.4509804,169340747.4509804,169340747.4509804,169340747.4509804,169340747.4509804,169340747.4509804,431818906,431818906,431818906,4318189060,431818906,169340747.4509804,2159094.53,431818906,3373485.203125,3373485.203125,3373485.203125,3373485.203125,4318189060,169340747.4509804,169340747.4509804,431818866,3373375.203125,21590945.3,431818906,431818906,431818781,431818781,431818906,169340747.4509804,431818906,431818906,431818906,431818906,431818906,431818906,431818906,431818906,431818906,431818906,431818906,431818906,431818906,431818906,431818906,431818906,431818906,431818906,431818906,431818906,431818906,431818906,431818906,431818906,
2025-06-02 01:10:01.729298,431825374,431825374,431825374,431825374,169343283.92156863,431825334,3373535.734375,3373535.734375,3373535.734375,3373535.734375,1295476122,431825374,107956343.5,431825374,215912623.0,431825334,4318253.74,169343283.92156863,431825374,431825374,2159126.87,2159126.87,2159126.87,2159126.87,2159126.87,2159126.87,2159126.87,2159126.87,431825374,431825374,431825374,431825374,431825374,431825374,34114204.546000004,4318253740,13178.264587402344,13178.264587402344,13178.264587402344,13178.264587402344,13178.264587402344,13178.264587402344,13178.264587402344,13178.264587402344,169343283.92156863,337363473.4375,169343283.92156863,169343283.92156863,431825374,431825374,107956343.5,431825374,0.201080322265625,0.201080322265625,0.201080322265625,0.201080322265625,0.201080322265625,0.201080322265625,0.201080322265625,0.201080322265625,43182497.4,43182497.4,43182497.4,43182497.4,431825374,431825374,431825.374,169343283.92156863,13178.264587402344,169343283.92156863,431825334,169343283.92156863,169343283.92156863,169343283.92156863,169343283.92156863,169343283.92156863,169343283.92156863,431825374,431825374,431825374,4318253740,431825374,169343283.92156863,2159126.87,431825374,3373535.734375,3373535.734375,3373535.734375,3373535.734375,4318253740,169343283.92156863,169343283.92156863,431825334,3373425.734375,21591268.7,431825374,431825374,431825249,431825249,431825374,169343283.92156863,431825374,431825374,431825374,431825374,431825374,431825374,431825374,431825374,431825374,431825374,431825374,431825374,431825374,431825374,431825374,431825374,431825374,431825374,431825374,431825374,431825374,431825374,431825374,431825374,
2025-06-02 01:10:01.804142,431832767,431832767,431832767,431832767,169346183.1372549,431832727,3373593.4921875,3373593.4921875,3373593.4921875,3373593.4921875,1295498301,431832767,107958191.75,431832767,215916319.5,431832727,4318327.67,169346183.1372549,431832767,431832767,2159163.835,2159163.835,2159163.835,2159163.835,2159163.835,2159163.835,2159163.835,2159163.835,431832767,431832767,431832767,431832767,431832767,431832767,34114788.593,4318327670,13178.490203857422,13178.490203857422,13178.490203857422,13178.490203857422,13178.490203857422,13178.490203857422,13178.490203857422,13178.490203857422,169346183.1372549,337369249.21875,169346183.1372549,169346183.1372549,431832767,431832767,107958191.75,431832767,0.201080322265625,0.201080322265625,0.201080322265625,0.201080322265625,0.201080322265625,0.201080322265625,0.201080322265625,0.201080322265625,43183236.7,43183236.7,43183236.7,43183236.7,431832767,431832767,431832.767,169346183.1372549,13178.490203857422,169346183.1372549,431832727,169346183.1372549,169346183.1372549,169346183.1372549,169346183.1372549,169346183.1372549,169346183.1372549,431832767,431832767,431832767,4318327670,431832767,169346183.1372549,2159163.835,431832767,3373593.4921875,3373593.4921875,3373593.4921875,3373593.4921875,4318327670,169346183.1372549,169346183.1372549,431832727,3373483.4921875,21591638.35,431832767,431832767,431832642,431832642,431832767,169346183.1372549,431832767,431832767,431832767,431832767,431832767,431832767,431832767,431832767,431832767,431832767,431832767,431832767,431832767,431832767,431832767,431832767,431832767,431832767,431832767,431832767,431832767,431832767,431832767,431832767,
2025-06-02 01:10:01.876208,431838496,431838496,431838496,431838496,169348429.80392155,431838456,3373638.25,3373638.25,3373638.25,3373638.25,1295515488,431838496,107959624.0,431838496,215919184.0,431838456,4318384.96,169348429.80392155,431838496,431838496,2159192.48,2159192.48,2159192.48,2159192.48,2159192.48,2159192.48,2159192.48,2159192.48,431838496,431838496,431838496,431838496,431838496,431838496,34115241.184,4318384960,13178.6650390625,13178.6650390625,13178.6650390625,13178.6650390625,13178.6650390625,13178.6650390625,13178.6650390625,13178.6650390625,169348429.80392155,337373725.0,169348429.80392155,169348429.80392155,431838496,431838496,107959624.0,431838496,0.201080322265625,0.201080322265625,0.201080322265625,0.201080322265625,0.201080322265625,0.201080322265625,0.201080322265625,0.201080322265625,43183809.6,43183809.6,43183809.6,43183809.6,431838496,431838496,431838.496,169348429.80392155,13178.6650390625,169348429.80392155,431838456,169348429.80392155,169348429.80392155,169348429.80392155,169348429.80392155,169348429.80392155,169348429.80392155,431838496,431838496,431838496,4318384960,431838496,169348429.80392155,2159192.48,431838496,3373638.25,3373638.25,3373638.25,3373638.25,4318384960,169348429.80392155,169348429.80392155,431838456,3373528.25,21591924.8,431838496,431838496,431838371,431838371,431838496,169348429.80392155,431838496,431838496,431838496,431838496,431838496,431838496,431838496,431838496,431838496,431838496,431838496,431838496,431838496,431838496,431838496,431838496,431838496,431838496,431838496,431838496,431838496,431838496,431838496,431838496,
2025-06-02 01:10:01.939382,431846039,431846039,431846039,431846039,169351387.84313726,431845999,3373697.1796875,3373697.1796875,3373697.1796875,3373697.1796875,1295538117,431846039,107961509.75,431846039,215922955.5,431845999,4318460.39,169351387.84313726,431846039,431846039,2159230.195,2159230.195,2159230.195,2159230.195,2159230.195,2159230.195,2159230.195,2159230.195,431846039,431846039,431846039,431846039,431846039,431846039,34115837.081,4318460390,13178.895233154297,13178.895233154297,13178.895233154297,13178.895233154297,13178.895233154297,13178.895233154297,13178.895233154297,13178.895233154297,169351387.84313726,337379617.96875,169351387.84313726,169351387.84313726,431846039,431846039,107961509.75,431846039,0.201080322265625,0.201080322265625,0.201080322265625,0.201080322265625,0.201080322265625,0.201080322265625,0.201080322265625,0.201080322265625,43184563.9,43184563.9,43184563.9,43184563.9,431846039,431846039,431846.039,169351387.84313726,13178.895233154297,169351387.84313726,431845999,169351387.84313726,169351387.84313726,169351387.84313726,169351387.84313726,169351387.84313726,169351387.84313726,431846039,431846039,431846039,4318460390,431846039,169351387.84313726,2159230.195,431846039,3373697.1796875,3373697.1796875,3373697.1796875,3373697.1796875,4318460390,169351387.84313726,169351387.84313726,431845999,3373587.1796875,21592301.95,431846039,431846039,431845914,431845914,431846039,169351387.84313726,431846039,431846039,431846039,431846039,431846039,431846039,431846039,431846039,431846039,431846039,431846039,431846039,431846039,431846039,431846039,431846039,431846039,431846039,431846039,431846039,431846039,431846039,431846039,431846039,
2025-06-02 01:10:01.991186,431852168,431852168,431852168,431852168,169353791.37254903,431852128,3373745.0625,3373745.0625,3373745.0625,3373745.0625,1295556504,431852168,107963042.0,431852168,215926020.0,431852128,4318521.68,169353791.37254903,431852168,431852168,2159260.84,2159260.84,2159260.84,2159260.84,2159260.84,2159260.84,2159260.84,2159260.84,431852168,431852168,431852168,431852168,431852168,431852168,34116321.272,4318521680,13179.082275390625,13179.082275390625,13179.082275390625,13179.082275390625,13179.082275390625,13179.082275390625,13179.082275390625,13179.082275390625,169353791.37254903,337384406.25,169353791.37254903,169353791.37254903,431852168,431852168,107963042.0,431852168,0.201080322265625,0.201080322265625,0.201080322265625,0.201080322265625,0.201080322265625,0.201080322265625,0.201080322265625,0.201080322265625,43185176.8,43185176.8,43185176.8,43185176.8,431852168,431852168,431852.168,169353791.37254903,13179.082275390625,169353791.37254903,431852128,169353791.37254903,169353791.37254903,169353791.37254903,169353791.37254903,169353791.37254903,169353791.37254903,431852168,431852168,431852168,4318521680,431852168,169353791.37254903,2159260.84,431852168,3373745.0625,3373745.0625,3373745.0625,3373745.0625,4318521680,169353791.37254903,169353791.37254903,431852128,3373635.0625,21592608.4,431852168,431852168,431852043,431852043,431852168,169353791.37254903,431852168,431852168,431852168,431852168,431852168,431852168,431852168,431852168,431852168,431852168,431852168,431852168,431852168,431852168,431852168,431852168,431852168,431852168,431852168,431852168,431852168,431852168,431852168,431852168,
2025-06-02 01:10:02.064734,431857195,431857195,431857195,431857195,169355762.74509805,431857155,3373784.3359375,3373784.3359375,3373784.3359375,3373784.3359375,1295571585,431857195,107964298.75,431857195,215928533.5,431857155,4318571.95,169355762.74509805,431857195,431857195,2159285.975,2159285.975,2159285.975,2159285.975,2159285.975,2159285.975,2159285.975,2159285.975,431857195,431857195,431857195,431857195,431857195,431857195,34116718.405,4318571950,13179.23568725586,13179.23568725586,13179.23568725586,13179.23568725586,13179.23568725586,13179.23568725586,13179.23568725586,13179.23568725586,169355762.74509805,337388333.59375,169355762.74509805,169355762.74509805,431857195,431857195,107964298.75,431857195,0.201080322265625,0.201080322265625,0.201080322265625,0.201080322265625,0.201080322265625,0.201080322265625,0.201080322265625,0.201080322265625,43185679.5,43185679.5,43185679.5,43185679.5,431857195,431857195,431857.195,169355762.74509805,13179.23568725586,169355762.74509805,431857155,169355762.74509805,169355762.74509805,169355762.74509805,169355762.74509805,169355762.74509805,169355762.74509805,431857195,431857195,431857195,4318571950,431857195,169355762.74509805,2159285.975,431857195,3373784.3359375,3373784.3359375,3373784.3359375,3373784.3359375,4318571950,169355762.74509805,169355762.74509805,431857155,3373674.3359375,21592859.75,431857195,431857195,431857070,431857070,431857195,169355762.74509805,431857195,431857195,431857195,431857195,431857195,431857195,431857195,431857195,431857195,431857195,431857195,431857195,431857195,431857195,431857195,431857195,431857195,431857195,431857195,431857195,431857195,431857195,431857195,431857195,
2025-06-02 01:10:02.118155,431864587,431864587,431864587,431864587,169358661.56862745,431864547,3373842.0859375,3373842.0859375,3373842.0859375,3373842.0859375,1295593761,431864587,107966146.75,431864587,215932229.5,431864547,4318645.87,169358661.56862745,431864587,431864587,2159322.935,2159322.935,2159322.935,2159322.935,2159322.935,2159322.935,2159322.935,2159322.935,431864587,431864587,431864587,431864587,431864587,431864587,34117302.373,4318645870,13179.46127319336,13179.46127319336,13179.46127319336,13179.46127319336,13179.46127319336,13179.46127319336,13179.46127319336,13179.46127319336,169358661.56862745,337394108.59375,169358661.56862745,169358661.56862745,431864587,431864587,107966146.75,431864587,0.201080322265625,0.201080322265625,0.201080322265625,0.201080322265625,0.201080322265625,0.201080322265625,0.201080322265625,0.201080322265625,43186418.7,43186418.7,43186418.7,43186418.7,431864587,431864587,431864.587,169358661.56862745,13179.46127319336,169358661.56862745,431864547,169358661.56862745,169358661.56862745,169358661.56862745,169358661.56862745,169358661.56862745,169358661.56862745,431864587,431864587,431864587,4318645870,431864587,169358661.56862745,2159322.935,431864587,3373842.0859375,3373842.0859375,3373842.0859375,3373842.0859375,4318645870,169358661.56862745,169358661.56862745,431864547,3373732.0859375,21593229.35,431864587,431864587,431864462,431864462,431864587,169358661.56862745,431864587,431864587,431864587,431864587,431864587,431864587,431864587,431864587,431864587,431864587,431864587,431864587,431864587,431864587,431864587,431864587,431864587,431864587,431864587,431864587,431864587,431864587,431864587,431864587,
2025-06-02 01:10:02.171327,431870909,431870909,431870909,431870909,169361140.7843137,431870869,3373891.4765625,3373891.4765625,3373891.4765625,3373891.4765625,1295612727,431870909,107967727.25,431870909,215935390.5,431870869,4318709.09,169361140.7843137,431870909,431870909,2159354.545,2159354.545,2159354.545,2159354.545,2159354.545,2159354.545,2159354.545,2159354.545,431870909,431870909,431870909,431870909,431870909,431870909,34117801.811,4318709090,13179.654205322266,13179.654205322266,13179.654205322266,13179.654205322266,13179.654205322266,13179.654205322266,13179.654205322266,13179.654205322266,169361140.7843137,337399047.65625,169361140.7843137,169361140.7843137,431870909,431870909,107967727.25,431870909,0.201080322265625,0.201080322265625,0.201080322265625,0.201080322265625,0.201080322265625,0.201080322265625,0.201080322265625,0.201080322265625,43187050.9,43187050.9,43187050.9,43187050.9,431870909,431870909,431870.909,169361140.7843137,13179.654205322266,169361140.7843137,431870869,169361140.7843137,169361140.7843137,169361140.7843137,169361140.7843137,169361140.7843137,169361140.7843137,431870909,431870909,431870909,4318709090,431870909,169361140.7843137,2159354.545,431870909,3373891.4765625,3373891.4765625,3373891.4765625,3373891.4765625,4318709090,169361140.7843137,169361140.7843137,431870869,3373781.4765625,21593545.45,431870909,431870909,431870784,431870784,431870909,169361140.7843137,431870909,431870909,431870909,431870909,431870909,431870909,431870909,431870909,431870909,431870909,431870909,431870909,431870909,431870909,431870909,431870909,431870909,431870909,431870909,431870909,431870909,431870909,431870909,431870909,
2025-06-02 01:10:02.232836,431875464,431875464,431875464,431875464,169362927.05882353,431875424,3373927.0625,3373927.0625,3373927.0625,3373927.0625,1295626392,431875464,107968866.0,431875464,215937668.0,431875424,4318754.64,169362927.05882353,431875464,431875464,2159377.32,2159377.32,2159377.32,2159377.32,2159377.32,2159377.32,2159377.32,2159377.32,431875464,431875464,431875464,431875464,431875464,431875464,34118161.656,4318754640,13179.793212890625,13179.793212890625,13179.793212890625,13179.793212890625,13179.793212890625,13179.793212890625,13179.793212890625,13179.793212890625,169362927.05882353,337402606.25,169362927.05882353,169362927.05882353,431875464,431875464,107968866.0,431875464,0.201080322265625,0.201080322265625,0.201080322265625,0.201080322265625,0.201080322265625,0.201080322265625,0.201080322265625,0.201080322265625,43187506.4,43187506.4,43187506.4,43187506.4,431875464,431875464,431875.464,169362927.05882353,13179.793212890625,169362927.05882353,431875424,169362927.05882353,169362927.05882353,169362927.05882353,169362927.05882353,169362927.05882353,169362927.05882353,431875464,431875464,431875464,4318754640,431875464,169362927.05882353,2159377.32,431875464,3373927.0625,3373927.0625,3373927.0625,3373927.0625,4318754640,169362927.05882353,169362927.05882353,431875424,3373817.0625,21593773.2,431875464,431875464,431875339,431875339,431875464,169362927.05882353,431875464,431875464,431875464,431875464,431875464,431875464,431875464,431875464,431875464,431875464,431875464,431875464,431875464,431875464,431875464,431875464,431875464,431875464,431875464,431875464,431875464,431875464,431875464,431875464,
2025-06-02 01:10:02.302938,431947468,431947468,431947468,431947468,169391163.92156863,431947428,3374489.59375,3374489.59375,3374489.59375,3374489.59375,1295842404,431947468,107986867.0,431947468,215973670.0,431947428,4319474.68,169391163.92156863,431947468,431947468,2159737.34,2159737.34,2159737.34,2159737.34,2159737.34,2159737.34,2159737.34,2159737.34,431947468,431947468,431947468,431947468,431947468,431947468,34123849.972,4319474680,13181.990600585938,13181.990600585938,13181.990600585938,13181.990600585938,13181.990600585938,13181.990600585938,13181.990600585938,13181.990600585938,169391163.92156863,337458859.375,169391163.92156863,169391163.92156863,431947468,431947468,107986867.0,431947468,0.20111083984375,0.20111083984375,0.20111083984375,0.20111083984375,0.20111083984375,0.20111083984375,0.20111083984375,0.20111083984375,43194706.8,43194706.8,43194706.8,43194706.8,431947468,431947468,431947.468,169391163.92156863,13181.990600585938,169391163.92156863,431947428,169391163.92156863,169391163.92156863,169391163.92156863,169391163.92156863,169391163.92156863,169391163.92156863,431947468,431947468,431947468,4319474680,431947468,169391163.92156863,2159737.34,431947468,3374489.59375,3374489.59375,3374489.59375,3374489.59375,4319474680,169391163.92156863,169391163.92156863,431947428,3374379.59375,21597373.4,431947468,431947468,431947343,431947343,431947468,169391163.92156863,431947468,431947468,431947468,431947468,431947468,431947468,431947468,431947468,431947468,431947468,431947468,431947468,431947468,431947468,431947468,431947468,431947468,431947468,431947468,431947468,431947468,431947468,431947468,431947468,
2025-06-02 01:10:02.356743,431889202,431889202,431889202,431889202,169368314.50980392,431889162,3374034.390625,3374034.390625,3374034.390625,3374034.390625,1295667606,431889202,107972300.5,431889202,215944537.0,431889162,4318892.02,169368314.50980392,431889202,431889202,2159446.01,2159446.01,2159446.01,2159446.01,2159446.01,2159446.01,2159446.01,2159446.01,431889202,431889202,431889202,431889202,431889202,431889202,34119246.958,4318892020,13180.212463378906,13180.212463378906,13180.212463378906,13180.212463378906,13180.212463378906,13180.212463378906,13180.212463378906,13180.212463378906,169368314.50980392,337413339.0625,169368314.50980392,169368314.50980392,431889202,431889202,107972300.5,431889202,0.20111083984375,0.20111083984375,0.20111083984375,0.20111083984375,0.20111083984375,0.20111083984375,0.20111083984375,0.20111083984375,43188880.2,43188880.2,43188880.2,43188880.2,431889202,431889202,431889.202,169368314.50980392,13180.212463378906,169368314.50980392,431889162,169368314.50980392,169368314.50980392,169368314.50980392,169368314.50980392,169368314.50980392,169368314.50980392,431889202,431889202,431889202,4318892020,431889202,169368314.50980392,2159446.01,431889202,3374034.390625,3374034.390625,3374034.390625,3374034.390625,4318892020,169368314.50980392,169368314.50980392,431889162,3373924.390625,21594460.1,431889202,431889202,431889077,431889077,431889202,169368314.50980392,431889202,431889202,431889202,431889202,431889202,431889202,431889202,431889202,431889202,431889202,431889202,431889202,431889202,431889202,431889202,431889202,431889202,431889202,431889202,431889202,431889202,431889202,431889202,431889202,
2025-06-02 01:10:02.417807,431894455,431894455,431894455,431894455,169370374.50980392,431894415,3374075.4296875,3374075.4296875,3374075.4296875,3374075.4296875,1295683365,431894455,107973613.75,431894455,215947163.5,431894415,4318944.55,169370374.50980392,431894455,431894455,2159472.275,2159472.275,2159472.275,2159472.275,2159472.275,2159472.275,2159472.275,2159472.275,431894455,431894455,431894455,431894455,431894455,431894455,34119661.945,4318944550,13180.372772216797,13180.372772216797,13180.372772216797,13180.372772216797,13180.372772216797,13180.372772216797,13180.372772216797,13180.372772216797,169370374.50980392,337417442.96875,169370374.50980392,169370374.50980392,431894455,431894455,107973613.75,431894455,0.20111083984375,0.20111083984375,0.20111083984375,0.20111083984375,0.20111083984375,0.20111083984375,0.20111083984375,0.20111083984375,43189405.5,43189405.5,43189405.5,43189405.5,431894455,431894455,431894.455,169370374.50980392,13180.372772216797,169370374.50980392,431894415,169370374.50980392,169370374.50980392,169370374.50980392,169370374.50980392,169370374.50980392,169370374.50980392,431894455,431894455,431894455,4318944550,431894455,169370374.50980392,2159472.275,431894455,3374075.4296875,3374075.4296875,3374075.4296875,3374075.4296875,4318944550,169370374.50980392,169370374.50980392,431894415,3373965.4296875,21594722.75,431894455,431894455,431894330,431894330,431894455,169370374.50980392,431894455,431894455,431894455,431894455,431894455,431894455,431894455,431894455,431894455,431894455,431894455,431894455,431894455,431894455,431894455,431894455,431894455,431894455,431894455,431894455,431894455,431894455,431894455,431894455,
2025-06-02 01:10:02.481163,431900717,431900717,431900717,431900717,169372830.19607842,431900677,3374124.3515625,3374124.3515625,3374124.3515625,3374124.3515625,1295702151,431900717,107975179.25,431900717,215950294.5,431900677,4319007.17,169372830.19607842,431900717,431900717,2159503.585,2159503.585,2159503.585,2159503.585,2159503.585,2159503.585,2159503.585,2159503.585,431900717,431900717,431900717,431900717,431900717,431900717,34120156.643,4319007170,13180.563873291016,13180.563873291016,13180.563873291016,13180.563873291016,13180.563873291016,13180.563873291016,13180.563873291016,13180.563873291016,169372830.19607842,337422335.15625,169372830.19607842,169372830.19607842,431900717,431900717,107975179.25,431900717,0.20111083984375,0.20111083984375,0.20111083984375,0.20111083984375,0.20111083984375,0.20111083984375,0.20111083984375,0.20111083984375,43190031.7,43190031.7,43190031.7,43190031.7,431900717,431900717,431900.717,169372830.19607842,13180.563873291016,169372830.19607842,431900677,169372830.19607842,169372830.19607842,169372830.19607842,169372830.19607842,169372830.19607842,169372830.19607842,431900717,431900717,431900717,4319007170,431900717,169372830.19607842,2159503.585,431900717,3374124.3515625,3374124.3515625,3374124.3515625,3374124.3515625,4319007170,169372830.19607842,169372830.19607842,431900677,3374014.3515625,21595035.85,431900717,431900717,431900592,431900592,431900717,169372830.19607842,431900717,431900717,431900717,431900717,431900717,431900717,431900717,431900717,431900717,431900717,431900717,431900717,431900717,431900717,431900717,431900717,431900717,431900717,431900717,431900717,431900717,431900717,431900717,431900717,
2025-06-02 01:10:02.547313,431908143,431908143,431908143,431908143,169375742.35294116,431908103,3374182.3671875,3374182.3671875,3374182.3671875,3374182.3671875,1295724429,431908143,107977035.75,431908143,215954007.5,431908103,4319081.43,169375742.35294116,431908143,431908143,2159540.715,2159540.715,2159540.715,2159540.715,2159540.715,2159540.715,2159540.715,2159540.715,431908143,431908143,431908143,431908143,431908143,431908143,34120743.297,4319081430,13180.790496826172,13180.790496826172,13180.790496826172,13180.790496826172,13180.790496826172,13180.790496826172,13180.790496826172,13180.790496826172,169375742.35294116,337428136.71875,169375742.35294116,169375742.35294116,431908143,431908143,107977035.75,431908143,0.20111083984375,0.20111083984375,0.20111083984375,0.20111083984375,0.20111083984375,0.20111083984375,0.20111083984375,0.20111083984375,43190774.3,43190774.3,43190774.3,43190774.3,431908143,431908143,431908.143,169375742.35294116,13180.790496826172,169375742.35294116,431908103,169375742.35294116,169375742.35294116,169375742.35294116,169375742.35294116,169375742.35294116,169375742.35294116,431908143,431908143,431908143,4319081430,431908143,169375742.35294116,2159540.715,431908143,3374182.3671875,3374182.3671875,3374182.3671875,3374182.3671875,4319081430,169375742.35294116,169375742.35294116,431908103,3374072.3671875,21595407.15,431908143,431908143,431908018,431908018,431908143,169375742.35294116,431908143,431908143,431908143,431908143,431908143,431908143,431908143,431908143,431908143,431908143,431908143,431908143,431908143,431908143,431908143,431908143,431908143,431908143,431908143,431908143,431908143,431908143,431908143,431908143,
2025-06-02 01:10:02.602168,431913957,431913957,431913957,431913957,169378022.3529412,431913917,3374227.7890625,3374227.7890625,3374227.7890625,3374227.7890625,1295741871,431913957,107978489.25,431913957,215956914.5,431913917,4319139.57,169378022.3529412,431913957,431913957,2159569.785,2159569.785,2159569.785,2159569.785,2159569.785,2159569.785,2159569.785,2159569.785,431913957,431913957,431913957,431913957,431913957,431913957,34121202.603,4319139570,13180.96792602539,13180.96792602539,13180.96792602539,13180.96792602539,13180.96792602539,13180.96792602539,13180.96792602539,13180.96792602539,169378022.3529412,337432678.90625,169378022.3529412,169378022.3529412,431913957,431913957,107978489.25,431913957,0.20111083984375,0.20111083984375,0.20111083984375,0.20111083984375,0.20111083984375,0.20111083984375,0.20111083984375,0.20111083984375,43191355.7,43191355.7,43191355.7,43191355.7,431913957,431913957,431913.957,169378022.3529412,13180.96792602539,169378022.3529412,431913917,169378022.3529412,169378022.3529412,169378022.3529412,169378022.3529412,169378022.3529412,169378022.3529412,431913957,431913957,431913957,4319139570,431913957,169378022.3529412,2159569.785,431913957,3374227.7890625,3374227.7890625,3374227.7890625,3374227.7890625,4319139570,169378022.3529412,169378022.3529412,431913917,3374117.7890625,21595697.85,431913957,431913957,431913832,431913832,431913957,169378022.3529412,431913957,431913957,431913957,431913957,431913957,431913957,431913957,431913957,431913957,431913957,431913957,431913957,431913957,431913957,431913957,431913957,431913957,431913957,431913957,431913957,431913957,431913957,431913957,431913957,
2025-06-02 01:10:02.653186,431920217,431920217,431920217,431920217,169380477.25490198,431920177,3374276.6953125,3374276.6953125,3374276.6953125,3374276.6953125,1295760651,431920217,107980054.25,431920217,215960044.5,431920177,4319202.17,169380477.25490198,431920217,431920217,2159601.085,2159601.085,2159601.085,2159601.085,2159601.085,2159601.085,2159601.085,2159601.085,431920217,431920217,431920217,431920217,431920217,431920217,34121697.143,4319202170,13181.158966064453,13181.158966064453,13181.158966064453,13181.158966064453,13181.158966064453,13181.158966064453,13181.158966064453,13181.158966064453,169380477.25490198,337437569.53125,169380477.25490198,169380477.25490198,431920217,431920217,107980054.25,431920217,0.20111083984375,0.20111083984375,0.20111083984375,0.20111083984375,0.20111083984375,0.20111083984375,0.20111083984375,0.20111083984375,43191981.7,43191981.7,43191981.7,43191981.7,431920217,431920217,431920.217,169380477.25490198,13181.158966064453,169380477.25490198,431920177,169380477.25490198,169380477.25490198,169380477.25490198,169380477.25490198,169380477.25490198,169380477.25490198,431920217,431920217,431920217,4319202170,431920217,169380477.25490198,2159601.085,431920217,3374276.6953125,3374276.6953125,3374276.6953125,3374276.6953125,4319202170,169380477.25490198,169380477.25490198,431920177,3374166.6953125,21596010.85,431920217,431920217,431920092,431920092,431920217,169380477.25490198,431920217,431920217,431920217,431920217,431920217,431920217,431920217,431920217,431920217,431920217,431920217,431920217,431920217,431920217,431920217,431920217,431920217,431920217,431920217,431920217,431920217,431920217,431920217,431920217,
2025-06-02 01:10:02.714789,431926479,431926479,431926479,431926479,169382932.94117647,431926439,3374325.6171875,3374325.6171875,3374325.6171875,3374325.6171875,1295779437,431926479,107981619.75,431926479,215963175.5,431926439,4319264.79,169382932.94117647,431926479,431926479,2159632.395,2159632.395,2159632.395,2159632.395,2159632.395,2159632.395,2159632.395,2159632.395,431926479,431926479,431926479,431926479,431926479,431926479,34122191.841,4319264790,13181.350067138672,13181.350067138672,13181.350067138672,13181.350067138672,13181.350067138672,13181.350067138672,13181.350067138672,13181.350067138672,169382932.94117647,337442461.71875,169382932.94117647,169382932.94117647,431926479,431926479,107981619.75,431926479,0.20111083984375,0.20111083984375,0.20111083984375,0.20111083984375,0.20111083984375,0.20111083984375,0.20111083984375,0.20111083984375,43192607.9,43192607.9,43192607.9,43192607.9,431926479,431926479,431926.479,169382932.94117647,13181.350067138672,169382932.94117647,431926439,169382932.94117647,169382932.94117647,169382932.94117647,169382932.94117647,169382932.94117647,169382932.94117647,431926479,431926479,431926479,4319264790,431926479,169382932.94117647,2159632.395,431926479,3374325.6171875,3374325.6171875,3374325.6171875,3374325.6171875,4319264790,169382932.94117647,169382932.94117647,431926439,3374215.6171875,21596323.95,431926479,431926479,431926354,431926354,431926479,169382932.94117647,431926479,431926479,431926479,431926479,431926479,431926479,431926479,431926479,431926479,431926479,431926479,431926479,431926479,431926479,431926479,431926479,431926479,431926479,431926479,431926479,431926479,431926479,431926479,431926479,
2025-06-02 01:10:02.771856,431931096,431931096,431931096,431931096,169384743.52941176,431931056,3374361.6875,3374361.6875,3374361.6875,3374361.6875,1295793288,431931096,107982774.0,431931096,215965484.0,431931056,4319310.96,169384743.52941176,431931096,431931096,2159655.48,2159655.48,2159655.48,2159655.48,2159655.48,2159655.48,2159655.48,2159655.48,431931096,431931096,431931096,431931096,431931096,431931096,34122556.584,4319310960,13181.490966796875,13181.490966796875,13181.490966796875,13181.490966796875,13181.490966796875,13181.490966796875,13181.490966796875,13181.490966796875,169384743.52941176,337446068.75,169384743.52941176,169384743.52941176,431931096,431931096,107982774.0,431931096,0.20111083984375,0.20111083984375,0.20111083984375,0.20111083984375,0.20111083984375,0.20111083984375,0.20111083984375,0.20111083984375,43193069.6,43193069.6,43193069.6,43193069.6,431931096,431931096,431931.096,169384743.52941176,13181.490966796875,169384743.52941176,431931056,169384743.52941176,169384743.52941176,169384743.52941176,169384743.52941176,169384743.52941176,169384743.52941176,431931096,431931096,431931096,4319310960,431931096,169384743.52941176,2159655.48,431931096,3374361.6875,3374361.6875,3374361.6875,3374361.6875,4319310960,169384743.52941176,169384743.52941176,431931056,3374251.6875,21596554.8,431931096,431931096,431930971,431930971,431931096,169384743.52941176,431931096,431931096,431931096,431931096,431931096,431931096,431931096,431931096,431931096,431931096,431931096,431931096,431931096,431931096,431931096,431931096,431931096,431931096,431931096,431931096,431931096,431931096,431931096,431931096,
2025-06-02 01:10:02.824177,431937562,431937562,431937562,431937562,169387279.2156863,431937522,3374412.203125,3374412.203125,3374412.203125,3374412.203125,1295812686,431937562,107984390.5,431937562,215968717.0,431937522,4319375.62,169387279.2156863,431937562,431937562,2159687.81,2159687.81,2159687.81,2159687.81,2159687.81,2159687.81,2159687.81,2159687.81,431937562,431937562,431937562,431937562,431937562,431937562,34123067.398,4319375620,13181.688293457031,13181.688293457031,13181.688293457031,13181.688293457031,13181.688293457031,13181.688293457031,13181.688293457031,13181.688293457031,169387279.2156863,337451120.3125,169387279.2156863,169387279.2156863,431937562,431937562,107984390.5,431937562,0.20111083984375,0.20111083984375,0.20111083984375,0.20111083984375,0.20111083984375,0.20111083984375,0.20111083984375,0.20111083984375,43193716.2,43193716.2,43193716.2,43193716.2,431937562,431937562,431937.562,169387279.2156863,13181.688293457031,169387279.2156863,431937522,169387279.2156863,169387279.2156863,169387279.2156863,169387279.2156863,169387279.2156863,169387279.2156863,431937562,431937562,431937562,4319375620,431937562,169387279.2156863,2159687.81,431937562,3374412.203125,3374412.203125,3374412.203125,3374412.203125,4319375620,169387279.2156863,169387279.2156863,431937522,3374302.203125,21596878.1,431937562,431937562,431937437,431937437,431937562,169387279.2156863,431937562,431937562,431937562,431937562,431937562,431937562,431937562,431937562,431937562,431937562,431937562,431937562,431937562,431937562,431937562,431937562,431937562,431937562,431937562,431937562,431937562,431937562,431937562,431937562,
2025-06-02 01:10:02.895757,431942614,431942614,431942614,431942614,169389260.39215687,431942574,3374451.671875,3374451.671875,3374451.671875,3374451.671875,1295827842,431942614,107985653.5,431942614,215971243.0,431942574,4319426.14,169389260.39215687,431942614,431942614,2159713.07,2159713.07,2159713.07,2159713.07,2159713.07,2159713.07,2159713.07,2159713.07,431942614,431942614,431942614,431942614,431942614,431942614,34123466.506,4319426140,13181.842468261719,13181.842468261719,13181.842468261719,13181.842468261719,13181.842468261719,13181.842468261719,13181.842468261719,13181.842468261719,169389260.39215687,337455067.1875,169389260.39215687,169389260.39215687,431942614,431942614,107985653.5,431942614,0.20111083984375,0.20111083984375,0.20111083984375,0.20111083984375,0.20111083984375,0.20111083984375,0.20111083984375,0.20111083984375,43194221.4,43194221.4,43194221.4,43194221.4,431942614,431942614,431942.614,169389260.39215687,13181.842468261719,169389260.39215687,431942574,169389260.39215687,169389260.39215687,169389260.39215687,169389260.39215687,169389260.39215687,169389260.39215687,431942614,431942614,431942614,4319426140,431942614,169389260.39215687,2159713.07,431942614,3374451.671875,3374451.671875,3374451.671875,3374451.671875,4319426140,169389260.39215687,169389260.39215687,431942574,3374341.671875,21597130.7,431942614,431942614,431942489,431942489,431942614,169389260.39215687,431942614,431942614,431942614,431942614,431942614,431942614,431942614,431942614,431942614,431942614,431942614,431942614,431942614,431942614,431942614,431942614,431942614,431942614,431942614,431942614,431942614,431942614,431942614,431942614,
2025-06-02 01:10:02.957796,431950189,431950189,431950189,431950189,169392230.98039216,431950149,3374510.8515625,3374510.8515625,3374510.8515625,3374510.8515625,1295850567,431950189,107987547.25,431950189,215975030.5,431950149,4319501.89,169392230.98039216,431950189,431950189,2159750.945,2159750.945,2159750.945,2159750.945,2159750.945,2159750.945,2159750.945,2159750.945,431950189,431950189,431950189,431950189,431950189,431950189,34124064.931,4319501890,13182.073638916016,13182.073638916016,13182.073638916016,13182.073638916016,13182.073638916016,13182.073638916016,13182.073638916016,13182.073638916016,169392230.98039216,337460985.15625,169392230.98039216,169392230.98039216,431950189,431950189,107987547.25,431950189,0.201141357421875,0.201141357421875,0.201141357421875,0.201141357421875,0.201141357421875,0.201141357421875,0.201141357421875,0.201141357421875,43194978.9,43194978.9,43194978.9,43194978.9,431950189,431950189,431950.189,169392230.98039216,13182.073638916016,169392230.98039216,431950149,169392230.98039216,169392230.98039216,169392230.98039216,169392230.98039216,169392230.98039216,169392230.98039216,431950189,431950189,431950189,4319501890,431950189,169392230.98039216,2159750.945,431950189,3374510.8515625,3374510.8515625,3374510.8515625,3374510.8515625,4319501890,169392230.98039216,169392230.98039216,431950149,3374400.8515625,21597509.45,431950189,431950189,431950064,431950064,431950189,169392230.98039216,431950189,431950189,431950189,431950189,431950189,431950189,431950189,431950189,431950189,431950189,431950189,431950189,431950189,431950189,431950189,431950189,431950189,431950189,431950189,431950189,431950189,431950189,431950189,431950189,
2025-06-02 01:10:03.015227,431956655,431956655,431956655,431956655,169394766.6666667,431956615,3374561.3671875,3374561.3671875,3374561.3671875,3374561.3671875,1295869965,431956655,107989163.75,431956655,215978263.5,431956615,4319566.55,169394766.6666667,431956655,431956655,2159783.275,2159783.275,2159783.275,2159783.275,2159783.275,2159783.275,2159783.275,2159783.275,431956655,431956655,431956655,431956655,431956655,431956655,34124575.745,4319566550,13182.270965576172,13182.270965576172,13182.270965576172,13182.270965576172,13182.270965576172,13182.270965576172,13182.270965576172,13182.270965576172,169394766.6666667,337466036.71875,169394766.6666667,169394766.6666667,431956655,431956655,107989163.75,431956655,0.201141357421875,0.201141357421875,0.201141357421875,0.201141357421875,0.201141357421875,0.201141357421875,0.201141357421875,0.201141357421875,43195625.5,43195625.5,43195625.5,43195625.5,431956655,431956655,431956.655,169394766.6666667,13182.270965576172,169394766.6666667,431956615,169394766.6666667,169394766.6666667,169394766.6666667,169394766.6666667,169394766.6666667,169394766.6666667,431956655,431956655,431956655,4319566550,431956655,169394766.6666667,2159783.275,431956655,3374561.3671875,3374561.3671875,3374561.3671875,3374561.3671875,4319566550,169394766.6666667,169394766.6666667,431956615,3374451.3671875,21597832.75,431956655,431956655,431956530,431956530,431956655,169394766.6666667,431956655,431956655,431956655,431956655,431956655,431956655,431956655,431956655,431956655,431956655,431956655,431956655,431956655,431956655,431956655,431956655,431956655,431956655,431956655,431956655,431956655,431956655,431956655,431956655,
2025-06-02 01:10:03.082210,431963842,431963842,431963842,431963842,169397585.0980392,431963802,3374617.515625,3374617.515625,3374617.515625,3374617.515625,1295891526,431963842,107990960.5,431963842,215981857.0,431963802,4319638.42,169397585.0980392,431963842,431963842,2159819.21,2159819.21,2159819.21,2159819.21,2159819.21,2159819.21,2159819.21,2159819.21,431963842,431963842,431963842,431963842,431963842,431963842,34125143.518,4319638420,13182.490295410156,13182.490295410156,13182.490295410156,13182.490295410156,13182.490295410156,13182.490295410156,13182.490295410156,13182.490295410156,169397585.0980392,337471651.5625,169397585.0980392,169397585.0980392,431963842,431963842,107990960.5,431963842,0.201141357421875,0.201141357421875,0.201141357421875,0.201141357421875,0.201141357421875,0.201141357421875,0.201141357421875,0.201141357421875,43196344.2,43196344.2,43196344.2,43196344.2,431963842,431963842,431963.842,169397585.0980392,13182.490295410156,169397585.0980392,431963802,169397585.0980392,169397585.0980392,169397585.0980392,169397585.0980392,169397585.0980392,169397585.0980392,431963842,431963842,431963842,4319638420,431963842,169397585.0980392,2159819.21,431963842,3374617.515625,3374617.515625,3374617.515625,3374617.515625,4319638420,169397585.0980392,169397585.0980392,431963802,3374507.515625,21598192.1,431963842,431963842,431963717,431963717,431963842,169397585.0980392,431963842,431963842,431963842,431963842,431963842,431963842,431963842,431963842,431963842,431963842,431963842,431963842,431963842,431963842,431963842,431963842,431963842,431963842,431963842,431963842,431963842,431963842,431963842,431963842,
2025-06-02 01:10:03.140307,431969383,431969383,431969383,431969383,169399758.03921568,431969343,3374660.8046875,3374660.8046875,3374660.8046875,3374660.8046875,1295908149,431969383,107992345.75,431969383,215984627.5,431969343,4319693.83,169399758.03921568,431969383,431969383,2159846.915,2159846.915,2159846.915,2159846.915,2159846.915,2159846.915,2159846.915,2159846.915,431969383,431969383,431969383,431969383,431969383,431969383,34125581.257,4319693830,13182.659393310547,13182.659393310547,13182.659393310547,13182.659393310547,13182.659393310547,13182.659393310547,13182.659393310547,13182.659393310547,169399758.03921568,337475980.46875,169399758.03921568,169399758.03921568,431969383,431969383,107992345.75,431969383,0.201141357421875,0.201141357421875,0.201141357421875,0.201141357421875,0.201141357421875,0.201141357421875,0.201141357421875,0.201141357421875,43196898.3,43196898.3,43196898.3,43196898.3,431969383,431969383,431969.383,169399758.03921568,13182.659393310547,169399758.03921568,431969343,169399758.03921568,169399758.03921568,169399758.03921568,169399758.03921568,169399758.03921568,169399758.03921568,431969383,431969383,431969383,4319693830,431969383,169399758.03921568,2159846.915,431969383,3374660.8046875,3374660.8046875,3374660.8046875,3374660.8046875,4319693830,169399758.03921568,169399758.03921568,431969343,3374550.8046875,21598469.15,431969383,431969383,431969258,431969258,431969383,169399758.03921568,431969383,431969383,431969383,431969383,431969383,431969383,431969383,431969383,431969383,431969383,431969383,431969383,431969383,431969383,431969383,431969383,431969383,431969383,431969383,431969383,431969383,431969383,431969383,431969383,
2025-06-02 01:10:03.195665,431975439,431975439,431975439,431975439,169402132.94117647,431975399,3374708.1171875,3374708.1171875,3374708.1171875,3374708.1171875,1295926317,431975439,107993859.75,431975439,215987655.5,431975399,4319754.39,169402132.94117647,431975439,431975439,2159877.195,2159877.195,2159877.195,2159877.195,2159877.195,2159877.195,2159877.195,2159877.195,431975439,431975439,431975439,431975439,431975439,431975439,34126059.681,4319754390,13182.844207763672,13182.844207763672,13182.844207763672,13182.844207763672,13182.844207763672,13182.844207763672,13182.844207763672,13182.844207763672,169402132.94117647,337480711.71875,169402132.94117647,169402132.94117647,431975439,431975439,107993859.75,431975439,0.201141357421875,0.201141357421875,0.201141357421875,0.201141357421875,0.201141357421875,0.201141357421875,0.201141357421875,0.201141357421875,43197503.9,43197503.9,43197503.9,43197503.9,431975439,431975439,431975.439,169402132.94117647,13182.844207763672,169402132.94117647,431975399,169402132.94117647,169402132.94117647,169402132.94117647,169402132.94117647,169402132.94117647,169402132.94117647,431975439,431975439,431975439,4319754390,431975439,169402132.94117647,2159877.195,431975439,3374708.1171875,3374708.1171875,3374708.1171875,3374708.1171875,4319754390,169402132.94117647,169402132.94117647,431975399,3374598.1171875,21598771.95,431975439,431975439,431975314,431975314,431975439,169402132.94117647,431975439,431975439,431975439,431975439,431975439,431975439,431975439,431975439,431975439,431975439,431975439,431975439,431975439,431975439,431975439,431975439,431975439,431975439,431975439,431975439,431975439,431975439,431975439,431975439,
2025-06-02 01:10:03.268208,431983037,431983037,431983037,431983037,169405112.5490196,431982997,3374767.4765625,3374767.4765625,3374767.4765625,3374767.4765625,1295949111,431983037,107995759.25,431983037,215991454.5,431982997,4319830.37,169405112.5490196,431983037,431983037,2159915.185,2159915.185,2159915.185,2159915.185,2159915.185,2159915.185,2159915.185,2159915.185,431983037,431983037,431983037,431983037,431983037,431983037,34126659.923,4319830370,13183.076080322266,13183.076080322266,13183.076080322266,13183.076080322266,13183.076080322266,13183.076080322266,13183.076080322266,13183.076080322266,169405112.5490196,337486647.65625,169405112.5490196,169405112.5490196,431983037,431983037,107995759.25,431983037,0.201141357421875,0.201141357421875,0.201141357421875,0.201141357421875,0.201141357421875,0.201141357421875,0.201141357421875,0.201141357421875,43198263.7,43198263.7,43198263.7,43198263.7,431983037,431983037,431983.037,169405112.5490196,13183.076080322266,169405112.5490196,431982997,169405112.5490196,169405112.5490196,169405112.5490196,169405112.5490196,169405112.5490196,169405112.5490196,431983037,431983037,431983037,4319830370,431983037,169405112.5490196,2159915.185,431983037,3374767.4765625,3374767.4765625,3374767.4765625,3374767.4765625,4319830370,169405112.5490196,169405112.5490196,431982997,3374657.4765625,21599151.85,431983037,431983037,431982912,431982912,431983037,169405112.5490196,431983037,431983037,431983037,431983037,431983037,431983037,431983037,431983037,431983037,431983037,431983037,431983037,431983037,431983037,431983037,431983037,431983037,431983037,431983037,431983037,431983037,431983037,431983037,431983037,
2025-06-02 01:10:03.342254,431988681,431988681,431988681,431988681,169407325.88235295,431988641,3374811.5703125,3374811.5703125,3374811.5703125,3374811.5703125,1295966043,431988681,107997170.25,431988681,215994276.5,431988641,4319886.81,169407325.88235295,431988681,431988681,2159943.405,2159943.405,2159943.405,2159943.405,2159943.405,2159943.405,2159943.405,2159943.405,431988681,431988681,431988681,431988681,431988681,431988681,34127105.799,4319886810,13183.248321533203,13183.248321533203,13183.248321533203,13183.248321533203,13183.248321533203,13183.248321533203,13183.248321533203,13183.248321533203,169407325.88235295,337491057.03125,169407325.88235295,169407325.88235295,431988681,431988681,107997170.25,431988681,0.201141357421875,0.201141357421875,0.201141357421875,0.201141357421875,0.201141357421875,0.201141357421875,0.201141357421875,0.201141357421875,43198828.1,43198828.1,43198828.1,43198828.1,431988681,431988681,431988.681,169407325.88235295,13183.248321533203,169407325.88235295,431988641,169407325.88235295,169407325.88235295,169407325.88235295,169407325.88235295,169407325.88235295,169407325.88235295,431988681,431988681,431988681,4319886810,431988681,169407325.88235295,2159943.405,431988681,3374811.5703125,3374811.5703125,3374811.5703125,3374811.5703125,4319886810,169407325.88235295,169407325.88235295,431988641,3374701.5703125,21599434.05,431988681,431988681,431988556,431988556,431988681,169407325.88235295,431988681,431988681,431988681,431988681,431988681,431988681,431988681,431988681,431988681,431988681,431988681,431988681,431988681,431988681,431988681,431988681,431988681,431988681,431988681,431988681,431988681,431988681,431988681,431988681,
2025-06-02 01:10:03.393251,431996178,431996178,431996178,431996178,169410265.88235295,431996138,3374870.140625,3374870.140625,3374870.140625,3374870.140625,1295988534,431996178,107999044.5,431996178,215998025.0,431996138,4319961.78,169410265.88235295,431996178,431996178,2159980.89,2159980.89,2159980.89,2159980.89,2159980.89,2159980.89,2159980.89,2159980.89,431996178,431996178,431996178,431996178,431996178,431996178,34127698.062,4319961780,13183.477111816406,13183.477111816406,13183.477111816406,13183.477111816406,13183.477111816406,13183.477111816406,13183.477111816406,13183.477111816406,169410265.88235295,337496914.0625,169410265.88235295,169410265.88235295,431996178,431996178,107999044.5,431996178,0.201141357421875,0.201141357421875,0.201141357421875,0.201141357421875,0.201141357421875,0.201141357421875,0.201141357421875,0.201141357421875,43199577.8,43199577.8,43199577.8,43199577.8,431996178,431996178,431996.178,169410265.88235295,13183.477111816406,169410265.88235295,431996138,169410265.88235295,169410265.88235295,169410265.88235295,169410265.88235295,169410265.88235295,169410265.88235295,431996178,431996178,431996178,4319961780,431996178,169410265.88235295,2159980.89,431996178,3374870.140625,3374870.140625,3374870.140625,3374870.140625,4319961780,169410265.88235295,169410265.88235295,431996138,3374760.140625,21599808.9,431996178,431996178,431996053,431996053,431996178,169410265.88235295,431996178,431996178,431996178,431996178,431996178,431996178,431996178,431996178,431996178,431996178,431996178,431996178,431996178,431996178,431996178,431996178,431996178,431996178,431996178,431996178,431996178,431996178,431996178,431996178,
2025-06-02 01:10:03.460465,432002645,432002645,432002645,432002645,169412801.96078432,432002605,3374920.6640625,3374920.6640625,3374920.6640625,3374920.6640625,1296007935,432002645,108000661.25,432002645,216001258.5,432002605,4320026.45,169412801.96078432,432002645,432002645,2160013.225,2160013.225,2160013.225,2160013.225,2160013.225,2160013.225,2160013.225,2160013.225,432002645,432002645,432002645,432002645,432002645,432002645,34128208.955,4320026450,13183.67446899414,13183.67446899414,13183.67446899414,13183.67446899414,13183.67446899414,13183.67446899414,13183.67446899414,13183.67446899414,169412801.96078432,337501966.40625,169412801.96078432,169412801.96078432,432002645,432002645,108000661.25,432002645,0.201141357421875,0.201141357421875,0.201141357421875,0.201141357421875,0.201141357421875,0.201141357421875,0.201141357421875,0.201141357421875,43200224.5,43200224.5,43200224.5,43200224.5,432002645,432002645,432002.645,169412801.96078432,13183.67446899414,169412801.96078432,432002605,169412801.96078432,169412801.96078432,169412801.96078432,169412801.96078432,169412801.96078432,169412801.96078432,432002645,432002645,432002645,4320026450,432002645,169412801.96078432,2160013.225,432002645,3374920.6640625,3374920.6640625,3374920.6640625,3374920.6640625,4320026450,169412801.96078432,169412801.96078432,432002605,3374810.6640625,21600132.25,432002645,432002645,432002520,432002520,432002645,169412801.96078432,432002645,432002645,432002645,432002645,432002645,432002645,432002645,432002645,432002645,432002645,432002645,432002645,432002645,432002645,432002645,432002645,432002645,432002645,432002645,432002645,432002645,432002645,432002645,432002645,
2025-06-02 01:10:03.521458,432007877,432007877,432007877,432007877,169414853.7254902,432007837,3374961.5390625,3374961.5390625,3374961.5390625,3374961.5390625,1296023631,432007877,108001969.25,432007877,216003874.5,432007837,4320078.77,169414853.7254902,432007877,432007877,2160039.385,2160039.385,2160039.385,2160039.385,2160039.385,2160039.385,2160039.385,2160039.385,432007877,432007877,432007877,432007877,432007877,432007877,34128622.283,4320078770,13183.83413696289,13183.83413696289,13183.83413696289,13183.83413696289,13183.83413696289,13183.83413696289,13183.83413696289,13183.83413696289,169414853.7254902,337506053.90625,169414853.7254902,169414853.7254902,432007877,432007877,108001969.25,432007877,0.201141357421875,0.201141357421875,0.201141357421875,0.201141357421875,0.201141357421875,0.201141357421875,0.201141357421875,0.201141357421875,43200747.7,43200747.7,43200747.7,43200747.7,432007877,432007877,432007.877,169414853.7254902,13183.83413696289,169414853.7254902,432007837,169414853.7254902,169414853.7254902,169414853.7254902,169414853.7254902,169414853.7254902,169414853.7254902,432007877,432007877,432007877,4320078770,432007877,169414853.7254902,2160039.385,432007877,3374961.5390625,3374961.5390625,3374961.5390625,3374961.5390625,4320078770,169414853.7254902,169414853.7254902,432007837,3374851.5390625,21600393.85,432007877,432007877,432007752,432007752,432007877,169414853.7254902,432007877,432007877,432007877,432007877,432007877,432007877,432007877,432007877,432007877,432007877,432007877,432007877,432007877,432007877,432007877,432007877,432007877,432007877,432007877,432007877,432007877,432007877,432007877,432007877,
2025-06-02 01:10:03.570264,432014139,432014139,432014139,432014139,169417309.4117647,432014099,3375010.4609375,3375010.4609375,3375010.4609375,3375010.4609375,1296042417,432014139,108003534.75,432014139,216007005.5,432014099,4320141.39,169417309.4117647,432014139,432014139,2160070.695,2160070.695,2160070.695,2160070.695,2160070.695,2160070.695,2160070.695,2160070.695,432014139,432014139,432014139,432014139,432014139,432014139,34129116.981,4320141390,13184.02523803711,13184.02523803711,13184.02523803711,13184.02523803711,13184.02523803711,13184.02523803711,13184.02523803711,13184.02523803711,169417309.4117647,337510946.09375,169417309.4117647,169417309.4117647,432014139,432014139,108003534.75,432014139,0.201171875,0.201171875,0.201171875,0.201171875,0.201171875,0.201171875,0.201171875,0.201171875,43201373.9,43201373.9,43201373.9,43201373.9,432014139,432014139,432014.139,169417309.4117647,13184.02523803711,169417309.4117647,432014099,169417309.4117647,169417309.4117647,169417309.4117647,169417309.4117647,169417309.4117647,169417309.4117647,432014139,432014139,432014139,4320141390,432014139,169417309.4117647,2160070.695,432014139,3375010.4609375,3375010.4609375,3375010.4609375,3375010.4609375,4320141390,169417309.4117647,169417309.4117647,432014099,3374900.4609375,21600706.95,432014139,432014139,432014014,432014014,432014139,169417309.4117647,432014139,432014139,432014139,432014139,432014139,432014139,432014139,432014139,432014139,432014139,432014139,432014139,432014139,432014139,432014139,432014139,432014139,432014139,432014139,432014139,432014139,432014139,432014139,432014139,
2025-06-02 01:10:03.644779,432021532,432021532,432021532,432021532,169420208.62745097,432021492,3375068.21875,3375068.21875,3375068.21875,3375068.21875,1296064596,432021532,108005383.0,432021532,216010702.0,432021492,4320215.32,169420208.62745097,432021532,432021532,2160107.66,2160107.66,2160107.66,2160107.66,2160107.66,2160107.66,2160107.66,2160107.66,432021532,432021532,432021532,432021532,432021532,432021532,34129701.028,4320215320,13184.250854492188,13184.250854492188,13184.250854492188,13184.250854492188,13184.250854492188,13184.250854492188,13184.250854492188,13184.250854492188,169420208.62745097,337516721.875,169420208.62745097,169420208.62745097,432021532,432021532,108005383.0,432021532,0.201171875,0.201171875,0.201171875,0.201171875,0.201171875,0.201171875,0.201171875,0.201171875,43202113.2,43202113.2,43202113.2,43202113.2,432021532,432021532,432021.532,169420208.62745097,13184.250854492188,169420208.62745097,432021492,169420208.62745097,169420208.62745097,169420208.62745097,169420208.62745097,169420208.62745097,169420208.62745097,432021532,432021532,432021532,4320215320,432021532,169420208.62745097,2160107.66,432021532,3375068.21875,3375068.21875,3375068.21875,3375068.21875,4320215320,169420208.62745097,169420208.62745097,432021492,3374958.21875,21601076.6,432021532,432021532,432021407,432021407,432021532,169420208.62745097,432021532,432021532,432021532,432021532,432021532,432021532,432021532,432021532,432021532,432021532,432021532,432021532,432021532,432021532,432021532,432021532,432021532,432021532,432021532,432021532,432021532,432021532,432021532,432021532,
2025-06-02 01:10:03.713416,432026662,432026662,432026662,432026662,169422220.39215687,432026622,3375108.296875,3375108.296875,3375108.296875,3375108.296875,1296079986,432026662,108006665.5,432026662,216013267.0,432026622,4320266.62,169422220.39215687,432026662,432026662,2160133.31,2160133.31,2160133.31,2160133.31,2160133.31,2160133.31,2160133.31,2160133.31,432026662,432026662,432026662,432026662,432026662,432026662,34130106.298,4320266620,13184.407409667969,13184.407409667969,13184.407409667969,13184.407409667969,13184.407409667969,13184.407409667969,13184.407409667969,13184.407409667969,169422220.39215687,337520729.6875,169422220.39215687,169422220.39215687,432026662,432026662,108006665.5,432026662,0.201171875,0.201171875,0.201171875,0.201171875,0.201171875,0.201171875,0.201171875,0.201171875,43202626.2,43202626.2,43202626.2,43202626.2,432026662,432026662,432026.662,169422220.39215687,13184.407409667969,169422220.39215687,432026622,169422220.39215687,169422220.39215687,169422220.39215687,169422220.39215687,169422220.39215687,169422220.39215687,432026662,432026662,432026662,4320266620,432026662,169422220.39215687,2160133.31,432026662,3375108.296875,3375108.296875,3375108.296875,3375108.296875,4320266620,169422220.39215687,169422220.39215687,432026622,3374998.296875,21601333.1,432026662,432026662,432026537,432026537,432026662,169422220.39215687,432026662,432026662,432026662,432026662,432026662,432026662,432026662,432026662,432026662,432026662,432026662,432026662,432026662,432026662,432026662,432026662,432026662,432026662,432026662,432026662,432026662,432026662,432026662,432026662,
2025-06-02 01:10:03.757185,432033644,432033644,432033644,432033644,169424958.43137255,432033604,3375162.84375,3375162.84375,3375162.84375,3375162.84375,1296100932,432033644,108008411.0,432033644,216016758.0,432033604,4320336.44,169424958.43137255,432033644,432033644,2160168.22,2160168.22,2160168.22,2160168.22,2160168.22,2160168.22,2160168.22,2160168.22,432033644,432033644,432033644,432033644,432033644,432033644,34130657.876,4320336440,13184.620483398438,13184.620483398438,13184.620483398438,13184.620483398438,13184.620483398438,13184.620483398438,13184.620483398438,13184.620483398438,169424958.43137255,337526184.375,169424958.43137255,169424958.43137255,432033644,432033644,108008411.0,432033644,0.201171875,0.201171875,0.201171875,0.201171875,0.201171875,0.201171875,0.201171875,0.201171875,43203324.4,43203324.4,43203324.4,43203324.4,432033644,432033644,432033.644,169424958.43137255,13184.620483398438,169424958.43137255,432033604,169424958.43137255,169424958.43137255,169424958.43137255,169424958.43137255,169424958.43137255,169424958.43137255,432033644,432033644,432033644,4320336440,432033644,169424958.43137255,2160168.22,432033644,3375162.84375,3375162.84375,3375162.84375,3375162.84375,4320336440,169424958.43137255,169424958.43137255,432033604,3375052.84375,21601682.2,432033644,432033644,432033519,432033519,432033644,169424958.43137255,432033644,432033644,432033644,432033644,432033644,432033644,432033644,432033644,432033644,432033644,432033644,432033644,432033644,432033644,432033644,432033644,432033644,432033644,432033644,432033644,432033644,432033644,432033644,432033644,
2025-06-02 01:10:03.825208,432038539,432038539,432038539,432038539,169426878.03921568,432038499,3375201.0859375,3375201.0859375,3375201.0859375,3375201.0859375,1296115617,432038539,108009634.75,432038539,216019205.5,432038499,4320385.39,169426878.03921568,432038539,432038539,2160192.695,2160192.695,2160192.695,2160192.695,2160192.695,2160192.695,2160192.695,2160192.695,432038539,432038539,432038539,432038539,432038539,432038539,34131044.581,4320385390,13184.76986694336,13184.76986694336,13184.76986694336,13184.76986694336,13184.76986694336,13184.76986694336,13184.76986694336,13184.76986694336,169426878.03921568,337530008.59375,169426878.03921568,169426878.03921568,432038539,432038539,108009634.75,432038539,0.201171875,0.201171875,0.201171875,0.201171875,0.201171875,0.201171875,0.201171875,0.201171875,43203813.9,43203813.9,43203813.9,43203813.9,432038539,432038539,432038.539,169426878.03921568,13184.76986694336,169426878.03921568,432038499,169426878.03921568,169426878.03921568,169426878.03921568,169426878.03921568,169426878.03921568,169426878.03921568,432038539,432038539,432038539,4320385390,432038539,169426878.03921568,2160192.695,432038539,3375201.0859375,3375201.0859375,3375201.0859375,3375201.0859375,4320385390,169426878.03921568,169426878.03921568,432038499,3375091.0859375,21601926.95,432038539,432038539,432038414,432038414,432038539,169426878.03921568,432038539,432038539,432038539,432038539,432038539,432038539,432038539,432038539,432038539,432038539,432038539,432038539,432038539,432038539,432038539,432038539,432038539,432038539,432038539,432038539,432038539,432038539,432038539,432038539,
2025-06-02 01:10:03.897217,432045858,432045858,432045858,432045858,169429748.2352941,432045818,3375258.265625,3375258.265625,3375258.265625,3375258.265625,1296137574,432045858,108011464.5,432045858,216022865.0,432045818,4320458.58,169429748.2352941,432045858,432045858,2160229.29,2160229.29,2160229.29,2160229.29,2160229.29,2160229.29,2160229.29,2160229.29,432045858,432045858,432045858,432045858,432045858,432045858,34131622.782,4320458580,13184.993225097656,13184.993225097656,13184.993225097656,13184.993225097656,13184.993225097656,13184.993225097656,13184.993225097656,13184.993225097656,169429748.2352941,337535726.5625,169429748.2352941,169429748.2352941,432045858,432045858,108011464.5,432045858,0.201171875,0.201171875,0.201171875,0.201171875,0.201171875,0.201171875,0.201171875,0.201171875,43204545.8,43204545.8,43204545.8,43204545.8,432045858,432045858,432045.858,169429748.2352941,13184.993225097656,169429748.2352941,432045818,169429748.2352941,169429748.2352941,169429748.2352941,169429748.2352941,169429748.2352941,169429748.2352941,432045858,432045858,432045858,4320458580,432045858,169429748.2352941,2160229.29,432045858,3375258.265625,3375258.265625,3375258.265625,3375258.265625,4320458580,169429748.2352941,169429748.2352941,432045818,3375148.265625,21602292.9,432045858,432045858,432045733,432045733,432045858,169429748.2352941,432045858,432045858,432045858,432045858,432045858,432045858,432045858,432045858,432045858,432045858,432045858,432045858,432045858,432045858,432045858,432045858,432045858,432045858,432045858,432045858,432045858,432045858,432045858,432045858,
2025-06-02 01:10:03.954222,432053148,432053148,432053148,432053148,169432607.05882353,432053108,3375315.21875,3375315.21875,3375315.21875,3375315.21875,1296159444,432053148,108013287.0,432053148,216026510.0,432053108,4320531.48,169432607.05882353,432053148,432053148,2160265.74,2160265.74,2160265.74,2160265.74,2160265.74,2160265.74,2160265.74,2160265.74,432053148,432053148,432053148,432053148,432053148,432053148,34132198.692,4320531480,13185.215698242188,13185.215698242188,13185.215698242188,13185.215698242188,13185.215698242188,13185.215698242188,13185.215698242188,13185.215698242188,169432607.05882353,337541421.875,169432607.05882353,169432607.05882353,432053148,432053148,108013287.0,432053148,0.201171875,0.201171875,0.201171875,0.201171875,0.201171875,0.201171875,0.201171875,0.201171875,43205274.8,43205274.8,43205274.8,43205274.8,432053148,432053148,432053.148,169432607.05882353,13185.215698242188,169432607.05882353,432053108,169432607.05882353,169432607.05882353,169432607.05882353,169432607.05882353,169432607.05882353,169432607.05882353,432053148,432053148,432053148,4320531480,432053148,169432607.05882353,2160265.74,432053148,3375315.21875,3375315.21875,3375315.21875,3375315.21875,4320531480,169432607.05882353,169432607.05882353,432053108,3375205.21875,21602657.4,432053148,432053148,432053023,432053023,432053148,169432607.05882353,432053148,432053148,432053148,432053148,432053148,432053148,432053148,432053148,432053148,432053148,432053148,432053148,432053148,432053148,432053148,432053148,432053148,432053148,432053148,432053148,432053148,432053148,432053148,432053148,
