Timestamp,0x0,0x1,0x2,0x3,0x4,0x5,0x6,0x7,0x8,0x9,0xa,0xb,0xc,0xd,0xe,0xf,0x10,0x11,0x12,0x13,0x14,0x15,0x16,0x17,0x18,0x19,0x1a,0x1b,0x1c,0x1d,0x1e,0x1f,0x20,0x21,0x22,0x23,0x24,0x25,0x26,0x27,0x28,0x29,0x2a,0x2b,0x2c,0x2d,0x2e,0x2f,0x30,0x31,0x32,0x33,0x34,0x35,0x36,0x37,0x38,0x39,0x3a,0x3b,0x3c,0x3d,0x3e,0x3f,0x40,0x41,0x42,0x43,0x44,0x45,0x46,0x47,0x48,0x49,0x4a,0x4b,0x4c,0x4d,0x4e,0x4f,0x50,0x51,0x52,0x53,0x54,0x55,0x56,0x57,0x58,0x59,0x5a,0x5b,0x5c,0x5d,0x5e,0x5f,0x60,0x61,0x62,0x63,0x64,0x65,0x66,0x67,0x68,0x69,0x6a,0x6b,0x6c,0x6d,0x6e,0x6f,0x70,0x71,0x72,0x73,0x74,0x75,0x76,0x77,0x78,0x79,0x7a,0x7b,0x7c,
2025-06-02 01:08:47.730562,424222209,424222209,424222209,424222209,166361650.58823532,424222169,3314136.0078125,3314136.0078125,3314136.0078125,3314136.0078125,1272666627,424222209,106055552.25,424222209,212111040.5,424222169,4242222.09,166361650.58823532,424222209,424222209,2121111.045,2121111.045,2121111.045,2121111.045,2121111.045,2121111.045,2121111.045,2121111.045,424222209,424222209,424222209,424222209,424222209,424222209,33513554.511,4242222090,12946.234405517578,12946.234405517578,12946.234405517578,12946.234405517578,12946.234405517578,12946.234405517578,12946.234405517578,12946.234405517578,166361650.58823532,331423500.78125,166361650.58823532,166361650.58823532,424222209,424222209,106055552.25,424222209,0.197540283203125,0.197540283203125,0.197540283203125,0.197540283203125,0.197540283203125,0.197540283203125,0.197540283203125,0.197540283203125,42422180.9,42422180.9,42422180.9,42422180.9,424222209,424222209,424222.209,166361650.58823532,12946.234405517578,166361650.58823532,424222169,166361650.58823532,166361650.58823532,166361650.58823532,166361650.58823532,166361650.58823532,166361650.58823532,424222209,424222209,424222209,4242222090,424222209,166361650.58823532,2121111.045,424222209,3314136.0078125,3314136.0078125,3314136.0078125,3314136.0078125,4242222090,166361650.58823532,166361650.58823532,424222169,3314026.0078125,21211110.45,424222209,424222209,424222084,424222084,424222209,166361650.58823532,424222209,424222209,424222209,424222209,424222209,424222209,424222209,424222209,424222209,424222209,424222209,424222209,424222209,424222209,424222209,424222209,424222209,424222209,424222209,424222209,424222209,424222209,424222209,424222209,
2025-06-02 01:08:47.793517,424227544,424227544,424227544,424227544,166363742.74509802,424227504,3314177.6875,3314177.6875,3314177.6875,3314177.6875,1272682632,424227544,106056886.0,424227544,212113708.0,424227504,4242275.44,166363742.74509802,424227544,424227544,2121137.72,2121137.72,2121137.72,2121137.72,2121137.72,2121137.72,2121137.72,2121137.72,424227544,424227544,424227544,424227544,424227544,424227544,33513975.976,4242275440,12946.397216796875,12946.397216796875,12946.397216796875,12946.397216796875,12946.397216796875,12946.397216796875,12946.397216796875,12946.397216796875,166363742.74509802,331427668.75,166363742.74509802,166363742.74509802,424227544,424227544,106056886.0,424227544,0.197540283203125,0.197540283203125,0.197540283203125,0.197540283203125,0.197540283203125,0.197540283203125,0.197540283203125,0.197540283203125,42422714.4,42422714.4,42422714.4,42422714.4,424227544,424227544,424227.544,166363742.74509802,12946.397216796875,166363742.74509802,424227504,166363742.74509802,166363742.74509802,166363742.74509802,166363742.74509802,166363742.74509802,166363742.74509802,424227544,424227544,424227544,4242275440,424227544,166363742.74509802,2121137.72,424227544,3314177.6875,3314177.6875,3314177.6875,3314177.6875,4242275440,166363742.74509802,166363742.74509802,424227504,3314067.6875,21211377.2,424227544,424227544,424227419,424227419,424227544,166363742.74509802,424227544,424227544,424227544,424227544,424227544,424227544,424227544,424227544,424227544,424227544,424227544,424227544,424227544,424227544,424227544,424227544,424227544,424227544,424227544,424227544,424227544,424227544,424227544,424227544,
2025-06-02 01:08:47.843523,424233497,424233497,424233497,424233497,166366077.25490198,424233457,3314224.1953125,3314224.1953125,3314224.1953125,3314224.1953125,1272700491,424233497,106058374.25,424233497,212116684.5,424233457,4242334.97,166366077.25490198,424233497,424233497,2121167.485,2121167.485,2121167.485,2121167.485,2121167.485,2121167.485,2121167.485,2121167.485,424233497,424233497,424233497,424233497,424233497,424233497,33514446.263,4242334970,12946.578887939453,12946.578887939453,12946.578887939453,12946.578887939453,12946.578887939453,12946.578887939453,12946.578887939453,12946.578887939453,166366077.25490198,331432319.53125,166366077.25490198,166366077.25490198,424233497,424233497,106058374.25,424233497,0.197540283203125,0.197540283203125,0.197540283203125,0.197540283203125,0.197540283203125,0.197540283203125,0.197540283203125,0.197540283203125,42423309.7,42423309.7,42423309.7,42423309.7,424233497,424233497,424233.497,166366077.25490198,12946.578887939453,166366077.25490198,424233457,166366077.25490198,166366077.25490198,166366077.25490198,166366077.25490198,166366077.25490198,166366077.25490198,424233497,424233497,424233497,4242334970,424233497,166366077.25490198,2121167.485,424233497,3314224.1953125,3314224.1953125,3314224.1953125,3314224.1953125,4242334970,166366077.25490198,166366077.25490198,424233457,3314114.1953125,21211674.85,424233497,424233497,424233372,424233372,424233497,166366077.25490198,424233497,424233497,424233497,424233497,424233497,424233497,424233497,424233497,424233497,424233497,424233497,424233497,424233497,424233497,424233497,424233497,424233497,424233497,424233497,424233497,424233497,424233497,424233497,424233497,
2025-06-02 01:08:47.921645,424238935,424238935,424238935,424238935,166368209.80392158,424238895,3314266.6796875,3314266.6796875,3314266.6796875,3314266.6796875,1272716805,424238935,106059733.75,424238935,212119403.5,424238895,4242389.35,166368209.80392158,424238935,424238935,2121194.675,2121194.675,2121194.675,2121194.675,2121194.675,2121194.675,2121194.675,2121194.675,424238935,424238935,424238935,424238935,424238935,424238935,33514875.865000002,4242389350,12946.744842529297,12946.744842529297,12946.744842529297,12946.744842529297,12946.744842529297,12946.744842529297,12946.744842529297,12946.744842529297,166368209.80392158,331436567.96875,166368209.80392158,166368209.80392158,424238935,424238935,106059733.75,424238935,0.197540283203125,0.197540283203125,0.197540283203125,0.197540283203125,0.197540283203125,0.197540283203125,0.197540283203125,0.197540283203125,42423853.5,42423853.5,42423853.5,42423853.5,424238935,424238935,424238.935,166368209.80392158,12946.744842529297,166368209.80392158,424238895,166368209.80392158,166368209.80392158,166368209.80392158,166368209.80392158,166368209.80392158,166368209.80392158,424238935,424238935,424238935,4242389350,424238935,166368209.80392158,2121194.675,424238935,3314266.6796875,3314266.6796875,3314266.6796875,3314266.6796875,4242389350,166368209.80392158,166368209.80392158,424238895,3314156.6796875,21211946.75,424238935,424238935,424238810,424238810,424238935,166368209.80392158,424238935,424238935,424238935,424238935,424238935,424238935,424238935,424238935,424238935,424238935,424238935,424238935,424238935,424238935,424238935,424238935,424238935,424238935,424238935,424238935,424238935,424238935,424238935,424238935,
2025-06-02 01:08:47.966524,424246637,424246637,424246637,424246637,166371230.19607842,424246597,3314326.8515625,3314326.8515625,3314326.8515625,3314326.8515625,1272739911,424246637,106061659.25,424246637,212123254.5,424246597,4242466.37,166371230.19607842,424246637,424246637,2121233.185,2121233.185,2121233.185,2121233.185,2121233.185,2121233.185,2121233.185,2121233.185,424246637,424246637,424246637,424246637,424246637,424246637,33515484.323,4242466370,12946.979888916016,12946.979888916016,12946.979888916016,12946.979888916016,12946.979888916016,12946.979888916016,12946.979888916016,12946.979888916016,166371230.19607842,331442585.15625,166371230.19607842,166371230.19607842,424246637,424246637,106061659.25,424246637,0.197540283203125,0.197540283203125,0.197540283203125,0.197540283203125,0.197540283203125,0.197540283203125,0.197540283203125,0.197540283203125,42424623.7,42424623.7,42424623.7,42424623.7,424246637,424246637,424246.637,166371230.19607842,12946.979888916016,166371230.19607842,424246597,166371230.19607842,166371230.19607842,166371230.19607842,166371230.19607842,166371230.19607842,166371230.19607842,424246637,424246637,424246637,4242466370,424246637,166371230.19607842,2121233.185,424246637,3314326.8515625,3314326.8515625,3314326.8515625,3314326.8515625,4242466370,166371230.19607842,166371230.19607842,424246597,3314216.8515625,21212331.85,424246637,424246637,424246512,424246512,424246637,166371230.19607842,424246637,424246637,424246637,424246637,424246637,424246637,424246637,424246637,424246637,424246637,424246637,424246637,424246637,424246637,424246637,424246637,424246637,424246637,424246637,424246637,424246637,424246637,424246637,424246637,
2025-06-02 01:08:48.039549,424251733,424251733,424251733,424251733,166373228.62745097,424251693,3314366.6640625,3314366.6640625,3314366.6640625,3314366.6640625,1272755199,424251733,106062933.25,424251733,212125802.5,424251693,4242517.33,166373228.62745097,424251733,424251733,2121258.665,2121258.665,2121258.665,2121258.665,2121258.665,2121258.665,2121258.665,2121258.665,424251733,424251733,424251733,424251733,424251733,424251733,33515886.907,4242517330,12947.13540649414,12947.13540649414,12947.13540649414,12947.13540649414,12947.13540649414,12947.13540649414,12947.13540649414,12947.13540649414,166373228.62745097,331446566.40625,166373228.62745097,166373228.62745097,424251733,424251733,106062933.25,424251733,0.197540283203125,0.197540283203125,0.197540283203125,0.197540283203125,0.197540283203125,0.197540283203125,0.197540283203125,0.197540283203125,42425133.3,42425133.3,42425133.3,42425133.3,424251733,424251733,424251.733,166373228.62745097,12947.13540649414,166373228.62745097,424251693,166373228.62745097,166373228.62745097,166373228.62745097,166373228.62745097,166373228.62745097,166373228.62745097,424251733,424251733,424251733,4242517330,424251733,166373228.62745097,2121258.665,424251733,3314366.6640625,3314366.6640625,3314366.6640625,3314366.6640625,4242517330,166373228.62745097,166373228.62745097,424251693,3314256.6640625,21212586.65,424251733,424251733,424251608,424251608,424251733,166373228.62745097,424251733,424251733,424251733,424251733,424251733,424251733,424251733,424251733,424251733,424251733,424251733,424251733,424251733,424251733,424251733,424251733,424251733,424251733,424251733,424251733,424251733,424251733,424251733,424251733,
2025-06-02 01:08:48.099506,424259309,424259309,424259309,424259309,166376199.60784313,424259269,3314425.8515625,3314425.8515625,3314425.8515625,3314425.8515625,1272777927,424259309,106064827.25,424259309,212129590.5,424259269,4242593.09,166376199.60784313,424259309,424259309,2121296.545,2121296.545,2121296.545,2121296.545,2121296.545,2121296.545,2121296.545,2121296.545,424259309,424259309,424259309,424259309,424259309,424259309,33516485.411000002,4242593090,12947.366607666016,12947.366607666016,12947.366607666016,12947.366607666016,12947.366607666016,12947.366607666016,12947.366607666016,12947.366607666016,166376199.60784313,331452485.15625,166376199.60784313,166376199.60784313,424259309,424259309,106064827.25,424259309,0.197540283203125,0.197540283203125,0.197540283203125,0.197540283203125,0.197540283203125,0.197540283203125,0.197540283203125,0.197540283203125,42425890.9,42425890.9,42425890.9,42425890.9,424259309,424259309,424259.309,166376199.60784313,12947.366607666016,166376199.60784313,424259269,166376199.60784313,166376199.60784313,166376199.60784313,166376199.60784313,166376199.60784313,166376199.60784313,424259309,424259309,424259309,4242593090,424259309,166376199.60784313,2121296.545,424259309,3314425.8515625,3314425.8515625,3314425.8515625,3314425.8515625,4242593090,166376199.60784313,166376199.60784313,424259269,3314315.8515625,21212965.45,424259309,424259309,424259184,424259184,424259309,166376199.60784313,424259309,424259309,424259309,424259309,424259309,424259309,424259309,424259309,424259309,424259309,424259309,424259309,424259309,424259309,424259309,424259309,424259309,424259309,424259309,424259309,424259309,424259309,424259309,424259309,
2025-06-02 01:08:48.152103,424265807,424265807,424265807,424265807,166378747.84313723,424265767,3314476.6171875,3314476.6171875,3314476.6171875,3314476.6171875,1272797421,424265807,106066451.75,424265807,212132839.5,424265767,4242658.07,166378747.84313723,424265807,424265807,2121329.035,2121329.035,2121329.035,2121329.035,2121329.035,2121329.035,2121329.035,2121329.035,424265807,424265807,424265807,424265807,424265807,424265807,33516998.753,4242658070,12947.564910888672,12947.564910888672,12947.564910888672,12947.564910888672,12947.564910888672,12947.564910888672,12947.564910888672,12947.564910888672,166378747.84313723,331457561.71875,166378747.84313723,166378747.84313723,424265807,424265807,106066451.75,424265807,0.197540283203125,0.197540283203125,0.197540283203125,0.197540283203125,0.197540283203125,0.197540283203125,0.197540283203125,0.197540283203125,42426540.7,42426540.7,42426540.7,42426540.7,424265807,424265807,424265.807,166378747.84313723,12947.564910888672,166378747.84313723,424265767,166378747.84313723,166378747.84313723,166378747.84313723,166378747.84313723,166378747.84313723,166378747.84313723,424265807,424265807,424265807,4242658070,424265807,166378747.84313723,2121329.035,424265807,3314476.6171875,3314476.6171875,3314476.6171875,3314476.6171875,4242658070,166378747.84313723,166378747.84313723,424265767,3314366.6171875,21213290.35,424265807,424265807,424265682,424265682,424265807,166378747.84313723,424265807,424265807,424265807,424265807,424265807,424265807,424265807,424265807,424265807,424265807,424265807,424265807,424265807,424265807,424265807,424265807,424265807,424265807,424265807,424265807,424265807,424265807,424265807,424265807,
2025-06-02 01:08:48.208523,424270448,424270448,424270448,424270448,166380567.84313726,424270408,3314512.875,3314512.875,3314512.875,3314512.875,1272811344,424270448,106067612.0,424270448,212135160.0,424270408,4242704.48,166380567.84313726,424270448,424270448,2121352.24,2121352.24,2121352.24,2121352.24,2121352.24,2121352.24,2121352.24,2121352.24,424270448,424270448,424270448,424270448,424270448,424270448,33517365.392,4242704480,12947.70654296875,12947.70654296875,12947.70654296875,12947.70654296875,12947.70654296875,12947.70654296875,12947.70654296875,12947.70654296875,166380567.84313726,331461187.5,166380567.84313726,166380567.84313726,424270448,424270448,106067612.0,424270448,0.197540283203125,0.197540283203125,0.197540283203125,0.197540283203125,0.197540283203125,0.197540283203125,0.197540283203125,0.197540283203125,42427004.8,42427004.8,42427004.8,42427004.8,424270448,424270448,424270.448,166380567.84313726,12947.70654296875,166380567.84313726,424270408,166380567.84313726,166380567.84313726,166380567.84313726,166380567.84313726,166380567.84313726,166380567.84313726,424270448,424270448,424270448,4242704480,424270448,166380567.84313726,2121352.24,424270448,3314512.875,3314512.875,3314512.875,3314512.875,4242704480,166380567.84313726,166380567.84313726,424270408,3314402.875,21213522.4,424270448,424270448,424270323,424270323,424270448,166380567.84313726,424270448,424270448,424270448,424270448,424270448,424270448,424270448,424270448,424270448,424270448,424270448,424270448,424270448,424270448,424270448,424270448,424270448,424270448,424270448,424270448,424270448,424270448,424270448,424270448,
2025-06-02 01:08:48.280015,424276711,424276711,424276711,424276711,166383023.92156863,424276671,3314561.8046875,3314561.8046875,3314561.8046875,3314561.8046875,1272830133,424276711,106069177.75,424276711,212138291.5,424276671,4242767.11,166383023.92156863,424276711,424276711,2121383.555,2121383.555,2121383.555,2121383.555,2121383.555,2121383.555,2121383.555,2121383.555,424276711,424276711,424276711,424276711,424276711,424276711,33517860.169,4242767110,12947.897674560547,12947.897674560547,12947.897674560547,12947.897674560547,12947.897674560547,12947.897674560547,12947.897674560547,12947.897674560547,166383023.92156863,331466080.46875,166383023.92156863,166383023.92156863,424276711,424276711,106069177.75,424276711,0.197540283203125,0.197540283203125,0.197540283203125,0.197540283203125,0.197540283203125,0.197540283203125,0.197540283203125,0.197540283203125,42427631.1,42427631.1,42427631.1,42427631.1,424276711,424276711,424276.711,166383023.92156863,12947.897674560547,166383023.92156863,424276671,166383023.92156863,166383023.92156863,166383023.92156863,166383023.92156863,166383023.92156863,166383023.92156863,424276711,424276711,424276711,4242767110,424276711,166383023.92156863,2121383.555,424276711,3314561.8046875,3314561.8046875,3314561.8046875,3314561.8046875,4242767110,166383023.92156863,166383023.92156863,424276671,3314451.8046875,21213835.55,424276711,424276711,424276586,424276586,424276711,166383023.92156863,424276711,424276711,424276711,424276711,424276711,424276711,424276711,424276711,424276711,424276711,424276711,424276711,424276711,424276711,424276711,424276711,424276711,424276711,424276711,424276711,424276711,424276711,424276711,424276711,
2025-06-02 01:08:48.323270,424283589,424283589,424283589,424283589,166385721.17647058,424283549,3314615.5390625,3314615.5390625,3314615.5390625,3314615.5390625,1272850767,424283589,106070897.25,424283589,212141730.5,424283549,4242835.89,166385721.17647058,424283589,424283589,2121417.945,2121417.945,2121417.945,2121417.945,2121417.945,2121417.945,2121417.945,2121417.945,424283589,424283589,424283589,424283589,424283589,424283589,33518403.531,4242835890,12948.10757446289,12948.10757446289,12948.10757446289,12948.10757446289,12948.10757446289,12948.10757446289,12948.10757446289,12948.10757446289,166385721.17647058,331471453.90625,166385721.17647058,166385721.17647058,424283589,424283589,106070897.25,424283589,0.19757080078125,0.19757080078125,0.19757080078125,0.19757080078125,0.19757080078125,0.19757080078125,0.19757080078125,0.19757080078125,42428318.9,42428318.9,42428318.9,42428318.9,424283589,424283589,424283.589,166385721.17647058,12948.10757446289,166385721.17647058,424283549,166385721.17647058,166385721.17647058,166385721.17647058,166385721.17647058,166385721.17647058,166385721.17647058,424283589,424283589,424283589,4242835890,424283589,166385721.17647058,2121417.945,424283589,3314615.5390625,3314615.5390625,3314615.5390625,3314615.5390625,4242835890,166385721.17647058,166385721.17647058,424283549,3314505.5390625,21214179.45,424283589,424283589,424283464,424283464,424283589,166385721.17647058,424283589,424283589,424283589,424283589,424283589,424283589,424283589,424283589,424283589,424283589,424283589,424283589,424283589,424283589,424283589,424283589,424283589,424283589,424283589,424283589,424283589,424283589,424283589,424283589,
2025-06-02 01:08:48.368116,424287999,424287999,424287999,424287999,166387450.58823532,424287959,3314649.9921875,3314649.9921875,3314649.9921875,3314649.9921875,1272863997,424287999,106071999.75,424287999,212143935.5,424287959,4242879.99,166387450.58823532,424287999,424287999,2121439.995,2121439.995,2121439.995,2121439.995,2121439.995,2121439.995,2121439.995,2121439.995,424287999,424287999,424287999,424287999,424287999,424287999,33518751.921,4242879990,12948.242156982422,12948.242156982422,12948.242156982422,12948.242156982422,12948.242156982422,12948.242156982422,12948.242156982422,12948.242156982422,166387450.58823532,331474899.21875,166387450.58823532,166387450.58823532,424287999,424287999,106071999.75,424287999,0.19757080078125,0.19757080078125,0.19757080078125,0.19757080078125,0.19757080078125,0.19757080078125,0.19757080078125,0.19757080078125,42428759.9,42428759.9,42428759.9,42428759.9,424287999,424287999,424287.999,166387450.58823532,12948.242156982422,166387450.58823532,424287959,166387450.58823532,166387450.58823532,166387450.58823532,166387450.58823532,166387450.58823532,166387450.58823532,424287999,424287999,424287999,4242879990,424287999,166387450.58823532,2121439.995,424287999,3314649.9921875,3314649.9921875,3314649.9921875,3314649.9921875,4242879990,166387450.58823532,166387450.58823532,424287959,3314539.9921875,21214399.95,424287999,424287999,424287874,424287874,424287999,166387450.58823532,424287999,424287999,424287999,424287999,424287999,424287999,424287999,424287999,424287999,424287999,424287999,424287999,424287999,424287999,424287999,424287999,424287999,424287999,424287999,424287999,424287999,424287999,424287999,424287999,
2025-06-02 01:08:48.435539,424294363,424294363,424294363,424294363,166389946.2745098,424294323,3314699.7109375,3314699.7109375,3314699.7109375,3314699.7109375,1272883089,424294363,106073590.75,424294363,212147117.5,424294323,4242943.63,166389946.2745098,424294363,424294363,2121471.815,2121471.815,2121471.815,2121471.815,2121471.815,2121471.815,2121471.815,2121471.815,424294363,424294363,424294363,424294363,424294363,424294363,33519254.677,4242943630,12948.43637084961,12948.43637084961,12948.43637084961,12948.43637084961,12948.43637084961,12948.43637084961,12948.43637084961,12948.43637084961,166389946.2745098,331479871.09375,166389946.2745098,166389946.2745098,424294363,424294363,106073590.75,424294363,0.19757080078125,0.19757080078125,0.19757080078125,0.19757080078125,0.19757080078125,0.19757080078125,0.19757080078125,0.19757080078125,42429396.3,42429396.3,42429396.3,42429396.3,424294363,424294363,424294.363,166389946.2745098,12948.43637084961,166389946.2745098,424294323,166389946.2745098,166389946.2745098,166389946.2745098,166389946.2745098,166389946.2745098,166389946.2745098,424294363,424294363,424294363,4242943630,424294363,166389946.2745098,2121471.815,424294363,3314699.7109375,3314699.7109375,3314699.7109375,3314699.7109375,4242943630,166389946.2745098,166389946.2745098,424294323,3314589.7109375,21214718.15,424294363,424294363,424294238,424294238,424294363,166389946.2745098,424294363,424294363,424294363,424294363,424294363,424294363,424294363,424294363,424294363,424294363,424294363,424294363,424294363,424294363,424294363,424294363,424294363,424294363,424294363,424294363,424294363,424294363,424294363,424294363,
2025-06-02 01:08:48.502580,424300008,424300008,424300008,424300008,166392160.0,424299968,3314743.8125,3314743.8125,3314743.8125,3314743.8125,1272900024,424300008,106075002.0,424300008,212149940.0,424299968,4243000.08,166392160.0,424300008,424300008,2121500.04,2121500.04,2121500.04,2121500.04,2121500.04,2121500.04,2121500.04,2121500.04,424300008,424300008,424300008,424300008,424300008,424300008,33519700.632,4243000080,12948.608642578125,12948.608642578125,12948.608642578125,12948.608642578125,12948.608642578125,12948.608642578125,12948.608642578125,12948.608642578125,166392160.0,331484281.25,166392160.0,166392160.0,424300008,424300008,106075002.0,424300008,0.19757080078125,0.19757080078125,0.19757080078125,0.19757080078125,0.19757080078125,0.19757080078125,0.19757080078125,0.19757080078125,42429960.8,42429960.8,42429960.8,42429960.8,424300008,424300008,424300.008,166392160.0,12948.608642578125,166392160.0,424299968,166392160.0,166392160.0,166392160.0,166392160.0,166392160.0,166392160.0,424300008,424300008,424300008,4243000080,424300008,166392160.0,2121500.04,424300008,3314743.8125,3314743.8125,3314743.8125,3314743.8125,4243000080,166392160.0,166392160.0,424299968,3314633.8125,21215000.4,424300008,424300008,424299883,424299883,424300008,166392160.0,424300008,424300008,424300008,424300008,424300008,424300008,424300008,424300008,424300008,424300008,424300008,424300008,424300008,424300008,424300008,424300008,424300008,424300008,424300008,424300008,424300008,424300008,424300008,424300008,
2025-06-02 01:08:48.548545,424306579,424306579,424306579,424306579,166394736.86274508,424306539,3314795.1484375,3314795.1484375,3314795.1484375,3314795.1484375,1272919737,424306579,106076644.75,424306579,212153225.5,424306539,4243065.79,166394736.86274508,424306579,424306579,2121532.895,2121532.895,2121532.895,2121532.895,2121532.895,2121532.895,2121532.895,2121532.895,424306579,424306579,424306579,424306579,424306579,424306579,33520219.741,4243065790,12948.809173583984,12948.809173583984,12948.809173583984,12948.809173583984,12948.809173583984,12948.809173583984,12948.809173583984,12948.809173583984,166394736.86274508,331489414.84375,166394736.86274508,166394736.86274508,424306579,424306579,106076644.75,424306579,0.19757080078125,0.19757080078125,0.19757080078125,0.19757080078125,0.19757080078125,0.19757080078125,0.19757080078125,0.19757080078125,42430617.9,42430617.9,42430617.9,42430617.9,424306579,424306579,424306.579,166394736.86274508,12948.809173583984,166394736.86274508,424306539,166394736.86274508,166394736.86274508,166394736.86274508,166394736.86274508,166394736.86274508,166394736.86274508,424306579,424306579,424306579,4243065790,424306579,166394736.86274508,2121532.895,424306579,3314795.1484375,3314795.1484375,3314795.1484375,3314795.1484375,4243065790,166394736.86274508,166394736.86274508,424306539,3314685.1484375,21215328.95,424306579,424306579,424306454,424306454,424306579,166394736.86274508,424306579,424306579,424306579,424306579,424306579,424306579,424306579,424306579,424306579,424306579,424306579,424306579,424306579,424306579,424306579,424306579,424306579,424306579,424306579,424306579,424306579,424306579,424306579,424306579,
2025-06-02 01:08:48.611595,424312676,424312676,424312676,424312676,166397127.84313723,424312636,3314842.78125,3314842.78125,3314842.78125,3314842.78125,1272938028,424312676,106078169.0,424312676,212156274.0,424312636,4243126.76,166397127.84313723,424312676,424312676,2121563.38,2121563.38,2121563.38,2121563.38,2121563.38,2121563.38,2121563.38,2121563.38,424312676,424312676,424312676,424312676,424312676,424312676,33520701.404,4243126760,12948.995239257812,12948.995239257812,12948.995239257812,12948.995239257812,12948.995239257812,12948.995239257812,12948.995239257812,12948.995239257812,166397127.84313723,331494178.125,166397127.84313723,166397127.84313723,424312676,424312676,106078169.0,424312676,0.19757080078125,0.19757080078125,0.19757080078125,0.19757080078125,0.19757080078125,0.19757080078125,0.19757080078125,0.19757080078125,42431227.6,42431227.6,42431227.6,42431227.6,424312676,424312676,424312.676,166397127.84313723,12948.995239257812,166397127.84313723,424312636,166397127.84313723,166397127.84313723,166397127.84313723,166397127.84313723,166397127.84313723,166397127.84313723,424312676,424312676,424312676,4243126760,424312676,166397127.84313723,2121563.38,424312676,3314842.78125,3314842.78125,3314842.78125,3314842.78125,4243126760,166397127.84313723,166397127.84313723,424312636,3314732.78125,21215633.8,424312676,424312676,424312551,424312551,424312676,166397127.84313723,424312676,424312676,424312676,424312676,424312676,424312676,424312676,424312676,424312676,424312676,424312676,424312676,424312676,424312676,424312676,424312676,424312676,424312676,424312676,424312676,424312676,424312676,424312676,424312676,
2025-06-02 01:08:48.673349,424317659,424317659,424317659,424317659,166399081.96078432,424317619,3314881.7109375,3314881.7109375,3314881.7109375,3314881.7109375,1272952977,424317659,106079414.75,424317659,212158765.5,424317619,4243176.59,166399081.96078432,424317659,424317659,2121588.295,2121588.295,2121588.295,2121588.295,2121588.295,2121588.295,2121588.295,2121588.295,424317659,424317659,424317659,424317659,424317659,424317659,33521095.061,4243176590,12949.14730834961,12949.14730834961,12949.14730834961,12949.14730834961,12949.14730834961,12949.14730834961,12949.14730834961,12949.14730834961,166399081.96078432,331498071.09375,166399081.96078432,166399081.96078432,424317659,424317659,106079414.75,424317659,0.19757080078125,0.19757080078125,0.19757080078125,0.19757080078125,0.19757080078125,0.19757080078125,0.19757080078125,0.19757080078125,42431725.9,42431725.9,42431725.9,42431725.9,424317659,424317659,424317.659,166399081.96078432,12949.14730834961,166399081.96078432,424317619,166399081.96078432,166399081.96078432,166399081.96078432,166399081.96078432,166399081.96078432,166399081.96078432,424317659,424317659,424317659,4243176590,424317659,166399081.96078432,2121588.295,424317659,3314881.7109375,3314881.7109375,3314881.7109375,3314881.7109375,4243176590,166399081.96078432,166399081.96078432,424317619,3314771.7109375,21215882.95,424317659,424317659,424317534,424317534,424317659,166399081.96078432,424317659,424317659,424317659,424317659,424317659,424317659,424317659,424317659,424317659,424317659,424317659,424317659,424317659,424317659,424317659,424317659,424317659,424317659,424317659,424317659,424317659,424317659,424317659,424317659,
2025-06-02 01:08:48.727549,424323921,424323921,424323921,424323921,166401537.6470588,424323881,3314930.6328125,3314930.6328125,3314930.6328125,3314930.6328125,1272971763,424323921,106080980.25,424323921,212161896.5,424323881,4243239.21,166401537.6470588,424323921,424323921,2121619.605,2121619.605,2121619.605,2121619.605,2121619.605,2121619.605,2121619.605,2121619.605,424323921,424323921,424323921,424323921,424323921,424323921,33521589.759,4243239210,12949.338409423828,12949.338409423828,12949.338409423828,12949.338409423828,12949.338409423828,12949.338409423828,12949.338409423828,12949.338409423828,166401537.6470588,331502963.28125,166401537.6470588,166401537.6470588,424323921,424323921,106080980.25,424323921,0.19757080078125,0.19757080078125,0.19757080078125,0.19757080078125,0.19757080078125,0.19757080078125,0.19757080078125,0.19757080078125,42432352.1,42432352.1,42432352.1,42432352.1,424323921,424323921,424323.921,166401537.6470588,12949.338409423828,166401537.6470588,424323881,166401537.6470588,166401537.6470588,166401537.6470588,166401537.6470588,166401537.6470588,166401537.6470588,424323921,424323921,424323921,4243239210,424323921,166401537.6470588,2121619.605,424323921,3314930.6328125,3314930.6328125,3314930.6328125,3314930.6328125,4243239210,166401537.6470588,166401537.6470588,424323881,3314820.6328125,21216196.05,424323921,424323921,424323796,424323796,424323921,166401537.6470588,424323921,424323921,424323921,424323921,424323921,424323921,424323921,424323921,424323921,424323921,424323921,424323921,424323921,424323921,424323921,424323921,424323921,424323921,424323921,424323921,424323921,424323921,424323921,424323921,
2025-06-02 01:08:48.794550,424331212,424331212,424331212,424331212,166404396.8627451,424331172,3314987.59375,3314987.59375,3314987.59375,3314987.59375,1272993636,424331212,106082803.0,424331212,212165542.0,424331172,4243312.12,166404396.8627451,424331212,424331212,2121656.06,2121656.06,2121656.06,2121656.06,2121656.06,2121656.06,2121656.06,2121656.06,424331212,424331212,424331212,424331212,424331212,424331212,33522165.748,4243312120,12949.560913085938,12949.560913085938,12949.560913085938,12949.560913085938,12949.560913085938,12949.560913085938,12949.560913085938,12949.560913085938,166404396.8627451,331508659.375,166404396.8627451,166404396.8627451,424331212,424331212,106082803.0,424331212,0.19757080078125,0.19757080078125,0.19757080078125,0.19757080078125,0.19757080078125,0.19757080078125,0.19757080078125,0.19757080078125,42433081.2,42433081.2,42433081.2,42433081.2,424331212,424331212,424331.212,166404396.8627451,12949.560913085938,166404396.8627451,424331172,166404396.8627451,166404396.8627451,166404396.8627451,166404396.8627451,166404396.8627451,166404396.8627451,424331212,424331212,424331212,4243312120,424331212,166404396.8627451,2121656.06,424331212,3314987.59375,3314987.59375,3314987.59375,3314987.59375,4243312120,166404396.8627451,166404396.8627451,424331172,3314877.59375,21216560.6,424331212,424331212,424331087,424331087,424331212,166404396.8627451,424331212,424331212,424331212,424331212,424331212,424331212,424331212,424331212,424331212,424331212,424331212,424331212,424331212,424331212,424331212,424331212,424331212,424331212,424331212,424331212,424331212,424331212,424331212,424331212,
2025-06-02 01:08:48.857955,424336591,424336591,424336591,424336591,166406506.2745098,424336551,3315029.6171875,3315029.6171875,3315029.6171875,3315029.6171875,1273009773,424336591,106084147.75,424336591,212168231.5,424336551,4243365.91,166406506.2745098,424336591,424336591,2121682.955,2121682.955,2121682.955,2121682.955,2121682.955,2121682.955,2121682.955,2121682.955,424336591,424336591,424336591,424336591,424336591,424336591,33522590.689,4243365910,12949.725067138672,12949.725067138672,12949.725067138672,12949.725067138672,12949.725067138672,12949.725067138672,12949.725067138672,12949.725067138672,166406506.2745098,331512861.71875,166406506.2745098,166406506.2745098,424336591,424336591,106084147.75,424336591,0.19757080078125,0.19757080078125,0.19757080078125,0.19757080078125,0.19757080078125,0.19757080078125,0.19757080078125,0.19757080078125,42433619.1,42433619.1,42433619.1,42433619.1,424336591,424336591,424336.591,166406506.2745098,12949.725067138672,166406506.2745098,424336551,166406506.2745098,166406506.2745098,166406506.2745098,166406506.2745098,166406506.2745098,166406506.2745098,424336591,424336591,424336591,4243365910,424336591,166406506.2745098,2121682.955,424336591,3315029.6171875,3315029.6171875,3315029.6171875,3315029.6171875,4243365910,166406506.2745098,166406506.2745098,424336551,3314919.6171875,21216829.55,424336591,424336591,424336466,424336466,424336591,166406506.2745098,424336591,424336591,424336591,424336591,424336591,424336591,424336591,424336591,424336591,424336591,424336591,424336591,424336591,424336591,424336591,424336591,424336591,424336591,424336591,424336591,424336591,424336591,424336591,424336591,
2025-06-02 01:08:48.918347,424343298,424343298,424343298,424343298,166409136.47058824,424343258,3315082.015625,3315082.015625,3315082.015625,3315082.015625,1273029894,424343298,106085824.5,424343298,212171585.0,424343258,4243432.98,166409136.47058824,424343298,424343298,2121716.49,2121716.49,2121716.49,2121716.49,2121716.49,2121716.49,2121716.49,2121716.49,424343298,424343298,424343298,424343298,424343298,424343298,33523120.542,4243432980,12949.929748535156,12949.929748535156,12949.929748535156,12949.929748535156,12949.929748535156,12949.929748535156,12949.929748535156,12949.929748535156,166409136.47058824,331518101.5625,166409136.47058824,166409136.47058824,424343298,424343298,106085824.5,424343298,0.19757080078125,0.19757080078125,0.19757080078125,0.19757080078125,0.19757080078125,0.19757080078125,0.19757080078125,0.19757080078125,42434289.8,42434289.8,42434289.8,42434289.8,424343298,424343298,424343.298,166409136.47058824,12949.929748535156,166409136.47058824,424343258,166409136.47058824,166409136.47058824,166409136.47058824,166409136.47058824,166409136.47058824,166409136.47058824,424343298,424343298,424343298,4243432980,424343298,166409136.47058824,2121716.49,424343298,3315082.015625,3315082.015625,3315082.015625,3315082.015625,4243432980,166409136.47058824,166409136.47058824,424343258,3314972.015625,21217164.9,424343298,424343298,424343173,424343173,424343298,166409136.47058824,424343298,424343298,424343298,424343298,424343298,424343298,424343298,424343298,424343298,424343298,424343298,424343298,424343298,424343298,424343298,424343298,424343298,424343298,424343298,424343298,424343298,424343298,424343298,424343298,
2025-06-02 01:08:48.982316,424350781,424350781,424350781,424350781,166412070.98039216,424350741,3315140.4765625,3315140.4765625,3315140.4765625,3315140.4765625,1273052343,424350781,106087695.25,424350781,212175326.5,424350741,4243507.81,166412070.98039216,424350781,424350781,2121753.905,2121753.905,2121753.905,2121753.905,2121753.905,2121753.905,2121753.905,2121753.905,424350781,424350781,424350781,424350781,424350781,424350781,33523711.699,4243507810,12950.158111572266,12950.158111572266,12950.158111572266,12950.158111572266,12950.158111572266,12950.158111572266,12950.158111572266,12950.158111572266,166412070.98039216,331523947.65625,166412070.98039216,166412070.98039216,424350781,424350781,106087695.25,424350781,0.197601318359375,0.197601318359375,0.197601318359375,0.197601318359375,0.197601318359375,0.197601318359375,0.197601318359375,0.197601318359375,42435038.1,42435038.1,42435038.1,42435038.1,424350781,424350781,424350.781,166412070.98039216,12950.158111572266,166412070.98039216,424350741,166412070.98039216,166412070.98039216,166412070.98039216,166412070.98039216,166412070.98039216,166412070.98039216,424350781,424350781,424350781,4243507810,424350781,166412070.98039216,2121753.905,424350781,3315140.4765625,3315140.4765625,3315140.4765625,3315140.4765625,4243507810,166412070.98039216,166412070.98039216,424350741,3315030.4765625,21217539.05,424350781,424350781,424350656,424350656,424350781,166412070.98039216,424350781,424350781,424350781,424350781,424350781,424350781,424350781,424350781,424350781,424350781,424350781,424350781,424350781,424350781,424350781,424350781,424350781,424350781,424350781,424350781,424350781,424350781,424350781,424350781,
2025-06-02 01:08:49.037555,424355640,424355640,424355640,424355640,166413976.47058824,424355600,3315178.4375,3315178.4375,3315178.4375,3315178.4375,1273066920,424355640,106088910.0,424355640,212177756.0,424355600,4243556.4,166413976.47058824,424355640,424355640,2121778.2,2121778.2,2121778.2,2121778.2,2121778.2,2121778.2,2121778.2,2121778.2,424355640,424355640,424355640,424355640,424355640,424355640,33524095.56,4243556400,12950.306396484375,12950.306396484375,12950.306396484375,12950.306396484375,12950.306396484375,12950.306396484375,12950.306396484375,12950.306396484375,166413976.47058824,331527743.75,166413976.47058824,166413976.47058824,424355640,424355640,106088910.0,424355640,0.197601318359375,0.197601318359375,0.197601318359375,0.197601318359375,0.197601318359375,0.197601318359375,0.197601318359375,0.197601318359375,42435524.0,42435524.0,42435524.0,42435524.0,424355640,424355640,424355.64,166413976.47058824,12950.306396484375,166413976.47058824,424355600,166413976.47058824,166413976.47058824,166413976.47058824,166413976.47058824,166413976.47058824,166413976.47058824,424355640,424355640,424355640,4243556400,424355640,166413976.47058824,2121778.2,424355640,3315178.4375,3315178.4375,3315178.4375,3315178.4375,4243556400,166413976.47058824,166413976.47058824,424355600,3315068.4375,21217782.0,424355640,424355640,424355515,424355515,424355640,166413976.47058824,424355640,424355640,424355640,424355640,424355640,424355640,424355640,424355640,424355640,424355640,424355640,424355640,424355640,424355640,424355640,424355640,424355640,424355640,424355640,424355640,424355640,424355640,424355640,424355640,
2025-06-02 01:08:49.100889,424362014,424362014,424362014,424362014,166416476.07843137,424361974,3315228.234375,3315228.234375,3315228.234375,3315228.234375,1273086042,424362014,106090503.5,424362014,212180943.0,424361974,4243620.14,166416476.07843137,424362014,424362014,2121810.07,2121810.07,2121810.07,2121810.07,2121810.07,2121810.07,2121810.07,2121810.07,424362014,424362014,424362014,424362014,424362014,424362014,33524599.106,4243620140,12950.500915527344,12950.500915527344,12950.500915527344,12950.500915527344,12950.500915527344,12950.500915527344,12950.500915527344,12950.500915527344,166416476.07843137,331532723.4375,166416476.07843137,166416476.07843137,424362014,424362014,106090503.5,424362014,0.197601318359375,0.197601318359375,0.197601318359375,0.197601318359375,0.197601318359375,0.197601318359375,0.197601318359375,0.197601318359375,42436161.4,42436161.4,42436161.4,42436161.4,424362014,424362014,424362.014,166416476.07843137,12950.500915527344,166416476.07843137,424361974,166416476.07843137,166416476.07843137,166416476.07843137,166416476.07843137,166416476.07843137,166416476.07843137,424362014,424362014,424362014,4243620140,424362014,166416476.07843137,2121810.07,424362014,3315228.234375,3315228.234375,3315228.234375,3315228.234375,4243620140,166416476.07843137,166416476.07843137,424361974,3315118.234375,21218100.7,424362014,424362014,424361889,424361889,424362014,166416476.07843137,424362014,424362014,424362014,424362014,424362014,424362014,424362014,424362014,424362014,424362014,424362014,424362014,424362014,424362014,424362014,424362014,424362014,424362014,424362014,424362014,424362014,424362014,424362014,424362014,
2025-06-02 01:08:49.168599,424369500,424369500,424369500,424369500,166419411.76470587,424369460,3315286.71875,3315286.71875,3315286.71875,3315286.71875,1273108500,424369500,106092375.0,424369500,212184686.0,424369460,4243695.0,166419411.76470587,424369500,424369500,2121847.5,2121847.5,2121847.5,2121847.5,2121847.5,2121847.5,2121847.5,2121847.5,424369500,424369500,424369500,424369500,424369500,424369500,33525190.5,4243695000,12950.729370117188,12950.729370117188,12950.729370117188,12950.729370117188,12950.729370117188,12950.729370117188,12950.729370117188,12950.729370117188,166419411.76470587,331538571.875,166419411.76470587,166419411.76470587,424369500,424369500,106092375.0,424369500,0.197601318359375,0.197601318359375,0.197601318359375,0.197601318359375,0.197601318359375,0.197601318359375,0.197601318359375,0.197601318359375,42436910.0,42436910.0,42436910.0,42436910.0,424369500,424369500,424369.5,166419411.76470587,12950.729370117188,166419411.76470587,424369460,166419411.76470587,166419411.76470587,166419411.76470587,166419411.76470587,166419411.76470587,166419411.76470587,424369500,424369500,424369500,4243695000,424369500,166419411.76470587,2121847.5,424369500,3315286.71875,3315286.71875,3315286.71875,3315286.71875,4243695000,166419411.76470587,166419411.76470587,424369460,3315176.71875,21218475.0,424369500,424369500,424369375,424369375,424369500,166419411.76470587,424369500,424369500,424369500,424369500,424369500,424369500,424369500,424369500,424369500,424369500,424369500,424369500,424369500,424369500,424369500,424369500,424369500,424369500,424369500,424369500,424369500,424369500,424369500,424369500,
2025-06-02 01:08:49.238563,424374956,424374956,424374956,424374956,166421551.37254903,424374916,3315329.34375,3315329.34375,3315329.34375,3315329.34375,1273124868,424374956,106093739.0,424374956,212187414.0,424374916,4243749.56,166421551.37254903,424374956,424374956,2121874.78,2121874.78,2121874.78,2121874.78,2121874.78,2121874.78,2121874.78,2121874.78,424374956,424374956,424374956,424374956,424374956,424374956,33525621.524,4243749560,12950.895874023438,12950.895874023438,12950.895874023438,12950.895874023438,12950.895874023438,12950.895874023438,12950.895874023438,12950.895874023438,166421551.37254903,331542834.375,166421551.37254903,166421551.37254903,424374956,424374956,106093739.0,424374956,0.197601318359375,0.197601318359375,0.197601318359375,0.197601318359375,0.197601318359375,0.197601318359375,0.197601318359375,0.197601318359375,42437455.6,42437455.6,42437455.6,42437455.6,424374956,424374956,424374.956,166421551.37254903,12950.895874023438,166421551.37254903,424374916,166421551.37254903,166421551.37254903,166421551.37254903,166421551.37254903,166421551.37254903,166421551.37254903,424374956,424374956,424374956,4243749560,424374956,166421551.37254903,2121874.78,424374956,3315329.34375,3315329.34375,3315329.34375,3315329.34375,4243749560,166421551.37254903,166421551.37254903,424374916,3315219.34375,21218747.8,424374956,424374956,424374831,424374831,424374956,166421551.37254903,424374956,424374956,424374956,424374956,424374956,424374956,424374956,424374956,424374956,424374956,424374956,424374956,424374956,424374956,424374956,424374956,424374956,424374956,424374956,424374956,424374956,424374956,424374956,424374956,
2025-06-02 01:08:49.296652,424382641,424382641,424382641,424382641,166424565.0980392,424382601,3315389.3828125,3315389.3828125,3315389.3828125,3315389.3828125,1273147923,424382641,106095660.25,424382641,212191256.5,424382601,4243826.41,166424565.0980392,424382641,424382641,2121913.205,2121913.205,2121913.205,2121913.205,2121913.205,2121913.205,2121913.205,2121913.205,424382641,424382641,424382641,424382641,424382641,424382641,33526228.639,4243826410,12951.130401611328,12951.130401611328,12951.130401611328,12951.130401611328,12951.130401611328,12951.130401611328,12951.130401611328,12951.130401611328,166424565.0980392,331548838.28125,166424565.0980392,166424565.0980392,424382641,424382641,106095660.25,424382641,0.197601318359375,0.197601318359375,0.197601318359375,0.197601318359375,0.197601318359375,0.197601318359375,0.197601318359375,0.197601318359375,42438224.1,42438224.1,42438224.1,42438224.1,424382641,424382641,424382.641,166424565.0980392,12951.130401611328,166424565.0980392,424382601,166424565.0980392,166424565.0980392,166424565.0980392,166424565.0980392,166424565.0980392,166424565.0980392,424382641,424382641,424382641,4243826410,424382641,166424565.0980392,2121913.205,424382641,3315389.3828125,3315389.3828125,3315389.3828125,3315389.3828125,4243826410,166424565.0980392,166424565.0980392,424382601,3315279.3828125,21219132.05,424382641,424382641,424382516,424382516,424382641,166424565.0980392,424382641,424382641,424382641,424382641,424382641,424382641,424382641,424382641,424382641,424382641,424382641,424382641,424382641,424382641,424382641,424382641,424382641,424382641,424382641,424382641,424382641,424382641,424382641,424382641,
2025-06-02 01:08:49.362562,424389005,424389005,424389005,424389005,166427060.78431374,424388965,3315439.1015625,3315439.1015625,3315439.1015625,3315439.1015625,1273167015,424389005,106097251.25,424389005,212194438.5,424388965,4243890.05,166427060.78431374,424389005,424389005,2121945.025,2121945.025,2121945.025,2121945.025,2121945.025,2121945.025,2121945.025,2121945.025,424389005,424389005,424389005,424389005,424389005,424389005,33526731.395,4243890050,12951.324615478516,12951.324615478516,12951.324615478516,12951.324615478516,12951.324615478516,12951.324615478516,12951.324615478516,12951.324615478516,166427060.78431374,331553810.15625,166427060.78431374,166427060.78431374,424389005,424389005,106097251.25,424389005,0.197601318359375,0.197601318359375,0.197601318359375,0.197601318359375,0.197601318359375,0.197601318359375,0.197601318359375,0.197601318359375,42438860.5,42438860.5,42438860.5,42438860.5,424389005,424389005,424389.005,166427060.78431374,12951.324615478516,166427060.78431374,424388965,166427060.78431374,166427060.78431374,166427060.78431374,166427060.78431374,166427060.78431374,166427060.78431374,424389005,424389005,424389005,4243890050,424389005,166427060.78431374,2121945.025,424389005,3315439.1015625,3315439.1015625,3315439.1015625,3315439.1015625,4243890050,166427060.78431374,166427060.78431374,424388965,3315329.1015625,21219450.25,424389005,424389005,424388880,424388880,424389005,166427060.78431374,424389005,424389005,424389005,424389005,424389005,424389005,424389005,424389005,424389005,424389005,424389005,424389005,424389005,424389005,424389005,424389005,424389005,424389005,424389005,424389005,424389005,424389005,424389005,424389005,
2025-06-02 01:08:49.436503,424395266,424395266,424395266,424395266,166429516.07843137,424395226,3315488.015625,3315488.015625,3315488.015625,3315488.015625,1273185798,424395266,106098816.5,424395266,212197569.0,424395226,4243952.66,166429516.07843137,424395266,424395266,2121976.33,2121976.33,2121976.33,2121976.33,2121976.33,2121976.33,2121976.33,2121976.33,424395266,424395266,424395266,424395266,424395266,424395266,33527226.014,4243952660,12951.515686035156,12951.515686035156,12951.515686035156,12951.515686035156,12951.515686035156,12951.515686035156,12951.515686035156,12951.515686035156,166429516.07843137,331558701.5625,166429516.07843137,166429516.07843137,424395266,424395266,106098816.5,424395266,0.197601318359375,0.197601318359375,0.197601318359375,0.197601318359375,0.197601318359375,0.197601318359375,0.197601318359375,0.197601318359375,42439486.6,42439486.6,42439486.6,42439486.6,424395266,424395266,424395.266,166429516.07843137,12951.515686035156,166429516.07843137,424395226,166429516.07843137,166429516.07843137,166429516.07843137,166429516.07843137,166429516.07843137,166429516.07843137,424395266,424395266,424395266,4243952660,424395266,166429516.07843137,2121976.33,424395266,3315488.015625,3315488.015625,3315488.015625,3315488.015625,4243952660,166429516.07843137,166429516.07843137,424395226,3315378.015625,21219763.3,424395266,424395266,424395141,424395141,424395266,166429516.07843137,424395266,424395266,424395266,424395266,424395266,424395266,424395266,424395266,424395266,424395266,424395266,424395266,424395266,424395266,424395266,424395266,424395266,424395266,424395266,424395266,424395266,424395266,424395266,424395266,
2025-06-02 01:08:49.511582,424402762,424402762,424402762,424402762,166432455.68627453,424402722,3315546.578125,3315546.578125,3315546.578125,3315546.578125,1273208286,424402762,106100690.5,424402762,212201317.0,424402722,4244027.62,166432455.68627453,424402762,424402762,2122013.81,2122013.81,2122013.81,2122013.81,2122013.81,2122013.81,2122013.81,2122013.81,424402762,424402762,424402762,424402762,424402762,424402762,33527818.198,4244027620,12951.744445800781,12951.744445800781,12951.744445800781,12951.744445800781,12951.744445800781,12951.744445800781,12951.744445800781,12951.744445800781,166432455.68627453,331564557.8125,166432455.68627453,166432455.68627453,424402762,424402762,106100690.5,424402762,0.197601318359375,0.197601318359375,0.197601318359375,0.197601318359375,0.197601318359375,0.197601318359375,0.197601318359375,0.197601318359375,42440236.2,42440236.2,42440236.2,42440236.2,424402762,424402762,424402.762,166432455.68627453,12951.744445800781,166432455.68627453,424402722,166432455.68627453,166432455.68627453,166432455.68627453,166432455.68627453,166432455.68627453,166432455.68627453,424402762,424402762,424402762,4244027620,424402762,166432455.68627453,2122013.81,424402762,3315546.578125,3315546.578125,3315546.578125,3315546.578125,4244027620,166432455.68627453,166432455.68627453,424402722,3315436.578125,21220138.1,424402762,424402762,424402637,424402637,424402762,166432455.68627453,424402762,424402762,424402762,424402762,424402762,424402762,424402762,424402762,424402762,424402762,424402762,424402762,424402762,424402762,424402762,424402762,424402762,424402762,424402762,424402762,424402762,424402762,424402762,424402762,
2025-06-02 01:08:49.564676,424475484,424475484,424475484,424475484,166460974.11764705,424475444,3316114.71875,3316114.71875,3316114.71875,3316114.71875,1273426452,424475484,106118871.0,424475484,212237678.0,424475444,4244754.84,166460974.11764705,424475484,424475484,2122377.42,2122377.42,2122377.42,2122377.42,2122377.42,2122377.42,2122377.42,2122377.42,424475484,424475484,424475484,424475484,424475484,424475484,33533563.236,4244754840,12953.963745117188,12953.963745117188,12953.963745117188,12953.963745117188,12953.963745117188,12953.963745117188,12953.963745117188,12953.963745117188,166460974.11764705,331621371.875,166460974.11764705,166460974.11764705,424475484,424475484,106118871.0,424475484,0.1976318359375,0.1976318359375,0.1976318359375,0.1976318359375,0.1976318359375,0.1976318359375,0.1976318359375,0.1976318359375,42447508.4,42447508.4,42447508.4,42447508.4,424475484,424475484,424475.484,166460974.11764705,12953.963745117188,166460974.11764705,424475444,166460974.11764705,166460974.11764705,166460974.11764705,166460974.11764705,166460974.11764705,166460974.11764705,424475484,424475484,424475484,4244754840,424475484,166460974.11764705,2122377.42,424475484,3316114.71875,3316114.71875,3316114.71875,3316114.71875,4244754840,166460974.11764705,166460974.11764705,424475444,3316004.71875,21223774.2,424475484,424475484,424475359,424475359,424475484,166460974.11764705,424475484,424475484,424475484,424475484,424475484,424475484,424475484,424475484,424475484,424475484,424475484,424475484,424475484,424475484,424475484,424475484,424475484,424475484,424475484,424475484,424475484,424475484,424475484,424475484,
2025-06-02 01:08:49.636696,424415970,424415970,424415970,424415970,166437635.29411763,424415930,3315649.765625,3315649.765625,3315649.765625,3315649.765625,1273247910,424415970,106103992.5,424415970,212207921.0,424415930,4244159.7,166437635.29411763,424415970,424415970,2122079.85,2122079.85,2122079.85,2122079.85,2122079.85,2122079.85,2122079.85,2122079.85,424415970,424415970,424415970,424415970,424415970,424415970,33528861.63,4244159700,12952.147521972656,12952.147521972656,12952.147521972656,12952.147521972656,12952.147521972656,12952.147521972656,12952.147521972656,12952.147521972656,166437635.29411763,331574876.5625,166437635.29411763,166437635.29411763,424415970,424415970,106103992.5,424415970,0.1976318359375,0.1976318359375,0.1976318359375,0.1976318359375,0.1976318359375,0.1976318359375,0.1976318359375,0.1976318359375,42441557.0,42441557.0,42441557.0,42441557.0,424415970,424415970,424415.97,166437635.29411763,12952.147521972656,166437635.29411763,424415930,166437635.29411763,166437635.29411763,166437635.29411763,166437635.29411763,166437635.29411763,166437635.29411763,424415970,424415970,424415970,4244159700,424415970,166437635.29411763,2122079.85,424415970,3315649.765625,3315649.765625,3315649.765625,3315649.765625,4244159700,166437635.29411763,166437635.29411763,424415930,3315539.765625,21220798.5,424415970,424415970,424415845,424415845,424415970,166437635.29411763,424415970,424415970,424415970,424415970,424415970,424415970,424415970,424415970,424415970,424415970,424415970,424415970,424415970,424415970,424415970,424415970,424415970,424415970,424415970,424415970,424415970,424415970,424415970,424415970,
2025-06-02 01:08:49.686597,424423614,424423614,424423614,424423614,166440632.94117647,424423574,3315709.484375,3315709.484375,3315709.484375,3315709.484375,1273270842,424423614,106105903.5,424423614,212211743.0,424423574,4244236.14,166440632.94117647,424423614,424423614,2122118.07,2122118.07,2122118.07,2122118.07,2122118.07,2122118.07,2122118.07,2122118.07,424423614,424423614,424423614,424423614,424423614,424423614,33529465.506,4244236140,12952.380798339844,12952.380798339844,12952.380798339844,12952.380798339844,12952.380798339844,12952.380798339844,12952.380798339844,12952.380798339844,166440632.94117647,331580848.4375,166440632.94117647,166440632.94117647,424423614,424423614,106105903.5,424423614,0.1976318359375,0.1976318359375,0.1976318359375,0.1976318359375,0.1976318359375,0.1976318359375,0.1976318359375,0.1976318359375,42442321.4,42442321.4,42442321.4,42442321.4,424423614,424423614,424423.614,166440632.94117647,12952.380798339844,166440632.94117647,424423574,166440632.94117647,166440632.94117647,166440632.94117647,166440632.94117647,166440632.94117647,166440632.94117647,424423614,424423614,424423614,4244236140,424423614,166440632.94117647,2122118.07,424423614,3315709.484375,3315709.484375,3315709.484375,3315709.484375,4244236140,166440632.94117647,166440632.94117647,424423574,3315599.484375,21221180.7,424423614,424423614,424423489,424423489,424423614,166440632.94117647,424423614,424423614,424423614,424423614,424423614,424423614,424423614,424423614,424423614,424423614,424423614,424423614,424423614,424423614,424423614,424423614,424423614,424423614,424423614,424423614,424423614,424423614,424423614,424423614,
2025-06-02 01:08:49.750579,424429767,424429767,424429767,424429767,166443045.88235292,424429727,3315757.5546875,3315757.5546875,3315757.5546875,3315757.5546875,1273289301,424429767,106107441.75,424429767,212214819.5,424429727,4244297.67,166443045.88235292,424429767,424429767,2122148.835,2122148.835,2122148.835,2122148.835,2122148.835,2122148.835,2122148.835,2122148.835,424429767,424429767,424429767,424429767,424429767,424429767,33529951.593,4244297670,12952.568572998047,12952.568572998047,12952.568572998047,12952.568572998047,12952.568572998047,12952.568572998047,12952.568572998047,12952.568572998047,166443045.88235292,331585655.46875,166443045.88235292,166443045.88235292,424429767,424429767,106107441.75,424429767,0.1976318359375,0.1976318359375,0.1976318359375,0.1976318359375,0.1976318359375,0.1976318359375,0.1976318359375,0.1976318359375,42442936.7,42442936.7,42442936.7,42442936.7,424429767,424429767,424429.767,166443045.88235292,12952.568572998047,166443045.88235292,424429727,166443045.88235292,166443045.88235292,166443045.88235292,166443045.88235292,166443045.88235292,166443045.88235292,424429767,424429767,424429767,4244297670,424429767,166443045.88235292,2122148.835,424429767,3315757.5546875,3315757.5546875,3315757.5546875,3315757.5546875,4244297670,166443045.88235292,166443045.88235292,424429727,3315647.5546875,21221488.35,424429767,424429767,424429642,424429642,424429767,166443045.88235292,424429767,424429767,424429767,424429767,424429767,424429767,424429767,424429767,424429767,424429767,424429767,424429767,424429767,424429767,424429767,424429767,424429767,424429767,424429767,424429767,424429767,424429767,424429767,424429767,
2025-06-02 01:08:49.827762,424435407,424435407,424435407,424435407,166445257.64705884,424435367,3315801.6171875,3315801.6171875,3315801.6171875,3315801.6171875,1273306221,424435407,106108851.75,424435407,212217639.5,424435367,4244354.07,166445257.64705884,424435407,424435407,2122177.035,2122177.035,2122177.035,2122177.035,2122177.035,2122177.035,2122177.035,2122177.035,424435407,424435407,424435407,424435407,424435407,424435407,33530397.153,4244354070,12952.740692138672,12952.740692138672,12952.740692138672,12952.740692138672,12952.740692138672,12952.740692138672,12952.740692138672,12952.740692138672,166445257.64705884,331590061.71875,166445257.64705884,166445257.64705884,424435407,424435407,106108851.75,424435407,0.1976318359375,0.1976318359375,0.1976318359375,0.1976318359375,0.1976318359375,0.1976318359375,0.1976318359375,0.1976318359375,42443500.7,42443500.7,42443500.7,42443500.7,424435407,424435407,424435.407,166445257.64705884,12952.740692138672,166445257.64705884,424435367,166445257.64705884,166445257.64705884,166445257.64705884,166445257.64705884,166445257.64705884,166445257.64705884,424435407,424435407,424435407,4244354070,424435407,166445257.64705884,2122177.035,424435407,3315801.6171875,3315801.6171875,3315801.6171875,3315801.6171875,4244354070,166445257.64705884,166445257.64705884,424435367,3315691.6171875,21221770.35,424435407,424435407,424435282,424435282,424435407,166445257.64705884,424435407,424435407,424435407,424435407,424435407,424435407,424435407,424435407,424435407,424435407,424435407,424435407,424435407,424435407,424435407,424435407,424435407,424435407,424435407,424435407,424435407,424435407,424435407,424435407,
2025-06-02 01:08:49.896597,424443005,424443005,424443005,424443005,166448237.25490195,424442965,3315860.9765625,3315860.9765625,3315860.9765625,3315860.9765625,1273329015,424443005,106110751.25,424443005,212221438.5,424442965,4244430.05,166448237.25490195,424443005,424443005,2122215.025,2122215.025,2122215.025,2122215.025,2122215.025,2122215.025,2122215.025,2122215.025,424443005,424443005,424443005,424443005,424443005,424443005,33530997.395,4244430050,12952.972564697266,12952.972564697266,12952.972564697266,12952.972564697266,12952.972564697266,12952.972564697266,12952.972564697266,12952.972564697266,166448237.25490195,331595997.65625,166448237.25490195,166448237.25490195,424443005,424443005,106110751.25,424443005,0.1976318359375,0.1976318359375,0.1976318359375,0.1976318359375,0.1976318359375,0.1976318359375,0.1976318359375,0.1976318359375,42444260.5,42444260.5,42444260.5,42444260.5,424443005,424443005,424443.005,166448237.25490195,12952.972564697266,166448237.25490195,424442965,166448237.25490195,166448237.25490195,166448237.25490195,166448237.25490195,166448237.25490195,166448237.25490195,424443005,424443005,424443005,4244430050,424443005,166448237.25490195,2122215.025,424443005,3315860.9765625,3315860.9765625,3315860.9765625,3315860.9765625,4244430050,166448237.25490195,166448237.25490195,424442965,3315750.9765625,21222150.25,424443005,424443005,424442880,424442880,424443005,166448237.25490195,424443005,424443005,424443005,424443005,424443005,424443005,424443005,424443005,424443005,424443005,424443005,424443005,424443005,424443005,424443005,424443005,424443005,424443005,424443005,424443005,424443005,424443005,424443005,424443005,
2025-06-02 01:08:49.951593,424450501,424450501,424450501,424450501,166451176.8627451,424450461,3315919.5390625,3315919.5390625,3315919.5390625,3315919.5390625,1273351503,424450501,106112625.25,424450501,212225186.5,424450461,4244505.01,166451176.8627451,424450501,424450501,2122252.505,2122252.505,2122252.505,2122252.505,2122252.505,2122252.505,2122252.505,2122252.505,424450501,424450501,424450501,424450501,424450501,424450501,33531589.579,4244505010,12953.20132446289,12953.20132446289,12953.20132446289,12953.20132446289,12953.20132446289,12953.20132446289,12953.20132446289,12953.20132446289,166451176.8627451,331601853.90625,166451176.8627451,166451176.8627451,424450501,424450501,106112625.25,424450501,0.1976318359375,0.1976318359375,0.1976318359375,0.1976318359375,0.1976318359375,0.1976318359375,0.1976318359375,0.1976318359375,42445010.1,42445010.1,42445010.1,42445010.1,424450501,424450501,424450.501,166451176.8627451,12953.20132446289,166451176.8627451,424450461,166451176.8627451,166451176.8627451,166451176.8627451,166451176.8627451,166451176.8627451,166451176.8627451,424450501,424450501,424450501,4244505010,424450501,166451176.8627451,2122252.505,424450501,3315919.5390625,3315919.5390625,3315919.5390625,3315919.5390625,4244505010,166451176.8627451,166451176.8627451,424450461,3315809.5390625,21222525.05,424450501,424450501,424450376,424450376,424450501,166451176.8627451,424450501,424450501,424450501,424450501,424450501,424450501,424450501,424450501,424450501,424450501,424450501,424450501,424450501,424450501,424450501,424450501,424450501,424450501,424450501,424450501,424450501,424450501,424450501,424450501,
2025-06-02 01:08:50.012426,424455014,424455014,424455014,424455014,166452946.66666666,424454974,3315954.796875,3315954.796875,3315954.796875,3315954.796875,1273365042,424455014,106113753.5,424455014,212227443.0,424454974,4244550.14,166452946.66666666,424455014,424455014,2122275.07,2122275.07,2122275.07,2122275.07,2122275.07,2122275.07,2122275.07,2122275.07,424455014,424455014,424455014,424455014,424455014,424455014,33531946.106,4244550140,12953.339050292969,12953.339050292969,12953.339050292969,12953.339050292969,12953.339050292969,12953.339050292969,12953.339050292969,12953.339050292969,166452946.66666666,331605379.6875,166452946.66666666,166452946.66666666,424455014,424455014,106113753.5,424455014,0.1976318359375,0.1976318359375,0.1976318359375,0.1976318359375,0.1976318359375,0.1976318359375,0.1976318359375,0.1976318359375,42445461.4,42445461.4,42445461.4,42445461.4,424455014,424455014,424455.014,166452946.66666666,12953.339050292969,166452946.66666666,424454974,166452946.66666666,166452946.66666666,166452946.66666666,166452946.66666666,166452946.66666666,166452946.66666666,424455014,424455014,424455014,4244550140,424455014,166452946.66666666,2122275.07,424455014,3315954.796875,3315954.796875,3315954.796875,3315954.796875,4244550140,166452946.66666666,166452946.66666666,424454974,3315844.796875,21222750.7,424455014,424455014,424454889,424454889,424455014,166452946.66666666,424455014,424455014,424455014,424455014,424455014,424455014,424455014,424455014,424455014,424455014,424455014,424455014,424455014,424455014,424455014,424455014,424455014,424455014,424455014,424455014,424455014,424455014,424455014,424455014,
2025-06-02 01:08:50.057671,424461171,424461171,424461171,424461171,166455361.1764706,424461131,3316002.8984375,3316002.8984375,3316002.8984375,3316002.8984375,1273383513,424461171,106115292.75,424461171,212230521.5,424461131,4244611.71,166455361.1764706,424461171,424461171,2122305.855,2122305.855,2122305.855,2122305.855,2122305.855,2122305.855,2122305.855,2122305.855,424461171,424461171,424461171,424461171,424461171,424461171,33532432.509,4244611710,12953.526947021484,12953.526947021484,12953.526947021484,12953.526947021484,12953.526947021484,12953.526947021484,12953.526947021484,12953.526947021484,166455361.1764706,331610189.84375,166455361.1764706,166455361.1764706,424461171,424461171,106115292.75,424461171,0.1976318359375,0.1976318359375,0.1976318359375,0.1976318359375,0.1976318359375,0.1976318359375,0.1976318359375,0.1976318359375,42446077.1,42446077.1,42446077.1,42446077.1,424461171,424461171,424461.171,166455361.1764706,12953.526947021484,166455361.1764706,424461131,166455361.1764706,166455361.1764706,166455361.1764706,166455361.1764706,166455361.1764706,166455361.1764706,424461171,424461171,424461171,4244611710,424461171,166455361.1764706,2122305.855,424461171,3316002.8984375,3316002.8984375,3316002.8984375,3316002.8984375,4244611710,166455361.1764706,166455361.1764706,424461131,3315892.8984375,21223058.55,424461171,424461171,424461046,424461046,424461171,166455361.1764706,424461171,424461171,424461171,424461171,424461171,424461171,424461171,424461171,424461171,424461171,424461171,424461171,424461171,424461171,424461171,424461171,424461171,424461171,424461171,424461171,424461171,424461171,424461171,424461171,
2025-06-02 01:08:50.123534,424467948,424467948,424467948,424467948,166458018.82352942,424467908,3316055.84375,3316055.84375,3316055.84375,3316055.84375,1273403844,424467948,106116987.0,424467948,212233910.0,424467908,4244679.48,166458018.82352942,424467948,424467948,2122339.74,2122339.74,2122339.74,2122339.74,2122339.74,2122339.74,2122339.74,2122339.74,424467948,424467948,424467948,424467948,424467948,424467948,33532967.892,4244679480,12953.733764648438,12953.733764648438,12953.733764648438,12953.733764648438,12953.733764648438,12953.733764648438,12953.733764648438,12953.733764648438,166458018.82352942,331615484.375,166458018.82352942,166458018.82352942,424467948,424467948,106116987.0,424467948,0.1976318359375,0.1976318359375,0.1976318359375,0.1976318359375,0.1976318359375,0.1976318359375,0.1976318359375,0.1976318359375,42446754.8,42446754.8,42446754.8,42446754.8,424467948,424467948,424467.948,166458018.82352942,12953.733764648438,166458018.82352942,424467908,166458018.82352942,166458018.82352942,166458018.82352942,166458018.82352942,166458018.82352942,166458018.82352942,424467948,424467948,424467948,4244679480,424467948,166458018.82352942,2122339.74,424467948,3316055.84375,3316055.84375,3316055.84375,3316055.84375,4244679480,166458018.82352942,166458018.82352942,424467908,3315945.84375,21223397.4,424467948,424467948,424467823,424467823,424467948,166458018.82352942,424467948,424467948,424467948,424467948,424467948,424467948,424467948,424467948,424467948,424467948,424467948,424467948,424467948,424467948,424467948,424467948,424467948,424467948,424467948,424467948,424467948,424467948,424467948,424467948,
2025-06-02 01:08:50.191597,424474627,424474627,424474627,424474627,166460638.03921568,424474587,3316108.0234375,3316108.0234375,3316108.0234375,3316108.0234375,1273423881,424474627,106118656.75,424474627,212237249.5,424474587,4244746.27,166460638.03921568,424474627,424474627,2122373.135,2122373.135,2122373.135,2122373.135,2122373.135,2122373.135,2122373.135,2122373.135,424474627,424474627,424474627,424474627,424474627,424474627,33533495.533,4244746270,12953.937591552734,12953.937591552734,12953.937591552734,12953.937591552734,12953.937591552734,12953.937591552734,12953.937591552734,12953.937591552734,166460638.03921568,331620702.34375,166460638.03921568,166460638.03921568,424474627,424474627,106118656.75,424474627,0.1976318359375,0.1976318359375,0.1976318359375,0.1976318359375,0.1976318359375,0.1976318359375,0.1976318359375,0.1976318359375,42447422.7,42447422.7,42447422.7,42447422.7,424474627,424474627,424474.627,166460638.03921568,12953.937591552734,166460638.03921568,424474587,166460638.03921568,166460638.03921568,166460638.03921568,166460638.03921568,166460638.03921568,166460638.03921568,424474627,424474627,424474627,4244746270,424474627,166460638.03921568,2122373.135,424474627,3316108.0234375,3316108.0234375,3316108.0234375,3316108.0234375,4244746270,166460638.03921568,166460638.03921568,424474587,3315998.0234375,21223731.35,424474627,424474627,424474502,424474502,424474627,166460638.03921568,424474627,424474627,424474627,424474627,424474627,424474627,424474627,424474627,424474627,424474627,424474627,424474627,424474627,424474627,424474627,424474627,424474627,424474627,424474627,424474627,424474627,424474627,424474627,424474627,
2025-06-02 01:08:50.267581,424480574,424480574,424480574,424480574,166462970.19607845,424480534,3316154.484375,3316154.484375,3316154.484375,3316154.484375,1273441722,424480574,106120143.5,424480574,212240223.0,424480534,4244805.74,166462970.19607845,424480574,424480574,2122402.87,2122402.87,2122402.87,2122402.87,2122402.87,2122402.87,2122402.87,2122402.87,424480574,424480574,424480574,424480574,424480574,424480574,33533965.346,4244805740,12954.119079589844,12954.119079589844,12954.119079589844,12954.119079589844,12954.119079589844,12954.119079589844,12954.119079589844,12954.119079589844,166462970.19607845,331625348.4375,166462970.19607845,166462970.19607845,424480574,424480574,106120143.5,424480574,0.197662353515625,0.197662353515625,0.197662353515625,0.197662353515625,0.197662353515625,0.197662353515625,0.197662353515625,0.197662353515625,42448017.4,42448017.4,42448017.4,42448017.4,424480574,424480574,424480.574,166462970.19607845,12954.119079589844,166462970.19607845,424480534,166462970.19607845,166462970.19607845,166462970.19607845,166462970.19607845,166462970.19607845,166462970.19607845,424480574,424480574,424480574,4244805740,424480574,166462970.19607845,2122402.87,424480574,3316154.484375,3316154.484375,3316154.484375,3316154.484375,4244805740,166462970.19607845,166462970.19607845,424480534,3316044.484375,21224028.7,424480574,424480574,424480449,424480449,424480574,166462970.19607845,424480574,424480574,424480574,424480574,424480574,424480574,424480574,424480574,424480574,424480574,424480574,424480574,424480574,424480574,424480574,424480574,424480574,424480574,424480574,424480574,424480574,424480574,424480574,424480574,
2025-06-02 01:08:50.321383,424487787,424487787,424487787,424487787,166465798.82352942,424487747,3316210.8359375,3316210.8359375,3316210.8359375,3316210.8359375,1273463361,424487787,106121946.75,424487787,212243829.5,424487747,4244877.87,166465798.82352942,424487787,424487787,2122438.935,2122438.935,2122438.935,2122438.935,2122438.935,2122438.935,2122438.935,2122438.935,424487787,424487787,424487787,424487787,424487787,424487787,33534535.173,4244877870,12954.33920288086,12954.33920288086,12954.33920288086,12954.33920288086,12954.33920288086,12954.33920288086,12954.33920288086,12954.33920288086,166465798.82352942,331630983.59375,166465798.82352942,166465798.82352942,424487787,424487787,106121946.75,424487787,0.197662353515625,0.197662353515625,0.197662353515625,0.197662353515625,0.197662353515625,0.197662353515625,0.197662353515625,0.197662353515625,42448738.7,42448738.7,42448738.7,42448738.7,424487787,424487787,424487.787,166465798.82352942,12954.33920288086,166465798.82352942,424487747,166465798.82352942,166465798.82352942,166465798.82352942,166465798.82352942,166465798.82352942,166465798.82352942,424487787,424487787,424487787,4244877870,424487787,166465798.82352942,2122438.935,424487787,3316210.8359375,3316210.8359375,3316210.8359375,3316210.8359375,4244877870,166465798.82352942,166465798.82352942,424487747,3316100.8359375,21224389.35,424487787,424487787,424487662,424487662,424487787,166465798.82352942,424487787,424487787,424487787,424487787,424487787,424487787,424487787,424487787,424487787,424487787,424487787,424487787,424487787,424487787,424487787,424487787,424487787,424487787,424487787,424487787,424487787,424487787,424487787,424487787,
2025-06-02 01:08:50.382787,424493302,424493302,424493302,424493302,166467961.56862745,424493262,3316253.921875,3316253.921875,3316253.921875,3316253.921875,1273479906,424493302,106123325.5,424493302,212246587.0,424493262,4244933.02,166467961.56862745,424493302,424493302,2122466.51,2122466.51,2122466.51,2122466.51,2122466.51,2122466.51,2122466.51,2122466.51,424493302,424493302,424493302,424493302,424493302,424493302,33534970.858,4244933020,12954.507507324219,12954.507507324219,12954.507507324219,12954.507507324219,12954.507507324219,12954.507507324219,12954.507507324219,12954.507507324219,166467961.56862745,331635292.1875,166467961.56862745,166467961.56862745,424493302,424493302,106123325.5,424493302,0.197662353515625,0.197662353515625,0.197662353515625,0.197662353515625,0.197662353515625,0.197662353515625,0.197662353515625,0.197662353515625,42449290.2,42449290.2,42449290.2,42449290.2,424493302,424493302,424493.302,166467961.56862745,12954.507507324219,166467961.56862745,424493262,166467961.56862745,166467961.56862745,166467961.56862745,166467961.56862745,166467961.56862745,166467961.56862745,424493302,424493302,424493302,4244933020,424493302,166467961.56862745,2122466.51,424493302,3316253.921875,3316253.921875,3316253.921875,3316253.921875,4244933020,166467961.56862745,166467961.56862745,424493262,3316143.921875,21224665.1,424493302,424493302,424493177,424493177,424493302,166467961.56862745,424493302,424493302,424493302,424493302,424493302,424493302,424493302,424493302,424493302,424493302,424493302,424493302,424493302,424493302,424493302,424493302,424493302,424493302,424493302,424493302,424493302,424493302,424493302,424493302,
2025-06-02 01:08:50.450628,424499357,424499357,424499357,424499357,166470336.07843137,424499317,3316301.2265625,3316301.2265625,3316301.2265625,3316301.2265625,1273498071,424499357,106124839.25,424499357,212249614.5,424499317,4244993.57,166470336.07843137,424499357,424499357,2122496.785,2122496.785,2122496.785,2122496.785,2122496.785,2122496.785,2122496.785,2122496.785,424499357,424499357,424499357,424499357,424499357,424499357,33535449.203,4244993570,12954.692291259766,12954.692291259766,12954.692291259766,12954.692291259766,12954.692291259766,12954.692291259766,12954.692291259766,12954.692291259766,166470336.07843137,331640022.65625,166470336.07843137,166470336.07843137,424499357,424499357,106124839.25,424499357,0.197662353515625,0.197662353515625,0.197662353515625,0.197662353515625,0.197662353515625,0.197662353515625,0.197662353515625,0.197662353515625,42449895.7,42449895.7,42449895.7,42449895.7,424499357,424499357,424499.357,166470336.07843137,12954.692291259766,166470336.07843137,424499317,166470336.07843137,166470336.07843137,166470336.07843137,166470336.07843137,166470336.07843137,166470336.07843137,424499357,424499357,424499357,4244993570,424499357,166470336.07843137,2122496.785,424499357,3316301.2265625,3316301.2265625,3316301.2265625,3316301.2265625,4244993570,166470336.07843137,166470336.07843137,424499317,3316191.2265625,21224967.85,424499357,424499357,424499232,424499232,424499357,166470336.07843137,424499357,424499357,424499357,424499357,424499357,424499357,424499357,424499357,424499357,424499357,424499357,424499357,424499357,424499357,424499357,424499357,424499357,424499357,424499357,424499357,424499357,424499357,424499357,424499357,
2025-06-02 01:08:50.493630,424506519,424506519,424506519,424506519,166473144.70588234,424506479,3316357.1796875,3316357.1796875,3316357.1796875,3316357.1796875,1273519557,424506519,106126629.75,424506519,212253195.5,424506479,4245065.19,166473144.70588234,424506519,424506519,2122532.595,2122532.595,2122532.595,2122532.595,2122532.595,2122532.595,2122532.595,2122532.595,424506519,424506519,424506519,424506519,424506519,424506519,33536015.001000002,4245065190,12954.910858154297,12954.910858154297,12954.910858154297,12954.910858154297,12954.910858154297,12954.910858154297,12954.910858154297,12954.910858154297,166473144.70588234,331645617.96875,166473144.70588234,166473144.70588234,424506519,424506519,106126629.75,424506519,0.197662353515625,0.197662353515625,0.197662353515625,0.197662353515625,0.197662353515625,0.197662353515625,0.197662353515625,0.197662353515625,42450611.9,42450611.9,42450611.9,42450611.9,424506519,424506519,424506.519,166473144.70588234,12954.910858154297,166473144.70588234,424506479,166473144.70588234,166473144.70588234,166473144.70588234,166473144.70588234,166473144.70588234,166473144.70588234,424506519,424506519,424506519,4245065190,424506519,166473144.70588234,2122532.595,424506519,3316357.1796875,3316357.1796875,3316357.1796875,3316357.1796875,4245065190,166473144.70588234,166473144.70588234,424506479,3316247.1796875,21225325.95,424506519,424506519,424506394,424506394,424506519,166473144.70588234,424506519,424506519,424506519,424506519,424506519,424506519,424506519,424506519,424506519,424506519,424506519,424506519,424506519,424506519,424506519,424506519,424506519,424506519,424506519,424506519,424506519,424506519,424506519,424506519,
2025-06-02 01:08:50.565609,424511436,424511436,424511436,424511436,166475072.94117647,424511396,3316395.59375,3316395.59375,3316395.59375,3316395.59375,1273534308,424511436,106127859.0,424511436,212255654.0,424511396,4245114.36,166475072.94117647,424511436,424511436,2122557.18,2122557.18,2122557.18,2122557.18,2122557.18,2122557.18,2122557.18,2122557.18,424511436,424511436,424511436,424511436,424511436,424511436,33536403.444000002,4245114360,12955.060913085938,12955.060913085938,12955.060913085938,12955.060913085938,12955.060913085938,12955.060913085938,12955.060913085938,12955.060913085938,166475072.94117647,331649459.375,166475072.94117647,166475072.94117647,424511436,424511436,106127859.0,424511436,0.197662353515625,0.197662353515625,0.197662353515625,0.197662353515625,0.197662353515625,0.197662353515625,0.197662353515625,0.197662353515625,42451103.6,42451103.6,42451103.6,42451103.6,424511436,424511436,424511.436,166475072.94117647,12955.060913085938,166475072.94117647,424511396,166475072.94117647,166475072.94117647,166475072.94117647,166475072.94117647,166475072.94117647,166475072.94117647,424511436,424511436,424511436,4245114360,424511436,166475072.94117647,2122557.18,424511436,3316395.59375,3316395.59375,3316395.59375,3316395.59375,4245114360,166475072.94117647,166475072.94117647,424511396,3316285.59375,21225571.8,424511436,424511436,424511311,424511311,424511436,166475072.94117647,424511436,424511436,424511436,424511436,424511436,424511436,424511436,424511436,424511436,424511436,424511436,424511436,424511436,424511436,424511436,424511436,424511436,424511436,424511436,424511436,424511436,424511436,424511436,424511436,
2025-06-02 01:08:50.616616,424518655,424518655,424518655,424518655,166477903.92156863,424518615,3316451.9921875,3316451.9921875,3316451.9921875,3316451.9921875,1273555965,424518655,106129663.75,424518655,212259263.5,424518615,4245186.55,166477903.92156863,424518655,424518655,2122593.275,2122593.275,2122593.275,2122593.275,2122593.275,2122593.275,2122593.275,2122593.275,424518655,424518655,424518655,424518655,424518655,424518655,33536973.745,4245186550,12955.281219482422,12955.281219482422,12955.281219482422,12955.281219482422,12955.281219482422,12955.281219482422,12955.281219482422,12955.281219482422,166477903.92156863,331655099.21875,166477903.92156863,166477903.92156863,424518655,424518655,106129663.75,424518655,0.197662353515625,0.197662353515625,0.197662353515625,0.197662353515625,0.197662353515625,0.197662353515625,0.197662353515625,0.197662353515625,42451825.5,42451825.5,42451825.5,42451825.5,424518655,424518655,424518.655,166477903.92156863,12955.281219482422,166477903.92156863,424518615,166477903.92156863,166477903.92156863,166477903.92156863,166477903.92156863,166477903.92156863,166477903.92156863,424518655,424518655,424518655,4245186550,424518655,166477903.92156863,2122593.275,424518655,3316451.9921875,3316451.9921875,3316451.9921875,3316451.9921875,4245186550,166477903.92156863,166477903.92156863,424518615,3316341.9921875,21225932.75,424518655,424518655,424518530,424518530,424518655,166477903.92156863,424518655,424518655,424518655,424518655,424518655,424518655,424518655,424518655,424518655,424518655,424518655,424518655,424518655,424518655,424518655,424518655,424518655,424518655,424518655,424518655,424518655,424518655,424518655,424518655,
2025-06-02 01:08:50.678629,424524917,424524917,424524917,424524917,166480359.60784316,424524877,3316500.9140625,3316500.9140625,3316500.9140625,3316500.9140625,1273574751,424524917,106131229.25,424524917,212262394.5,424524877,4245249.17,166480359.60784316,424524917,424524917,2122624.585,2122624.585,2122624.585,2122624.585,2122624.585,2122624.585,2122624.585,2122624.585,424524917,424524917,424524917,424524917,424524917,424524917,33537468.443,4245249170,12955.47232055664,12955.47232055664,12955.47232055664,12955.47232055664,12955.47232055664,12955.47232055664,12955.47232055664,12955.47232055664,166480359.60784316,331659991.40625,166480359.60784316,166480359.60784316,424524917,424524917,106131229.25,424524917,0.197662353515625,0.197662353515625,0.197662353515625,0.197662353515625,0.197662353515625,0.197662353515625,0.197662353515625,0.197662353515625,42452451.7,42452451.7,42452451.7,42452451.7,424524917,424524917,424524.917,166480359.60784316,12955.47232055664,166480359.60784316,424524877,166480359.60784316,166480359.60784316,166480359.60784316,166480359.60784316,166480359.60784316,166480359.60784316,424524917,424524917,424524917,4245249170,424524917,166480359.60784316,2122624.585,424524917,3316500.9140625,3316500.9140625,3316500.9140625,3316500.9140625,4245249170,166480359.60784316,166480359.60784316,424524877,3316390.9140625,21226245.85,424524917,424524917,424524792,424524792,424524917,166480359.60784316,424524917,424524917,424524917,424524917,424524917,424524917,424524917,424524917,424524917,424524917,424524917,424524917,424524917,424524917,424524917,424524917,424524917,424524917,424524917,424524917,424524917,424524917,424524917,424524917,
2025-06-02 01:08:50.757747,424530479,424530479,424530479,424530479,166482540.7843137,424530439,3316544.3671875,3316544.3671875,3316544.3671875,3316544.3671875,1273591437,424530479,106132619.75,424530479,212265175.5,424530439,4245304.79,166482540.7843137,424530479,424530479,2122652.395,2122652.395,2122652.395,2122652.395,2122652.395,2122652.395,2122652.395,2122652.395,424530479,424530479,424530479,424530479,424530479,424530479,33537907.841000002,4245304790,12955.642059326172,12955.642059326172,12955.642059326172,12955.642059326172,12955.642059326172,12955.642059326172,12955.642059326172,12955.642059326172,166482540.7843137,331664336.71875,166482540.7843137,166482540.7843137,424530479,424530479,106132619.75,424530479,0.197662353515625,0.197662353515625,0.197662353515625,0.197662353515625,0.197662353515625,0.197662353515625,0.197662353515625,0.197662353515625,42453007.9,42453007.9,42453007.9,42453007.9,424530479,424530479,424530.479,166482540.7843137,12955.642059326172,166482540.7843137,424530439,166482540.7843137,166482540.7843137,166482540.7843137,166482540.7843137,166482540.7843137,166482540.7843137,424530479,424530479,424530479,4245304790,424530479,166482540.7843137,2122652.395,424530479,3316544.3671875,3316544.3671875,3316544.3671875,3316544.3671875,4245304790,166482540.7843137,166482540.7843137,424530439,3316434.3671875,21226523.95,424530479,424530479,424530354,424530354,424530479,166482540.7843137,424530479,424530479,424530479,424530479,424530479,424530479,424530479,424530479,424530479,424530479,424530479,424530479,424530479,424530479,424530479,424530479,424530479,424530479,424530479,424530479,424530479,424530479,424530479,424530479,
2025-06-02 01:08:50.806614,424538176,424538176,424538176,424538176,166485559.2156863,424538136,3316604.5,3316604.5,3316604.5,3316604.5,1273614528,424538176,106134544.0,424538176,212269024.0,424538136,4245381.76,166485559.2156863,424538176,424538176,2122690.88,2122690.88,2122690.88,2122690.88,2122690.88,2122690.88,2122690.88,2122690.88,424538176,424538176,424538176,424538176,424538176,424538176,33538515.904,4245381760,12955.876953125,12955.876953125,12955.876953125,12955.876953125,12955.876953125,12955.876953125,12955.876953125,12955.876953125,166485559.2156863,331670350.0,166485559.2156863,166485559.2156863,424538176,424538176,106134544.0,424538176,0.197662353515625,0.197662353515625,0.197662353515625,0.197662353515625,0.197662353515625,0.197662353515625,0.197662353515625,0.197662353515625,42453777.6,42453777.6,42453777.6,42453777.6,424538176,424538176,424538.176,166485559.2156863,12955.876953125,166485559.2156863,424538136,166485559.2156863,166485559.2156863,166485559.2156863,166485559.2156863,166485559.2156863,166485559.2156863,424538176,424538176,424538176,4245381760,424538176,166485559.2156863,2122690.88,424538176,3316604.5,3316604.5,3316604.5,3316604.5,4245381760,166485559.2156863,166485559.2156863,424538136,3316494.5,21226908.8,424538176,424538176,424538051,424538051,424538176,166485559.2156863,424538176,424538176,424538176,424538176,424538176,424538176,424538176,424538176,424538176,424538176,424538176,424538176,424538176,424538176,424538176,424538176,424538176,424538176,424538176,424538176,424538176,424538176,424538176,424538176,
2025-06-02 01:08:50.882815,424545305,424545305,424545305,424545305,166488354.9019608,424545265,3316660.1953125,3316660.1953125,3316660.1953125,3316660.1953125,1273635915,424545305,106136326.25,424545305,212272588.5,424545265,4245453.05,166488354.9019608,424545305,424545305,2122726.525,2122726.525,2122726.525,2122726.525,2122726.525,2122726.525,2122726.525,2122726.525,424545305,424545305,424545305,424545305,424545305,424545305,33539079.095,4245453050,12956.094512939453,12956.094512939453,12956.094512939453,12956.094512939453,12956.094512939453,12956.094512939453,12956.094512939453,12956.094512939453,166488354.9019608,331675919.53125,166488354.9019608,166488354.9019608,424545305,424545305,106136326.25,424545305,0.19769287109375,0.19769287109375,0.19769287109375,0.19769287109375,0.19769287109375,0.19769287109375,0.19769287109375,0.19769287109375,42454490.5,42454490.5,42454490.5,42454490.5,424545305,424545305,424545.305,166488354.9019608,12956.094512939453,166488354.9019608,424545265,166488354.9019608,166488354.9019608,166488354.9019608,166488354.9019608,166488354.9019608,166488354.9019608,424545305,424545305,424545305,4245453050,424545305,166488354.9019608,2122726.525,424545305,3316660.1953125,3316660.1953125,3316660.1953125,3316660.1953125,4245453050,166488354.9019608,166488354.9019608,424545265,3316550.1953125,21227265.25,424545305,424545305,424545180,424545180,424545305,166488354.9019608,424545305,424545305,424545305,424545305,424545305,424545305,424545305,424545305,424545305,424545305,424545305,424545305,424545305,424545305,424545305,424545305,424545305,424545305,424545305,424545305,424545305,424545305,424545305,424545305,
2025-06-02 01:08:50.938783,424550580,424550580,424550580,424550580,166490423.52941176,424550540,3316701.40625,3316701.40625,3316701.40625,3316701.40625,1273651740,424550580,106137645.0,424550580,212275226.0,424550540,4245505.8,166490423.52941176,424550580,424550580,2122752.9,2122752.9,2122752.9,2122752.9,2122752.9,2122752.9,2122752.9,2122752.9,424550580,424550580,424550580,424550580,424550580,424550580,33539495.82,4245505800,12956.255493164062,12956.255493164062,12956.255493164062,12956.255493164062,12956.255493164062,12956.255493164062,12956.255493164062,12956.255493164062,166490423.52941176,331680040.625,166490423.52941176,166490423.52941176,424550580,424550580,106137645.0,424550580,0.19769287109375,0.19769287109375,0.19769287109375,0.19769287109375,0.19769287109375,0.19769287109375,0.19769287109375,0.19769287109375,42455018.0,42455018.0,42455018.0,42455018.0,424550580,424550580,424550.58,166490423.52941176,12956.255493164062,166490423.52941176,424550540,166490423.52941176,166490423.52941176,166490423.52941176,166490423.52941176,166490423.52941176,166490423.52941176,424550580,424550580,424550580,4245505800,424550580,166490423.52941176,2122752.9,424550580,3316701.40625,3316701.40625,3316701.40625,3316701.40625,4245505800,166490423.52941176,166490423.52941176,424550540,3316591.40625,21227529.0,424550580,424550580,424550455,424550455,424550580,166490423.52941176,424550580,424550580,424550580,424550580,424550580,424550580,424550580,424550580,424550580,424550580,424550580,424550580,424550580,424550580,424550580,424550580,424550580,424550580,424550580,424550580,424550580,424550580,424550580,424550580,
2025-06-02 01:08:51.006630,424556635,424556635,424556635,424556635,166492798.03921568,424556595,3316748.7109375,3316748.7109375,3316748.7109375,3316748.7109375,1273669905,424556635,106139158.75,424556635,212278253.5,424556595,4245566.35,166492798.03921568,424556635,424556635,2122783.175,2122783.175,2122783.175,2122783.175,2122783.175,2122783.175,2122783.175,2122783.175,424556635,424556635,424556635,424556635,424556635,424556635,33539974.165,4245566350,12956.44027709961,12956.44027709961,12956.44027709961,12956.44027709961,12956.44027709961,12956.44027709961,12956.44027709961,12956.44027709961,166492798.03921568,331684771.09375,166492798.03921568,166492798.03921568,424556635,424556635,106139158.75,424556635,0.19769287109375,0.19769287109375,0.19769287109375,0.19769287109375,0.19769287109375,0.19769287109375,0.19769287109375,0.19769287109375,42455623.5,42455623.5,42455623.5,42455623.5,424556635,424556635,424556.635,166492798.03921568,12956.44027709961,166492798.03921568,424556595,166492798.03921568,166492798.03921568,166492798.03921568,166492798.03921568,166492798.03921568,166492798.03921568,424556635,424556635,424556635,4245566350,424556635,166492798.03921568,2122783.175,424556635,3316748.7109375,3316748.7109375,3316748.7109375,3316748.7109375,4245566350,166492798.03921568,166492798.03921568,424556595,3316638.7109375,21227831.75,424556635,424556635,424556510,424556510,424556635,166492798.03921568,424556635,424556635,424556635,424556635,424556635,424556635,424556635,424556635,424556635,424556635,424556635,424556635,424556635,424556635,424556635,424556635,424556635,424556635,424556635,424556635,424556635,424556635,424556635,424556635,
2025-06-02 01:08:51.050629,424563602,424563602,424563602,424563602,166495530.19607842,424563562,3316803.140625,3316803.140625,3316803.140625,3316803.140625,1273690806,424563602,106140900.5,424563602,212281737.0,424563562,4245636.02,166495530.19607842,424563602,424563602,2122818.01,2122818.01,2122818.01,2122818.01,2122818.01,2122818.01,2122818.01,2122818.01,424563602,424563602,424563602,424563602,424563602,424563602,33540524.558000002,4245636020,12956.652893066406,12956.652893066406,12956.652893066406,12956.652893066406,12956.652893066406,12956.652893066406,12956.652893066406,12956.652893066406,166495530.19607842,331690214.0625,166495530.19607842,166495530.19607842,424563602,424563602,106140900.5,424563602,0.19769287109375,0.19769287109375,0.19769287109375,0.19769287109375,0.19769287109375,0.19769287109375,0.19769287109375,0.19769287109375,42456320.2,42456320.2,42456320.2,42456320.2,424563602,424563602,424563.602,166495530.19607842,12956.652893066406,166495530.19607842,424563562,166495530.19607842,166495530.19607842,166495530.19607842,166495530.19607842,166495530.19607842,166495530.19607842,424563602,424563602,424563602,4245636020,424563602,166495530.19607842,2122818.01,424563602,3316803.140625,3316803.140625,3316803.140625,3316803.140625,4245636020,166495530.19607842,166495530.19607842,424563562,3316693.140625,21228180.1,424563602,424563602,424563477,424563477,424563602,166495530.19607842,424563602,424563602,424563602,424563602,424563602,424563602,424563602,424563602,424563602,424563602,424563602,424563602,424563602,424563602,424563602,424563602,424563602,424563602,424563602,424563602,424563602,424563602,424563602,424563602,
2025-06-02 01:08:51.120636,424568612,424568612,424568612,424568612,166497494.9019608,424568572,3316842.28125,3316842.28125,3316842.28125,3316842.28125,1273705836,424568612,106142153.0,424568612,212284242.0,424568572,4245686.12,166497494.9019608,424568612,424568612,2122843.06,2122843.06,2122843.06,2122843.06,2122843.06,2122843.06,2122843.06,2122843.06,424568612,424568612,424568612,424568612,424568612,424568612,33540920.348,4245686120,12956.805786132812,12956.805786132812,12956.805786132812,12956.805786132812,12956.805786132812,12956.805786132812,12956.805786132812,12956.805786132812,166497494.9019608,331694128.125,166497494.9019608,166497494.9019608,424568612,424568612,106142153.0,424568612,0.19769287109375,0.19769287109375,0.19769287109375,0.19769287109375,0.19769287109375,0.19769287109375,0.19769287109375,0.19769287109375,42456821.2,42456821.2,42456821.2,42456821.2,424568612,424568612,424568.612,166497494.9019608,12956.805786132812,166497494.9019608,424568572,166497494.9019608,166497494.9019608,166497494.9019608,166497494.9019608,166497494.9019608,166497494.9019608,424568612,424568612,424568612,4245686120,424568612,166497494.9019608,2122843.06,424568612,3316842.28125,3316842.28125,3316842.28125,3316842.28125,4245686120,166497494.9019608,166497494.9019608,424568572,3316732.28125,21228430.6,424568612,424568612,424568487,424568487,424568612,166497494.9019608,424568612,424568612,424568612,424568612,424568612,424568612,424568612,424568612,424568612,424568612,424568612,424568612,424568612,424568612,424568612,424568612,424568612,424568612,424568612,424568612,424568612,424568612,424568612,424568612,
2025-06-02 01:08:51.179588,424575832,424575832,424575832,424575832,166500326.2745098,424575792,3316898.6875,3316898.6875,3316898.6875,3316898.6875,1273727496,424575832,106143958.0,424575832,212287852.0,424575792,4245758.32,166500326.2745098,424575832,424575832,2122879.16,2122879.16,2122879.16,2122879.16,2122879.16,2122879.16,2122879.16,2122879.16,424575832,424575832,424575832,424575832,424575832,424575832,33541490.728,4245758320,12957.026123046875,12957.026123046875,12957.026123046875,12957.026123046875,12957.026123046875,12957.026123046875,12957.026123046875,12957.026123046875,166500326.2745098,331699768.75,166500326.2745098,166500326.2745098,424575832,424575832,106143958.0,424575832,0.19769287109375,0.19769287109375,0.19769287109375,0.19769287109375,0.19769287109375,0.19769287109375,0.19769287109375,0.19769287109375,42457543.2,42457543.2,42457543.2,42457543.2,424575832,424575832,424575.832,166500326.2745098,12957.026123046875,166500326.2745098,424575792,166500326.2745098,166500326.2745098,166500326.2745098,166500326.2745098,166500326.2745098,166500326.2745098,424575832,424575832,424575832,4245758320,424575832,166500326.2745098,2122879.16,424575832,3316898.6875,3316898.6875,3316898.6875,3316898.6875,4245758320,166500326.2745098,166500326.2745098,424575792,3316788.6875,21228791.6,424575832,424575832,424575707,424575707,424575832,166500326.2745098,424575832,424575832,424575832,424575832,424575832,424575832,424575832,424575832,424575832,424575832,424575832,424575832,424575832,424575832,424575832,424575832,424575832,424575832,424575832,424575832,424575832,424575832,424575832,424575832,
2025-06-02 01:08:51.246867,424582916,424582916,424582916,424582916,166503104.3137255,424582876,3316954.03125,3316954.03125,3316954.03125,3316954.03125,1273748748,424582916,106145729.0,424582916,212291394.0,424582876,4245829.16,166503104.3137255,424582916,424582916,2122914.58,2122914.58,2122914.58,2122914.58,2122914.58,2122914.58,2122914.58,2122914.58,424582916,424582916,424582916,424582916,424582916,424582916,33542050.364,4245829160,12957.242309570312,12957.242309570312,12957.242309570312,12957.242309570312,12957.242309570312,12957.242309570312,12957.242309570312,12957.242309570312,166503104.3137255,331705303.125,166503104.3137255,166503104.3137255,424582916,424582916,106145729.0,424582916,0.19769287109375,0.19769287109375,0.19769287109375,0.19769287109375,0.19769287109375,0.19769287109375,0.19769287109375,0.19769287109375,42458251.6,42458251.6,42458251.6,42458251.6,424582916,424582916,424582.916,166503104.3137255,12957.242309570312,166503104.3137255,424582876,166503104.3137255,166503104.3137255,166503104.3137255,166503104.3137255,166503104.3137255,166503104.3137255,424582916,424582916,424582916,4245829160,424582916,166503104.3137255,2122914.58,424582916,3316954.03125,3316954.03125,3316954.03125,3316954.03125,4245829160,166503104.3137255,166503104.3137255,424582876,3316844.03125,21229145.8,424582916,424582916,424582791,424582791,424582916,166503104.3137255,424582916,424582916,424582916,424582916,424582916,424582916,424582916,424582916,424582916,424582916,424582916,424582916,424582916,424582916,424582916,424582916,424582916,424582916,424582916,424582916,424582916,424582916,424582916,424582916,
2025-06-02 01:08:51.310571,424588365,424588365,424588365,424588365,166505241.17647058,424588325,3316996.6015625,3316996.6015625,3316996.6015625,3316996.6015625,1273765095,424588365,106147091.25,424588365,212294118.5,424588325,4245883.65,166505241.17647058,424588365,424588365,2122941.825,2122941.825,2122941.825,2122941.825,2122941.825,2122941.825,2122941.825,2122941.825,424588365,424588365,424588365,424588365,424588365,424588365,33542480.835,4245883650,12957.408599853516,12957.408599853516,12957.408599853516,12957.408599853516,12957.408599853516,12957.408599853516,12957.408599853516,12957.408599853516,166505241.17647058,331709560.15625,166505241.17647058,166505241.17647058,424588365,424588365,106147091.25,424588365,0.19769287109375,0.19769287109375,0.19769287109375,0.19769287109375,0.19769287109375,0.19769287109375,0.19769287109375,0.19769287109375,42458796.5,42458796.5,42458796.5,42458796.5,424588365,424588365,424588.365,166505241.17647058,12957.408599853516,166505241.17647058,424588325,166505241.17647058,166505241.17647058,166505241.17647058,166505241.17647058,166505241.17647058,166505241.17647058,424588365,424588365,424588365,4245883650,424588365,166505241.17647058,2122941.825,424588365,3316996.6015625,3316996.6015625,3316996.6015625,3316996.6015625,4245883650,166505241.17647058,166505241.17647058,424588325,3316886.6015625,21229418.25,424588365,424588365,424588240,424588240,424588365,166505241.17647058,424588365,424588365,424588365,424588365,424588365,424588365,424588365,424588365,424588365,424588365,424588365,424588365,424588365,424588365,424588365,424588365,424588365,424588365,424588365,424588365,424588365,424588365,424588365,424588365,
2025-06-02 01:08:51.391489,424595950,424595950,424595950,424595950,166508215.6862745,424595910,3317055.859375,3317055.859375,3317055.859375,3317055.859375,1273787850,424595950,106148987.5,424595950,212297911.0,424595910,4245959.5,166508215.6862745,424595950,424595950,2122979.75,2122979.75,2122979.75,2122979.75,2122979.75,2122979.75,2122979.75,2122979.75,424595950,424595950,424595950,424595950,424595950,424595950,33543080.05,4245959500,12957.640075683594,12957.640075683594,12957.640075683594,12957.640075683594,12957.640075683594,12957.640075683594,12957.640075683594,12957.640075683594,166508215.6862745,331715485.9375,166508215.6862745,166508215.6862745,424595950,424595950,106148987.5,424595950,0.19769287109375,0.19769287109375,0.19769287109375,0.19769287109375,0.19769287109375,0.19769287109375,0.19769287109375,0.19769287109375,42459555.0,42459555.0,42459555.0,42459555.0,424595950,424595950,424595.95,166508215.6862745,12957.640075683594,166508215.6862745,424595910,166508215.6862745,166508215.6862745,166508215.6862745,166508215.6862745,166508215.6862745,166508215.6862745,424595950,424595950,424595950,4245959500,424595950,166508215.6862745,2122979.75,424595950,3317055.859375,3317055.859375,3317055.859375,3317055.859375,4245959500,166508215.6862745,166508215.6862745,424595910,3316945.859375,21229797.5,424595950,424595950,424595825,424595825,424595950,166508215.6862745,424595950,424595950,424595950,424595950,424595950,424595950,424595950,424595950,424595950,424595950,424595950,424595950,424595950,424595950,424595950,424595950,424595950,424595950,424595950,424595950,424595950,424595950,424595950,424595950,
2025-06-02 01:08:51.440647,424602727,424602727,424602727,424602727,166510873.33333334,424602687,3317108.8046875,3317108.8046875,3317108.8046875,3317108.8046875,1273808181,424602727,106150681.75,424602727,212301299.5,424602687,4246027.27,166510873.33333334,424602727,424602727,2123013.635,2123013.635,2123013.635,2123013.635,2123013.635,2123013.635,2123013.635,2123013.635,424602727,424602727,424602727,424602727,424602727,424602727,33543615.433000002,4246027270,12957.846893310547,12957.846893310547,12957.846893310547,12957.846893310547,12957.846893310547,12957.846893310547,12957.846893310547,12957.846893310547,166510873.33333334,331720780.46875,166510873.33333334,166510873.33333334,424602727,424602727,106150681.75,424602727,0.19769287109375,0.19769287109375,0.19769287109375,0.19769287109375,0.19769287109375,0.19769287109375,0.19769287109375,0.19769287109375,42460232.7,42460232.7,42460232.7,42460232.7,424602727,424602727,424602.727,166510873.33333334,12957.846893310547,166510873.33333334,424602687,166510873.33333334,166510873.33333334,166510873.33333334,166510873.33333334,166510873.33333334,166510873.33333334,424602727,424602727,424602727,4246027270,424602727,166510873.33333334,2123013.635,424602727,3317108.8046875,3317108.8046875,3317108.8046875,3317108.8046875,4246027270,166510873.33333334,166510873.33333334,424602687,3316998.8046875,21230136.35,424602727,424602727,424602602,424602602,424602727,166510873.33333334,424602727,424602727,424602727,424602727,424602727,424602727,424602727,424602727,424602727,424602727,424602727,424602727,424602727,424602727,424602727,424602727,424602727,424602727,424602727,424602727,424602727,424602727,424602727,424602727,
2025-06-02 01:08:51.507945,424608577,424608577,424608577,424608577,166513167.4509804,424608537,3317154.5078125,3317154.5078125,3317154.5078125,3317154.5078125,1273825731,424608577,106152144.25,424608577,212304224.5,424608537,4246085.77,166513167.4509804,424608577,424608577,2123042.885,2123042.885,2123042.885,2123042.885,2123042.885,2123042.885,2123042.885,2123042.885,424608577,424608577,424608577,424608577,424608577,424608577,33544077.583,4246085770,12958.025421142578,12958.025421142578,12958.025421142578,12958.025421142578,12958.025421142578,12958.025421142578,12958.025421142578,12958.025421142578,166513167.4509804,331725350.78125,166513167.4509804,166513167.4509804,424608577,424608577,106152144.25,424608577,0.197723388671875,0.197723388671875,0.197723388671875,0.197723388671875,0.197723388671875,0.197723388671875,0.197723388671875,0.197723388671875,42460817.7,42460817.7,42460817.7,42460817.7,424608577,424608577,424608.577,166513167.4509804,12958.025421142578,166513167.4509804,424608537,166513167.4509804,166513167.4509804,166513167.4509804,166513167.4509804,166513167.4509804,166513167.4509804,424608577,424608577,424608577,4246085770,424608577,166513167.4509804,2123042.885,424608577,3317154.5078125,3317154.5078125,3317154.5078125,3317154.5078125,4246085770,166513167.4509804,166513167.4509804,424608537,3317044.5078125,21230428.85,424608577,424608577,424608452,424608452,424608577,166513167.4509804,424608577,424608577,424608577,424608577,424608577,424608577,424608577,424608577,424608577,424608577,424608577,424608577,424608577,424608577,424608577,424608577,424608577,424608577,424608577,424608577,424608577,424608577,424608577,424608577,
2025-06-02 01:08:51.576381,424614943,424614943,424614943,424614943,166515663.92156863,424614903,3317204.2421875,3317204.2421875,3317204.2421875,3317204.2421875,1273844829,424614943,106153735.75,424614943,212307407.5,424614903,4246149.43,166515663.92156863,424614943,424614943,2123074.715,2123074.715,2123074.715,2123074.715,2123074.715,2123074.715,2123074.715,2123074.715,424614943,424614943,424614943,424614943,424614943,424614943,33544580.497,4246149430,12958.219696044922,12958.219696044922,12958.219696044922,12958.219696044922,12958.219696044922,12958.219696044922,12958.219696044922,12958.219696044922,166515663.92156863,331730324.21875,166515663.92156863,166515663.92156863,424614943,424614943,106153735.75,424614943,0.197723388671875,0.197723388671875,0.197723388671875,0.197723388671875,0.197723388671875,0.197723388671875,0.197723388671875,0.197723388671875,42461454.3,42461454.3,42461454.3,42461454.3,424614943,424614943,424614.943,166515663.92156863,12958.219696044922,166515663.92156863,424614903,166515663.92156863,166515663.92156863,166515663.92156863,166515663.92156863,166515663.92156863,166515663.92156863,424614943,424614943,424614943,4246149430,424614943,166515663.92156863,2123074.715,424614943,3317204.2421875,3317204.2421875,3317204.2421875,3317204.2421875,4246149430,166515663.92156863,166515663.92156863,424614903,3317094.2421875,21230747.15,424614943,424614943,424614818,424614818,424614943,166515663.92156863,424614943,424614943,424614943,424614943,424614943,424614943,424614943,424614943,424614943,424614943,424614943,424614943,424614943,424614943,424614943,424614943,424614943,424614943,424614943,424614943,424614943,424614943,424614943,424614943,
2025-06-02 01:08:51.631590,424622123,424622123,424622123,424622123,166518479.60784313,424622083,3317260.3359375,3317260.3359375,3317260.3359375,3317260.3359375,1273866369,424622123,106155530.75,424622123,212310997.5,424622083,4246221.23,166518479.60784313,424622123,424622123,2123110.615,2123110.615,2123110.615,2123110.615,2123110.615,2123110.615,2123110.615,2123110.615,424622123,424622123,424622123,424622123,424622123,424622123,33545147.717,4246221230,12958.43881225586,12958.43881225586,12958.43881225586,12958.43881225586,12958.43881225586,12958.43881225586,12958.43881225586,12958.43881225586,166518479.60784313,331735933.59375,166518479.60784313,166518479.60784313,424622123,424622123,106155530.75,424622123,0.197723388671875,0.197723388671875,0.197723388671875,0.197723388671875,0.197723388671875,0.197723388671875,0.197723388671875,0.197723388671875,42462172.3,42462172.3,42462172.3,42462172.3,424622123,424622123,424622.123,166518479.60784313,12958.43881225586,166518479.60784313,424622083,166518479.60784313,166518479.60784313,166518479.60784313,166518479.60784313,166518479.60784313,166518479.60784313,424622123,424622123,424622123,4246221230,424622123,166518479.60784313,2123110.615,424622123,3317260.3359375,3317260.3359375,3317260.3359375,3317260.3359375,4246221230,166518479.60784313,166518479.60784313,424622083,3317150.3359375,21231106.15,424622123,424622123,424621998,424621998,424622123,166518479.60784313,424622123,424622123,424622123,424622123,424622123,424622123,424622123,424622123,424622123,424622123,424622123,424622123,424622123,424622123,424622123,424622123,424622123,424622123,424622123,424622123,424622123,424622123,424622123,424622123,
2025-06-02 01:08:51.694697,424627773,424627773,424627773,424627773,166520695.29411766,424627733,3317304.4765625,3317304.4765625,3317304.4765625,3317304.4765625,1273883319,424627773,106156943.25,424627773,212313822.5,424627733,4246277.73,166520695.29411766,424627773,424627773,2123138.865,2123138.865,2123138.865,2123138.865,2123138.865,2123138.865,2123138.865,2123138.865,424627773,424627773,424627773,424627773,424627773,424627773,33545594.067,4246277730,12958.611236572266,12958.611236572266,12958.611236572266,12958.611236572266,12958.611236572266,12958.611236572266,12958.611236572266,12958.611236572266,166520695.29411766,331740347.65625,166520695.29411766,166520695.29411766,424627773,424627773,106156943.25,424627773,0.197723388671875,0.197723388671875,0.197723388671875,0.197723388671875,0.197723388671875,0.197723388671875,0.197723388671875,0.197723388671875,42462737.3,42462737.3,42462737.3,42462737.3,424627773,424627773,424627.773,166520695.29411766,12958.611236572266,166520695.29411766,424627733,166520695.29411766,166520695.29411766,166520695.29411766,166520695.29411766,166520695.29411766,166520695.29411766,424627773,424627773,424627773,4246277730,424627773,166520695.29411766,2123138.865,424627773,3317304.4765625,3317304.4765625,3317304.4765625,3317304.4765625,4246277730,166520695.29411766,166520695.29411766,424627733,3317194.4765625,21231388.65,424627773,424627773,424627648,424627648,424627773,166520695.29411766,424627773,424627773,424627773,424627773,424627773,424627773,424627773,424627773,424627773,424627773,424627773,424627773,424627773,424627773,424627773,424627773,424627773,424627773,424627773,424627773,424627773,424627773,424627773,424627773,
2025-06-02 01:08:51.764472,424634240,424634240,424634240,424634240,166523231.372549,424634200,3317355.0,3317355.0,3317355.0,3317355.0,1273902720,424634240,106158560.0,424634240,212317056.0,424634200,4246342.4,166523231.372549,424634240,424634240,2123171.2,2123171.2,2123171.2,2123171.2,2123171.2,2123171.2,2123171.2,2123171.2,424634240,424634240,424634240,424634240,424634240,424634240,33546104.96,4246342400,12958.80859375,12958.80859375,12958.80859375,12958.80859375,12958.80859375,12958.80859375,12958.80859375,12958.80859375,166523231.372549,331745400.0,166523231.372549,166523231.372549,424634240,424634240,106158560.0,424634240,0.197723388671875,0.197723388671875,0.197723388671875,0.197723388671875,0.197723388671875,0.197723388671875,0.197723388671875,0.197723388671875,42463384.0,42463384.0,42463384.0,42463384.0,424634240,424634240,424634.24,166523231.372549,12958.80859375,166523231.372549,424634200,166523231.372549,166523231.372549,166523231.372549,166523231.372549,166523231.372549,166523231.372549,424634240,424634240,424634240,4246342400,424634240,166523231.372549,2123171.2,424634240,3317355.0,3317355.0,3317355.0,3317355.0,4246342400,166523231.372549,166523231.372549,424634200,3317245.0,21231712.0,424634240,424634240,424634115,424634115,424634240,166523231.372549,424634240,424634240,424634240,424634240,424634240,424634240,424634240,424634240,424634240,424634240,424634240,424634240,424634240,424634240,424634240,424634240,424634240,424634240,424634240,424634240,424634240,424634240,424634240,424634240,
2025-06-02 01:08:51.815637,424641632,424641632,424641632,424641632,166526130.19607842,424641592,3317412.75,3317412.75,3317412.75,3317412.75,1273924896,424641632,106160408.0,424641632,212320752.0,424641592,4246416.32,166526130.19607842,424641632,424641632,2123208.16,2123208.16,2123208.16,2123208.16,2123208.16,2123208.16,2123208.16,2123208.16,424641632,424641632,424641632,424641632,424641632,424641632,33546688.928,4246416320,12959.0341796875,12959.0341796875,12959.0341796875,12959.0341796875,12959.0341796875,12959.0341796875,12959.0341796875,12959.0341796875,166526130.19607842,331751175.0,166526130.19607842,166526130.19607842,424641632,424641632,106160408.0,424641632,0.197723388671875,0.197723388671875,0.197723388671875,0.197723388671875,0.197723388671875,0.197723388671875,0.197723388671875,0.197723388671875,42464123.2,42464123.2,42464123.2,42464123.2,424641632,424641632,424641.632,166526130.19607842,12959.0341796875,166526130.19607842,424641592,166526130.19607842,166526130.19607842,166526130.19607842,166526130.19607842,166526130.19607842,166526130.19607842,424641632,424641632,424641632,4246416320,424641632,166526130.19607842,2123208.16,424641632,3317412.75,3317412.75,3317412.75,3317412.75,4246416320,166526130.19607842,166526130.19607842,424641592,3317302.75,21232081.6,424641632,424641632,424641507,424641507,424641632,166526130.19607842,424641632,424641632,424641632,424641632,424641632,424641632,424641632,424641632,424641632,424641632,424641632,424641632,424641632,424641632,424641632,424641632,424641632,424641632,424641632,424641632,424641632,424641632,424641632,424641632,
2025-06-02 01:08:51.889664,424648923,424648923,424648923,424648923,166528989.4117647,424648883,3317469.7109375,3317469.7109375,3317469.7109375,3317469.7109375,1273946769,424648923,106162230.75,424648923,212324397.5,424648883,4246489.23,166528989.4117647,424648923,424648923,2123244.615,2123244.615,2123244.615,2123244.615,2123244.615,2123244.615,2123244.615,2123244.615,424648923,424648923,424648923,424648923,424648923,424648923,33547264.917,4246489230,12959.25668334961,12959.25668334961,12959.25668334961,12959.25668334961,12959.25668334961,12959.25668334961,12959.25668334961,12959.25668334961,166528989.4117647,331756871.09375,166528989.4117647,166528989.4117647,424648923,424648923,106162230.75,424648923,0.197723388671875,0.197723388671875,0.197723388671875,0.197723388671875,0.197723388671875,0.197723388671875,0.197723388671875,0.197723388671875,42464852.3,42464852.3,42464852.3,42464852.3,424648923,424648923,424648.923,166528989.4117647,12959.25668334961,166528989.4117647,424648883,166528989.4117647,166528989.4117647,166528989.4117647,166528989.4117647,166528989.4117647,166528989.4117647,424648923,424648923,424648923,4246489230,424648923,166528989.4117647,2123244.615,424648923,3317469.7109375,3317469.7109375,3317469.7109375,3317469.7109375,4246489230,166528989.4117647,166528989.4117647,424648883,3317359.7109375,21232446.15,424648923,424648923,424648798,424648798,424648923,166528989.4117647,424648923,424648923,424648923,424648923,424648923,424648923,424648923,424648923,424648923,424648923,424648923,424648923,424648923,424648923,424648923,424648923,424648923,424648923,424648923,424648923,424648923,424648923,424648923,424648923,
2025-06-02 01:08:51.961660,424654656,424654656,424654656,424654656,166531237.6470588,424654616,3317514.5,3317514.5,3317514.5,3317514.5,1273963968,424654656,106163664.0,424654656,212327264.0,424654616,4246546.56,166531237.6470588,424654656,424654656,2123273.28,2123273.28,2123273.28,2123273.28,2123273.28,2123273.28,2123273.28,2123273.28,424654656,424654656,424654656,424654656,424654656,424654656,33547717.824,4246546560,12959.431640625,12959.431640625,12959.431640625,12959.431640625,12959.431640625,12959.431640625,12959.431640625,12959.431640625,166531237.6470588,331761350.0,166531237.6470588,166531237.6470588,424654656,424654656,106163664.0,424654656,0.197723388671875,0.197723388671875,0.197723388671875,0.197723388671875,0.197723388671875,0.197723388671875,0.197723388671875,0.197723388671875,42465425.6,42465425.6,42465425.6,42465425.6,424654656,424654656,424654.656,166531237.6470588,12959.431640625,166531237.6470588,424654616,166531237.6470588,166531237.6470588,166531237.6470588,166531237.6470588,166531237.6470588,166531237.6470588,424654656,424654656,424654656,4246546560,424654656,166531237.6470588,2123273.28,424654656,3317514.5,3317514.5,3317514.5,3317514.5,4246546560,166531237.6470588,166531237.6470588,424654616,3317404.5,21232732.8,424654656,424654656,424654531,424654531,424654656,166531237.6470588,424654656,424654656,424654656,424654656,424654656,424654656,424654656,424654656,424654656,424654656,424654656,424654656,424654656,424654656,424654656,424654656,424654656,424654656,424654656,424654656,424654656,424654656,424654656,424654656,
2025-06-02 01:08:52.010677,424662276,424662276,424662276,424662276,166534225.88235295,424662236,3317574.03125,3317574.03125,3317574.03125,3317574.03125,1273986828,424662276,106165569.0,424662276,212331074.0,424662236,4246622.76,166534225.88235295,424662276,424662276,2123311.38,2123311.38,2123311.38,2123311.38,2123311.38,2123311.38,2123311.38,2123311.38,424662276,424662276,424662276,424662276,424662276,424662276,33548319.804,4246622760,12959.664184570312,12959.664184570312,12959.664184570312,12959.664184570312,12959.664184570312,12959.664184570312,12959.664184570312,12959.664184570312,166534225.88235295,331767303.125,166534225.88235295,166534225.88235295,424662276,424662276,106165569.0,424662276,0.197723388671875,0.197723388671875,0.197723388671875,0.197723388671875,0.197723388671875,0.197723388671875,0.197723388671875,0.197723388671875,42466187.6,42466187.6,42466187.6,42466187.6,424662276,424662276,424662.276,166534225.88235295,12959.664184570312,166534225.88235295,424662236,166534225.88235295,166534225.88235295,166534225.88235295,166534225.88235295,166534225.88235295,166534225.88235295,424662276,424662276,424662276,4246622760,424662276,166534225.88235295,2123311.38,424662276,3317574.03125,3317574.03125,3317574.03125,3317574.03125,4246622760,166534225.88235295,166534225.88235295,424662236,3317464.03125,21233113.8,424662276,424662276,424662151,424662151,424662276,166534225.88235295,424662276,424662276,424662276,424662276,424662276,424662276,424662276,424662276,424662276,424662276,424662276,424662276,424662276,424662276,424662276,424662276,424662276,424662276,424662276,424662276,424662276,424662276,424662276,424662276,
2025-06-02 01:08:52.083668,424668563,424668563,424668563,424668563,166536691.37254903,424668523,3317623.1484375,3317623.1484375,3317623.1484375,3317623.1484375,1274005689,424668563,106167140.75,424668563,212334217.5,424668523,4246685.63,166536691.37254903,424668563,424668563,2123342.815,2123342.815,2123342.815,2123342.815,2123342.815,2123342.815,2123342.815,2123342.815,424668563,424668563,424668563,424668563,424668563,424668563,33548816.477,4246685630,12959.856048583984,12959.856048583984,12959.856048583984,12959.856048583984,12959.856048583984,12959.856048583984,12959.856048583984,12959.856048583984,166536691.37254903,331772214.84375,166536691.37254903,166536691.37254903,424668563,424668563,106167140.75,424668563,0.197723388671875,0.197723388671875,0.197723388671875,0.197723388671875,0.197723388671875,0.197723388671875,0.197723388671875,0.197723388671875,42466816.3,42466816.3,42466816.3,42466816.3,424668563,424668563,424668.563,166536691.37254903,12959.856048583984,166536691.37254903,424668523,166536691.37254903,166536691.37254903,166536691.37254903,166536691.37254903,166536691.37254903,166536691.37254903,424668563,424668563,424668563,4246685630,424668563,166536691.37254903,2123342.815,424668563,3317623.1484375,3317623.1484375,3317623.1484375,3317623.1484375,4246685630,166536691.37254903,166536691.37254903,424668523,3317513.1484375,21233428.15,424668563,424668563,424668438,424668438,424668563,166536691.37254903,424668563,424668563,424668563,424668563,424668563,424668563,424668563,424668563,424668563,424668563,424668563,424668563,424668563,424668563,424668563,424668563,424668563,424668563,424668563,424668563,424668563,424668563,424668563,424668563,
2025-06-02 01:08:52.152087,424674821,424674821,424674821,424674821,166539145.49019608,424674781,3317672.0390625,3317672.0390625,3317672.0390625,3317672.0390625,1274024463,424674821,106168705.25,424674821,212337346.5,424674781,4246748.21,166539145.49019608,424674821,424674821,2123374.105,2123374.105,2123374.105,2123374.105,2123374.105,2123374.105,2123374.105,2123374.105,424674821,424674821,424674821,424674821,424674821,424674821,33549310.859,4246748210,12960.04702758789,12960.04702758789,12960.04702758789,12960.04702758789,12960.04702758789,12960.04702758789,12960.04702758789,12960.04702758789,166539145.49019608,331777103.90625,166539145.49019608,166539145.49019608,424674821,424674821,106168705.25,424674821,0.19775390625,0.19775390625,0.19775390625,0.19775390625,0.19775390625,0.19775390625,0.19775390625,0.19775390625,42467442.1,42467442.1,42467442.1,42467442.1,424674821,424674821,424674.821,166539145.49019608,12960.04702758789,166539145.49019608,424674781,166539145.49019608,166539145.49019608,166539145.49019608,166539145.49019608,166539145.49019608,166539145.49019608,424674821,424674821,424674821,4246748210,424674821,166539145.49019608,2123374.105,424674821,3317672.0390625,3317672.0390625,3317672.0390625,3317672.0390625,4246748210,166539145.49019608,166539145.49019608,424674781,3317562.0390625,21233741.05,424674821,424674821,424674696,424674696,424674821,166539145.49019608,424674821,424674821,424674821,424674821,424674821,424674821,424674821,424674821,424674821,424674821,424674821,424674821,424674821,424674821,424674821,424674821,424674821,424674821,424674821,424674821,424674821,424674821,424674821,424674821,
2025-06-02 01:08:52.220670,424681421,424681421,424681421,424681421,166541733.72549018,424681381,3317723.6015625,3317723.6015625,3317723.6015625,3317723.6015625,1274044263,424681421,106170355.25,424681421,212340646.5,424681381,4246814.21,166541733.72549018,424681421,424681421,2123407.105,2123407.105,2123407.105,2123407.105,2123407.105,2123407.105,2123407.105,2123407.105,424681421,424681421,424681421,424681421,424681421,424681421,33549832.259,4246814210,12960.248443603516,12960.248443603516,12960.248443603516,12960.248443603516,12960.248443603516,12960.248443603516,12960.248443603516,12960.248443603516,166541733.72549018,331782260.15625,166541733.72549018,166541733.72549018,424681421,424681421,106170355.25,424681421,0.19775390625,0.19775390625,0.19775390625,0.19775390625,0.19775390625,0.19775390625,0.19775390625,0.19775390625,42468102.1,42468102.1,42468102.1,42468102.1,424681421,424681421,424681.421,166541733.72549018,12960.248443603516,166541733.72549018,424681381,166541733.72549018,166541733.72549018,166541733.72549018,166541733.72549018,166541733.72549018,166541733.72549018,424681421,424681421,424681421,4246814210,424681421,166541733.72549018,2123407.105,424681421,3317723.6015625,3317723.6015625,3317723.6015625,3317723.6015625,4246814210,166541733.72549018,166541733.72549018,424681381,3317613.6015625,21234071.05,424681421,424681421,424681296,424681296,424681421,166541733.72549018,424681421,424681421,424681421,424681421,424681421,424681421,424681421,424681421,424681421,424681421,424681421,424681421,424681421,424681421,424681421,424681421,424681421,424681421,424681421,424681421,424681421,424681421,424681421,424681421,
2025-06-02 01:08:52.273769,424688110,424688110,424688110,424688110,166544356.8627451,424688070,3317775.859375,3317775.859375,3317775.859375,3317775.859375,1274064330,424688110,106172027.5,424688110,212343991.0,424688070,4246881.1,166544356.8627451,424688110,424688110,2123440.55,2123440.55,2123440.55,2123440.55,2123440.55,2123440.55,2123440.55,2123440.55,424688110,424688110,424688110,424688110,424688110,424688110,33550360.69,4246881100,12960.452575683594,12960.452575683594,12960.452575683594,12960.452575683594,12960.452575683594,12960.452575683594,12960.452575683594,12960.452575683594,166544356.8627451,331787485.9375,166544356.8627451,166544356.8627451,424688110,424688110,106172027.5,424688110,0.19775390625,0.19775390625,0.19775390625,0.19775390625,0.19775390625,0.19775390625,0.19775390625,0.19775390625,42468771.0,42468771.0,42468771.0,42468771.0,424688110,424688110,424688.11,166544356.8627451,12960.452575683594,166544356.8627451,424688070,166544356.8627451,166544356.8627451,166544356.8627451,166544356.8627451,166544356.8627451,166544356.8627451,424688110,424688110,424688110,4246881100,424688110,166544356.8627451,2123440.55,424688110,3317775.859375,3317775.859375,3317775.859375,3317775.859375,4246881100,166544356.8627451,166544356.8627451,424688070,3317665.859375,21234405.5,424688110,424688110,424687985,424687985,424688110,166544356.8627451,424688110,424688110,424688110,424688110,424688110,424688110,424688110,424688110,424688110,424688110,424688110,424688110,424688110,424688110,424688110,424688110,424688110,424688110,424688110,424688110,424688110,424688110,424688110,424688110,
2025-06-02 01:08:52.333679,424693472,424693472,424693472,424693472,166546459.60784316,424693432,3317817.75,3317817.75,3317817.75,3317817.75,1274080416,424693472,106173368.0,424693472,212346672.0,424693432,4246934.72,166546459.60784316,424693472,424693472,2123467.36,2123467.36,2123467.36,2123467.36,2123467.36,2123467.36,2123467.36,2123467.36,424693472,424693472,424693472,424693472,424693472,424693472,33550784.288,4246934720,12960.6162109375,12960.6162109375,12960.6162109375,12960.6162109375,12960.6162109375,12960.6162109375,12960.6162109375,12960.6162109375,166546459.60784316,331791675.0,166546459.60784316,166546459.60784316,424693472,424693472,106173368.0,424693472,0.19775390625,0.19775390625,0.19775390625,0.19775390625,0.19775390625,0.19775390625,0.19775390625,0.19775390625,42469307.2,42469307.2,42469307.2,42469307.2,424693472,424693472,424693.472,166546459.60784316,12960.6162109375,166546459.60784316,424693432,166546459.60784316,166546459.60784316,166546459.60784316,166546459.60784316,166546459.60784316,166546459.60784316,424693472,424693472,424693472,4246934720,424693472,166546459.60784316,2123467.36,424693472,3317817.75,3317817.75,3317817.75,3317817.75,4246934720,166546459.60784316,166546459.60784316,424693432,3317707.75,21234673.6,424693472,424693472,424693347,424693347,424693472,166546459.60784316,424693472,424693472,424693472,424693472,424693472,424693472,424693472,424693472,424693472,424693472,424693472,424693472,424693472,424693472,424693472,424693472,424693472,424693472,424693472,424693472,424693472,424693472,424693472,424693472,
2025-06-02 01:08:52.383676,424700042,424700042,424700042,424700042,166549036.07843137,424700002,3317869.078125,3317869.078125,3317869.078125,3317869.078125,1274100126,424700042,106175010.5,424700042,212349957.0,424700002,4247000.42,166549036.07843137,424700042,424700042,2123500.21,2123500.21,2123500.21,2123500.21,2123500.21,2123500.21,2123500.21,2123500.21,424700042,424700042,424700042,424700042,424700042,424700042,33551303.318,4247000420,12960.816711425781,12960.816711425781,12960.816711425781,12960.816711425781,12960.816711425781,12960.816711425781,12960.816711425781,12960.816711425781,166549036.07843137,331796807.8125,166549036.07843137,166549036.07843137,424700042,424700042,106175010.5,424700042,0.19775390625,0.19775390625,0.19775390625,0.19775390625,0.19775390625,0.19775390625,0.19775390625,0.19775390625,42469964.2,42469964.2,42469964.2,42469964.2,424700042,424700042,424700.042,166549036.07843137,12960.816711425781,166549036.07843137,424700002,166549036.07843137,166549036.07843137,166549036.07843137,166549036.07843137,166549036.07843137,166549036.07843137,424700042,424700042,424700042,4247000420,424700042,166549036.07843137,2123500.21,424700042,3317869.078125,3317869.078125,3317869.078125,3317869.078125,4247000420,166549036.07843137,166549036.07843137,424700002,3317759.078125,21235002.1,424700042,424700042,424699917,424699917,424700042,166549036.07843137,424700042,424700042,424700042,424700042,424700042,424700042,424700042,424700042,424700042,424700042,424700042,424700042,424700042,424700042,424700042,424700042,424700042,424700042,424700042,424700042,424700042,424700042,424700042,424700042,
2025-06-02 01:08:52.444394,424704783,424704783,424704783,424704783,166550895.29411766,424704743,3317906.1171875,3317906.1171875,3317906.1171875,3317906.1171875,1274114349,424704783,106176195.75,424704783,212352327.5,424704743,4247047.83,166550895.29411766,424704783,424704783,2123523.915,2123523.915,2123523.915,2123523.915,2123523.915,2123523.915,2123523.915,2123523.915,424704783,424704783,424704783,424704783,424704783,424704783,33551677.857,4247047830,12960.961395263672,12960.961395263672,12960.961395263672,12960.961395263672,12960.961395263672,12960.961395263672,12960.961395263672,12960.961395263672,166550895.29411766,331800511.71875,166550895.29411766,166550895.29411766,424704783,424704783,106176195.75,424704783,0.19775390625,0.19775390625,0.19775390625,0.19775390625,0.19775390625,0.19775390625,0.19775390625,0.19775390625,42470438.3,42470438.3,42470438.3,42470438.3,424704783,424704783,424704.783,166550895.29411766,12960.961395263672,166550895.29411766,424704743,166550895.29411766,166550895.29411766,166550895.29411766,166550895.29411766,166550895.29411766,166550895.29411766,424704783,424704783,424704783,4247047830,424704783,166550895.29411766,2123523.915,424704783,3317906.1171875,3317906.1171875,3317906.1171875,3317906.1171875,4247047830,166550895.29411766,166550895.29411766,424704743,3317796.1171875,21235239.15,424704783,424704783,424704658,424704658,424704783,166550895.29411766,424704783,424704783,424704783,424704783,424704783,424704783,424704783,424704783,424704783,424704783,424704783,424704783,424704783,424704783,424704783,424704783,424704783,424704783,424704783,424704783,424704783,424704783,424704783,424704783,
2025-06-02 01:08:52.517304,424711537,424711537,424711537,424711537,166553543.92156863,424711497,3317958.8828125,3317958.8828125,3317958.8828125,3317958.8828125,1274134611,424711537,106177884.25,424711537,212355704.5,424711497,4247115.37,166553543.92156863,424711537,424711537,2123557.685,2123557.685,2123557.685,2123557.685,2123557.685,2123557.685,2123557.685,2123557.685,424711537,424711537,424711537,424711537,424711537,424711537,33552211.423,4247115370,12961.167510986328,12961.167510986328,12961.167510986328,12961.167510986328,12961.167510986328,12961.167510986328,12961.167510986328,12961.167510986328,166553543.92156863,331805788.28125,166553543.92156863,166553543.92156863,424711537,424711537,106177884.25,424711537,0.19775390625,0.19775390625,0.19775390625,0.19775390625,0.19775390625,0.19775390625,0.19775390625,0.19775390625,42471113.7,42471113.7,42471113.7,42471113.7,424711537,424711537,424711.537,166553543.92156863,12961.167510986328,166553543.92156863,424711497,166553543.92156863,166553543.92156863,166553543.92156863,166553543.92156863,166553543.92156863,166553543.92156863,424711537,424711537,424711537,4247115370,424711537,166553543.92156863,2123557.685,424711537,3317958.8828125,3317958.8828125,3317958.8828125,3317958.8828125,4247115370,166553543.92156863,166553543.92156863,424711497,3317848.8828125,21235576.85,424711537,424711537,424711412,424711412,424711537,166553543.92156863,424711537,424711537,424711537,424711537,424711537,424711537,424711537,424711537,424711537,424711537,424711537,424711537,424711537,424711537,424711537,424711537,424711537,424711537,424711537,424711537,424711537,424711537,424711537,424711537,
2025-06-02 01:08:52.567698,424718929,424718929,424718929,424718929,166556442.74509802,424718889,3318016.6328125,3318016.6328125,3318016.6328125,3318016.6328125,1274156787,424718929,106179732.25,424718929,212359400.5,424718889,4247189.29,166556442.74509802,424718929,424718929,2123594.645,2123594.645,2123594.645,2123594.645,2123594.645,2123594.645,2123594.645,2123594.645,424718929,424718929,424718929,424718929,424718929,424718929,33552795.391,4247189290,12961.393096923828,12961.393096923828,12961.393096923828,12961.393096923828,12961.393096923828,12961.393096923828,12961.393096923828,12961.393096923828,166556442.74509802,331811563.28125,166556442.74509802,166556442.74509802,424718929,424718929,106179732.25,424718929,0.19775390625,0.19775390625,0.19775390625,0.19775390625,0.19775390625,0.19775390625,0.19775390625,0.19775390625,42471852.9,42471852.9,42471852.9,42471852.9,424718929,424718929,424718.929,166556442.74509802,12961.393096923828,166556442.74509802,424718889,166556442.74509802,166556442.74509802,166556442.74509802,166556442.74509802,166556442.74509802,166556442.74509802,424718929,424718929,424718929,4247189290,424718929,166556442.74509802,2123594.645,424718929,3318016.6328125,3318016.6328125,3318016.6328125,3318016.6328125,4247189290,166556442.74509802,166556442.74509802,424718889,3317906.6328125,21235946.45,424718929,424718929,424718804,424718804,424718929,166556442.74509802,424718929,424718929,424718929,424718929,424718929,424718929,424718929,424718929,424718929,424718929,424718929,424718929,424718929,424718929,424718929,424718929,424718929,424718929,424718929,424718929,424718929,424718929,424718929,424718929,
2025-06-02 01:08:52.624844,424723853,424723853,424723853,424723853,166558373.7254902,424723813,3318055.1015625,3318055.1015625,3318055.1015625,3318055.1015625,1274171559,424723853,106180963.25,424723853,212361862.5,424723813,4247238.53,166558373.7254902,424723853,424723853,2123619.265,2123619.265,2123619.265,2123619.265,2123619.265,2123619.265,2123619.265,2123619.265,424723853,424723853,424723853,424723853,424723853,424723853,33553184.387000002,4247238530,12961.543365478516,12961.543365478516,12961.543365478516,12961.543365478516,12961.543365478516,12961.543365478516,12961.543365478516,12961.543365478516,166558373.7254902,331815410.15625,166558373.7254902,166558373.7254902,424723853,424723853,106180963.25,424723853,0.19775390625,0.19775390625,0.19775390625,0.19775390625,0.19775390625,0.19775390625,0.19775390625,0.19775390625,42472345.3,42472345.3,42472345.3,42472345.3,424723853,424723853,424723.853,166558373.7254902,12961.543365478516,166558373.7254902,424723813,166558373.7254902,166558373.7254902,166558373.7254902,166558373.7254902,166558373.7254902,166558373.7254902,424723853,424723853,424723853,4247238530,424723853,166558373.7254902,2123619.265,424723853,3318055.1015625,3318055.1015625,3318055.1015625,3318055.1015625,4247238530,166558373.7254902,166558373.7254902,424723813,3317945.1015625,21236192.65,424723853,424723853,424723728,424723728,424723853,166558373.7254902,424723853,424723853,424723853,424723853,424723853,424723853,424723853,424723853,424723853,424723853,424723853,424723853,424723853,424723853,424723853,424723853,424723853,424723853,424723853,424723853,424723853,424723853,424723853,424723853,
2025-06-02 01:08:52.679929,424730012,424730012,424730012,424730012,166560789.01960784,424729972,3318103.21875,3318103.21875,3318103.21875,3318103.21875,1274190036,424730012,106182503.0,424730012,212364942.0,424729972,4247300.12,166560789.01960784,424730012,424730012,2123650.06,2123650.06,2123650.06,2123650.06,2123650.06,2123650.06,2123650.06,2123650.06,424730012,424730012,424730012,424730012,424730012,424730012,33553670.948,4247300120,12961.731323242188,12961.731323242188,12961.731323242188,12961.731323242188,12961.731323242188,12961.731323242188,12961.731323242188,12961.731323242188,166560789.01960784,331820221.875,166560789.01960784,166560789.01960784,424730012,424730012,106182503.0,424730012,0.19775390625,0.19775390625,0.19775390625,0.19775390625,0.19775390625,0.19775390625,0.19775390625,0.19775390625,42472961.2,42472961.2,42472961.2,42472961.2,424730012,424730012,424730.012,166560789.01960784,12961.731323242188,166560789.01960784,424729972,166560789.01960784,166560789.01960784,166560789.01960784,166560789.01960784,166560789.01960784,166560789.01960784,424730012,424730012,424730012,4247300120,424730012,166560789.01960784,2123650.06,424730012,3318103.21875,3318103.21875,3318103.21875,3318103.21875,4247300120,166560789.01960784,166560789.01960784,424729972,3317993.21875,21236500.6,424730012,424730012,424729887,424729887,424730012,166560789.01960784,424730012,424730012,424730012,424730012,424730012,424730012,424730012,424730012,424730012,424730012,424730012,424730012,424730012,424730012,424730012,424730012,424730012,424730012,424730012,424730012,424730012,424730012,424730012,424730012,
2025-06-02 01:08:52.749702,424800780,424800780,424800780,424800780,166588541.17647058,424800740,3318656.09375,3318656.09375,3318656.09375,3318656.09375,1274402340,424800780,106200195.0,424800780,212400326.0,424800740,4248007.8,166588541.17647058,424800780,424800780,2124003.9,2124003.9,2124003.9,2124003.9,2124003.9,2124003.9,2124003.9,2124003.9,424800780,424800780,424800780,424800780,424800780,424800780,33559261.62,4248007800,12963.890991210938,12963.890991210938,12963.890991210938,12963.890991210938,12963.890991210938,12963.890991210938,12963.890991210938,12963.890991210938,166588541.17647058,331875509.375,166588541.17647058,166588541.17647058,424800780,424800780,106200195.0,424800780,0.197784423828125,0.197784423828125,0.197784423828125,0.197784423828125,0.197784423828125,0.197784423828125,0.197784423828125,0.197784423828125,42480038.0,42480038.0,42480038.0,42480038.0,424800780,424800780,424800.78,166588541.17647058,12963.890991210938,166588541.17647058,424800740,166588541.17647058,166588541.17647058,166588541.17647058,166588541.17647058,166588541.17647058,166588541.17647058,424800780,424800780,424800780,4248007800,424800780,166588541.17647058,2124003.9,424800780,3318656.09375,3318656.09375,3318656.09375,3318656.09375,4248007800,166588541.17647058,166588541.17647058,424800740,3318546.09375,21240039.0,424800780,424800780,424800655,424800655,424800780,166588541.17647058,424800780,424800780,424800780,424800780,424800780,424800780,424800780,424800780,424800780,424800780,424800780,424800780,424800780,424800780,424800780,424800780,424800780,424800780,424800780,424800780,424800780,424800780,424800780,424800780,
2025-06-02 01:08:52.801416,424742843,424742843,424742843,424742843,166565820.7843137,424742803,3318203.4609375,3318203.4609375,3318203.4609375,3318203.4609375,1274228529,424742843,106185710.75,424742843,212371357.5,424742803,4247428.43,166565820.7843137,424742843,424742843,2123714.215,2123714.215,2123714.215,2123714.215,2123714.215,2123714.215,2123714.215,2123714.215,424742843,424742843,424742843,424742843,424742843,424742843,33554684.597,4247428430,12962.12289428711,12962.12289428711,12962.12289428711,12962.12289428711,12962.12289428711,12962.12289428711,12962.12289428711,12962.12289428711,166565820.7843137,331830246.09375,166565820.7843137,166565820.7843137,424742843,424742843,106185710.75,424742843,0.197784423828125,0.197784423828125,0.197784423828125,0.197784423828125,0.197784423828125,0.197784423828125,0.197784423828125,0.197784423828125,42474244.3,42474244.3,42474244.3,42474244.3,424742843,424742843,424742.843,166565820.7843137,12962.12289428711,166565820.7843137,424742803,166565820.7843137,166565820.7843137,166565820.7843137,166565820.7843137,166565820.7843137,166565820.7843137,424742843,424742843,424742843,4247428430,424742843,166565820.7843137,2123714.215,424742843,3318203.4609375,3318203.4609375,3318203.4609375,3318203.4609375,4247428430,166565820.7843137,166565820.7843137,424742803,3318093.4609375,21237142.15,424742843,424742843,424742718,424742718,424742843,166565820.7843137,424742843,424742843,424742843,424742843,424742843,424742843,424742843,424742843,424742843,424742843,424742843,424742843,424742843,424742843,424742843,424742843,424742843,424742843,424742843,424742843,424742843,424742843,424742843,424742843,
2025-06-02 01:08:52.858713,424748796,424748796,424748796,424748796,166568155.29411766,424748756,3318249.96875,3318249.96875,3318249.96875,3318249.96875,1274246388,424748796,106187199.0,424748796,212374334.0,424748756,4247487.96,166568155.29411766,424748796,424748796,2123743.98,2123743.98,2123743.98,2123743.98,2123743.98,2123743.98,2123743.98,2123743.98,424748796,424748796,424748796,424748796,424748796,424748796,33555154.884,4247487960,12962.304565429688,12962.304565429688,12962.304565429688,12962.304565429688,12962.304565429688,12962.304565429688,12962.304565429688,12962.304565429688,166568155.29411766,331834896.875,166568155.29411766,166568155.29411766,424748796,424748796,106187199.0,424748796,0.197784423828125,0.197784423828125,0.197784423828125,0.197784423828125,0.197784423828125,0.197784423828125,0.197784423828125,0.197784423828125,42474839.6,42474839.6,42474839.6,42474839.6,424748796,424748796,424748.796,166568155.29411766,12962.304565429688,166568155.29411766,424748756,166568155.29411766,166568155.29411766,166568155.29411766,166568155.29411766,166568155.29411766,166568155.29411766,424748796,424748796,424748796,4247487960,424748796,166568155.29411766,2123743.98,424748796,3318249.96875,3318249.96875,3318249.96875,3318249.96875,4247487960,166568155.29411766,166568155.29411766,424748756,3318139.96875,21237439.8,424748796,424748796,424748671,424748671,424748796,166568155.29411766,424748796,424748796,424748796,424748796,424748796,424748796,424748796,424748796,424748796,424748796,424748796,424748796,424748796,424748796,424748796,424748796,424748796,424748796,424748796,424748796,424748796,424748796,424748796,424748796,
2025-06-02 01:08:52.936748,424754234,424754234,424754234,424754234,166570287.84313726,424754194,3318292.453125,3318292.453125,3318292.453125,3318292.453125,1274262702,424754234,106188558.5,424754234,212377053.0,424754194,4247542.34,166570287.84313726,424754234,424754234,2123771.17,2123771.17,2123771.17,2123771.17,2123771.17,2123771.17,2123771.17,2123771.17,424754234,424754234,424754234,424754234,424754234,424754234,33555584.486,4247542340,12962.470520019531,12962.470520019531,12962.470520019531,12962.470520019531,12962.470520019531,12962.470520019531,12962.470520019531,12962.470520019531,166570287.84313726,331839145.3125,166570287.84313726,166570287.84313726,424754234,424754234,106188558.5,424754234,0.197784423828125,0.197784423828125,0.197784423828125,0.197784423828125,0.197784423828125,0.197784423828125,0.197784423828125,0.197784423828125,42475383.4,42475383.4,42475383.4,42475383.4,424754234,424754234,424754.234,166570287.84313726,12962.470520019531,166570287.84313726,424754194,166570287.84313726,166570287.84313726,166570287.84313726,166570287.84313726,166570287.84313726,166570287.84313726,424754234,424754234,424754234,4247542340,424754234,166570287.84313726,2123771.17,424754234,3318292.453125,3318292.453125,3318292.453125,3318292.453125,4247542340,166570287.84313726,166570287.84313726,424754194,3318182.453125,21237711.7,424754234,424754234,424754109,424754109,424754234,166570287.84313726,424754234,424754234,424754234,424754234,424754234,424754234,424754234,424754234,424754234,424754234,424754234,424754234,424754234,424754234,424754234,424754234,424754234,424754234,424754234,424754234,424754234,424754234,424754234,424754234,
2025-06-02 01:08:52.980716,424761728,424761728,424761728,424761728,166573226.66666666,424761688,3318351.0,3318351.0,3318351.0,3318351.0,1274285184,424761728,106190432.0,424761728,212380800.0,424761688,4247617.28,166573226.66666666,424761728,424761728,2123808.64,2123808.64,2123808.64,2123808.64,2123808.64,2123808.64,2123808.64,2123808.64,424761728,424761728,424761728,424761728,424761728,424761728,33556176.512,4247617280,12962.69921875,12962.69921875,12962.69921875,12962.69921875,12962.69921875,12962.69921875,12962.69921875,12962.69921875,166573226.66666666,331845000.0,166573226.66666666,166573226.66666666,424761728,424761728,106190432.0,424761728,0.197784423828125,0.197784423828125,0.197784423828125,0.197784423828125,0.197784423828125,0.197784423828125,0.197784423828125,0.197784423828125,42476132.8,42476132.8,42476132.8,42476132.8,424761728,424761728,424761.728,166573226.66666666,12962.69921875,166573226.66666666,424761688,166573226.66666666,166573226.66666666,166573226.66666666,166573226.66666666,166573226.66666666,166573226.66666666,424761728,424761728,424761728,4247617280,424761728,166573226.66666666,2123808.64,424761728,3318351.0,3318351.0,3318351.0,3318351.0,4247617280,166573226.66666666,166573226.66666666,424761688,3318241.0,21238086.4,424761728,424761728,424761603,424761603,424761728,166573226.66666666,424761728,424761728,424761728,424761728,424761728,424761728,424761728,424761728,424761728,424761728,424761728,424761728,424761728,424761728,424761728,424761728,424761728,424761728,424761728,424761728,424761728,424761728,424761728,424761728,
2025-06-02 01:08:53.042691,424766583,424766583,424766583,424766583,166575130.5882353,424766543,3318388.9296875,3318388.9296875,3318388.9296875,3318388.9296875,1274299749,424766583,106191645.75,424766583,212383227.5,424766543,4247665.83,166575130.5882353,424766583,424766583,2123832.915,2123832.915,2123832.915,2123832.915,2123832.915,2123832.915,2123832.915,2123832.915,424766583,424766583,424766583,424766583,424766583,424766583,33556560.057000004,4247665830,12962.847381591797,12962.847381591797,12962.847381591797,12962.847381591797,12962.847381591797,12962.847381591797,12962.847381591797,12962.847381591797,166575130.5882353,331848792.96875,166575130.5882353,166575130.5882353,424766583,424766583,106191645.75,424766583,0.197784423828125,0.197784423828125,0.197784423828125,0.197784423828125,0.197784423828125,0.197784423828125,0.197784423828125,0.197784423828125,42476618.3,42476618.3,42476618.3,42476618.3,424766583,424766583,424766.583,166575130.5882353,12962.847381591797,166575130.5882353,424766543,166575130.5882353,166575130.5882353,166575130.5882353,166575130.5882353,166575130.5882353,166575130.5882353,424766583,424766583,424766583,4247665830,424766583,166575130.5882353,2123832.915,424766583,3318388.9296875,3318388.9296875,3318388.9296875,3318388.9296875,4247665830,166575130.5882353,166575130.5882353,424766543,3318278.9296875,21238329.15,424766583,424766583,424766458,424766458,424766583,166575130.5882353,424766583,424766583,424766583,424766583,424766583,424766583,424766583,424766583,424766583,424766583,424766583,424766583,424766583,424766583,424766583,424766583,424766583,424766583,424766583,424766583,424766583,424766583,424766583,424766583,
2025-06-02 01:08:53.114753,424773079,424773079,424773079,424773079,166577678.03921568,424773039,3318439.6796875,3318439.6796875,3318439.6796875,3318439.6796875,1274319237,424773079,106193269.75,424773079,212386475.5,424773039,4247730.79,166577678.03921568,424773079,424773079,2123865.395,2123865.395,2123865.395,2123865.395,2123865.395,2123865.395,2123865.395,2123865.395,424773079,424773079,424773079,424773079,424773079,424773079,33557073.241,4247730790,12963.045623779297,12963.045623779297,12963.045623779297,12963.045623779297,12963.045623779297,12963.045623779297,12963.045623779297,12963.045623779297,166577678.03921568,331853867.96875,166577678.03921568,166577678.03921568,424773079,424773079,106193269.75,424773079,0.197784423828125,0.197784423828125,0.197784423828125,0.197784423828125,0.197784423828125,0.197784423828125,0.197784423828125,0.197784423828125,42477267.9,42477267.9,42477267.9,42477267.9,424773079,424773079,424773.079,166577678.03921568,12963.045623779297,166577678.03921568,424773039,166577678.03921568,166577678.03921568,166577678.03921568,166577678.03921568,166577678.03921568,166577678.03921568,424773079,424773079,424773079,4247730790,424773079,166577678.03921568,2123865.395,424773079,3318439.6796875,3318439.6796875,3318439.6796875,3318439.6796875,4247730790,166577678.03921568,166577678.03921568,424773039,3318329.6796875,21238653.95,424773079,424773079,424772954,424772954,424773079,166577678.03921568,424773079,424773079,424773079,424773079,424773079,424773079,424773079,424773079,424773079,424773079,424773079,424773079,424773079,424773079,424773079,424773079,424773079,424773079,424773079,424773079,424773079,424773079,424773079,424773079,
2025-06-02 01:08:53.166702,424780678,424780678,424780678,424780678,166580658.03921568,424780638,3318499.046875,3318499.046875,3318499.046875,3318499.046875,1274342034,424780678,106195169.5,424780678,212390275.0,424780638,4247806.78,166580658.03921568,424780678,424780678,2123903.39,2123903.39,2123903.39,2123903.39,2123903.39,2123903.39,2123903.39,2123903.39,424780678,424780678,424780678,424780678,424780678,424780678,33557673.562,4247806780,12963.277526855469,12963.277526855469,12963.277526855469,12963.277526855469,12963.277526855469,12963.277526855469,12963.277526855469,12963.277526855469,166580658.03921568,331859804.6875,166580658.03921568,166580658.03921568,424780678,424780678,106195169.5,424780678,0.197784423828125,0.197784423828125,0.197784423828125,0.197784423828125,0.197784423828125,0.197784423828125,0.197784423828125,0.197784423828125,42478027.8,42478027.8,42478027.8,42478027.8,424780678,424780678,424780.678,166580658.03921568,12963.277526855469,166580658.03921568,424780638,166580658.03921568,166580658.03921568,166580658.03921568,166580658.03921568,166580658.03921568,166580658.03921568,424780678,424780678,424780678,4247806780,424780678,166580658.03921568,2123903.39,424780678,3318499.046875,3318499.046875,3318499.046875,3318499.046875,4247806780,166580658.03921568,166580658.03921568,424780638,3318389.046875,21239033.9,424780678,424780678,424780553,424780553,424780678,166580658.03921568,424780678,424780678,424780678,424780678,424780678,424780678,424780678,424780678,424780678,424780678,424780678,424780678,424780678,424780678,424780678,424780678,424780678,424780678,424780678,424780678,424780678,424780678,424780678,424780678,
2025-06-02 01:08:53.246636,424787907,424787907,424787907,424787907,166583492.94117647,424787867,3318555.5234375,3318555.5234375,3318555.5234375,3318555.5234375,1274363721,424787907,106196976.75,424787907,212393889.5,424787867,4247879.07,166583492.94117647,424787907,424787907,2123939.535,2123939.535,2123939.535,2123939.535,2123939.535,2123939.535,2123939.535,2123939.535,424787907,424787907,424787907,424787907,424787907,424787907,33558244.653,4247879070,12963.498138427734,12963.498138427734,12963.498138427734,12963.498138427734,12963.498138427734,12963.498138427734,12963.498138427734,12963.498138427734,166583492.94117647,331865452.34375,166583492.94117647,166583492.94117647,424787907,424787907,106196976.75,424787907,0.197784423828125,0.197784423828125,0.197784423828125,0.197784423828125,0.197784423828125,0.197784423828125,0.197784423828125,0.197784423828125,42478750.7,42478750.7,42478750.7,42478750.7,424787907,424787907,424787.907,166583492.94117647,12963.498138427734,166583492.94117647,424787867,166583492.94117647,166583492.94117647,166583492.94117647,166583492.94117647,166583492.94117647,166583492.94117647,424787907,424787907,424787907,4247879070,424787907,166583492.94117647,2123939.535,424787907,3318555.5234375,3318555.5234375,3318555.5234375,3318555.5234375,4247879070,166583492.94117647,166583492.94117647,424787867,3318445.5234375,21239395.35,424787907,424787907,424787782,424787782,424787907,166583492.94117647,424787907,424787907,424787907,424787907,424787907,424787907,424787907,424787907,424787907,424787907,424787907,424787907,424787907,424787907,424787907,424787907,424787907,424787907,424787907,424787907,424787907,424787907,424787907,424787907,
2025-06-02 01:08:53.315913,424793677,424793677,424793677,424793677,166585755.68627453,424793637,3318600.6015625,3318600.6015625,3318600.6015625,3318600.6015625,1274381031,424793677,106198419.25,424793677,212396774.5,424793637,4247936.77,166585755.68627453,424793677,424793677,2123968.385,2123968.385,2123968.385,2123968.385,2123968.385,2123968.385,2123968.385,2123968.385,424793677,424793677,424793677,424793677,424793677,424793677,33558700.483,4247936770,12963.674224853516,12963.674224853516,12963.674224853516,12963.674224853516,12963.674224853516,12963.674224853516,12963.674224853516,12963.674224853516,166585755.68627453,331869960.15625,166585755.68627453,166585755.68627453,424793677,424793677,106198419.25,424793677,0.197784423828125,0.197784423828125,0.197784423828125,0.197784423828125,0.197784423828125,0.197784423828125,0.197784423828125,0.197784423828125,42479327.7,42479327.7,42479327.7,42479327.7,424793677,424793677,424793.677,166585755.68627453,12963.674224853516,166585755.68627453,424793637,166585755.68627453,166585755.68627453,166585755.68627453,166585755.68627453,166585755.68627453,166585755.68627453,424793677,424793677,424793677,4247936770,424793677,166585755.68627453,2123968.385,424793677,3318600.6015625,3318600.6015625,3318600.6015625,3318600.6015625,4247936770,166585755.68627453,166585755.68627453,424793637,3318490.6015625,21239683.85,424793677,424793677,424793552,424793552,424793677,166585755.68627453,424793677,424793677,424793677,424793677,424793677,424793677,424793677,424793677,424793677,424793677,424793677,424793677,424793677,424793677,424793677,424793677,424793677,424793677,424793677,424793677,424793677,424793677,424793677,424793677,
2025-06-02 01:08:53.373726,424800945,424800945,424800945,424800945,166588605.88235295,424800905,3318657.3828125,3318657.3828125,3318657.3828125,3318657.3828125,1274402835,424800945,106200236.25,424800945,212400408.5,424800905,4248009.45,166588605.88235295,424800945,424800945,2124004.725,2124004.725,2124004.725,2124004.725,2124004.725,2124004.725,2124004.725,2124004.725,424800945,424800945,424800945,424800945,424800945,424800945,33559274.655,4248009450,12963.896026611328,12963.896026611328,12963.896026611328,12963.896026611328,12963.896026611328,12963.896026611328,12963.896026611328,12963.896026611328,166588605.88235295,331875638.28125,166588605.88235295,166588605.88235295,424800945,424800945,106200236.25,424800945,0.197784423828125,0.197784423828125,0.197784423828125,0.197784423828125,0.197784423828125,0.197784423828125,0.197784423828125,0.197784423828125,42480054.5,42480054.5,42480054.5,42480054.5,424800945,424800945,424800.945,166588605.88235295,12963.896026611328,166588605.88235295,424800905,166588605.88235295,166588605.88235295,166588605.88235295,166588605.88235295,166588605.88235295,166588605.88235295,424800945,424800945,424800945,4248009450,424800945,166588605.88235295,2124004.725,424800945,3318657.3828125,3318657.3828125,3318657.3828125,3318657.3828125,4248009450,166588605.88235295,166588605.88235295,424800905,3318547.3828125,21240047.25,424800945,424800945,424800820,424800820,424800945,166588605.88235295,424800945,424800945,424800945,424800945,424800945,424800945,424800945,424800945,424800945,424800945,424800945,424800945,424800945,424800945,424800945,424800945,424800945,424800945,424800945,424800945,424800945,424800945,424800945,424800945,
2025-06-02 01:08:53.435738,424806281,424806281,424806281,424806281,166590698.43137255,424806241,3318699.0703125,3318699.0703125,3318699.0703125,3318699.0703125,1274418843,424806281,106201570.25,424806281,212403076.5,424806241,4248062.81,166590698.43137255,424806281,424806281,2124031.405,2124031.405,2124031.405,2124031.405,2124031.405,2124031.405,2124031.405,2124031.405,424806281,424806281,424806281,424806281,424806281,424806281,33559696.199,4248062810,12964.058868408203,12964.058868408203,12964.058868408203,12964.058868408203,12964.058868408203,12964.058868408203,12964.058868408203,12964.058868408203,166590698.43137255,331879807.03125,166590698.43137255,166590698.43137255,424806281,424806281,106201570.25,424806281,0.19781494140625,0.19781494140625,0.19781494140625,0.19781494140625,0.19781494140625,0.19781494140625,0.19781494140625,0.19781494140625,42480588.1,42480588.1,42480588.1,42480588.1,424806281,424806281,424806.281,166590698.43137255,12964.058868408203,166590698.43137255,424806241,166590698.43137255,166590698.43137255,166590698.43137255,166590698.43137255,166590698.43137255,166590698.43137255,424806281,424806281,424806281,4248062810,424806281,166590698.43137255,2124031.405,424806281,3318699.0703125,3318699.0703125,3318699.0703125,3318699.0703125,4248062810,166590698.43137255,166590698.43137255,424806241,3318589.0703125,21240314.05,424806281,424806281,424806156,424806156,424806281,166590698.43137255,424806281,424806281,424806281,424806281,424806281,424806281,424806281,424806281,424806281,424806281,424806281,424806281,424806281,424806281,424806281,424806281,424806281,424806281,424806281,424806281,424806281,424806281,424806281,424806281,
2025-06-02 01:08:53.502393,424813018,424813018,424813018,424813018,166593340.39215684,424812978,3318751.703125,3318751.703125,3318751.703125,3318751.703125,1274439054,424813018,106203254.5,424813018,212406445.0,424812978,4248130.18,166593340.39215684,424813018,424813018,2124065.09,2124065.09,2124065.09,2124065.09,2124065.09,2124065.09,2124065.09,2124065.09,424813018,424813018,424813018,424813018,424813018,424813018,33560228.422,4248130180,12964.264465332031,12964.264465332031,12964.264465332031,12964.264465332031,12964.264465332031,12964.264465332031,12964.264465332031,12964.264465332031,166593340.39215684,331885070.3125,166593340.39215684,166593340.39215684,424813018,424813018,106203254.5,424813018,0.19781494140625,0.19781494140625,0.19781494140625,0.19781494140625,0.19781494140625,0.19781494140625,0.19781494140625,0.19781494140625,42481261.8,42481261.8,42481261.8,42481261.8,424813018,424813018,424813.018,166593340.39215684,12964.264465332031,166593340.39215684,424812978,166593340.39215684,166593340.39215684,166593340.39215684,166593340.39215684,166593340.39215684,166593340.39215684,424813018,424813018,424813018,4248130180,424813018,166593340.39215684,2124065.09,424813018,3318751.703125,3318751.703125,3318751.703125,3318751.703125,4248130180,166593340.39215684,166593340.39215684,424812978,3318641.703125,21240650.9,424813018,424813018,424812893,424812893,424813018,166593340.39215684,424813018,424813018,424813018,424813018,424813018,424813018,424813018,424813018,424813018,424813018,424813018,424813018,424813018,424813018,424813018,424813018,424813018,424813018,424813018,424813018,424813018,424813018,424813018,424813018,
2025-06-02 01:08:53.553228,424820039,424820039,424820039,424820039,166596093.7254902,424819999,3318806.5546875,3318806.5546875,3318806.5546875,3318806.5546875,1274460117,424820039,106205009.75,424820039,212409955.5,424819999,4248200.39,166596093.7254902,424820039,424820039,2124100.195,2124100.195,2124100.195,2124100.195,2124100.195,2124100.195,2124100.195,2124100.195,424820039,424820039,424820039,424820039,424820039,424820039,33560783.081,4248200390,12964.478729248047,12964.478729248047,12964.478729248047,12964.478729248047,12964.478729248047,12964.478729248047,12964.478729248047,12964.478729248047,166596093.7254902,331890555.46875,166596093.7254902,166596093.7254902,424820039,424820039,106205009.75,424820039,0.19781494140625,0.19781494140625,0.19781494140625,0.19781494140625,0.19781494140625,0.19781494140625,0.19781494140625,0.19781494140625,42481963.9,42481963.9,42481963.9,42481963.9,424820039,424820039,424820.039,166596093.7254902,12964.478729248047,166596093.7254902,424819999,166596093.7254902,166596093.7254902,166596093.7254902,166596093.7254902,166596093.7254902,166596093.7254902,424820039,424820039,424820039,4248200390,424820039,166596093.7254902,2124100.195,424820039,3318806.5546875,3318806.5546875,3318806.5546875,3318806.5546875,4248200390,166596093.7254902,166596093.7254902,424819999,3318696.5546875,21241001.95,424820039,424820039,424819914,424819914,424820039,166596093.7254902,424820039,424820039,424820039,424820039,424820039,424820039,424820039,424820039,424820039,424820039,424820039,424820039,424820039,424820039,424820039,424820039,424820039,424820039,424820039,424820039,424820039,424820039,424820039,424820039,
2025-06-02 01:08:53.614834,424824654,424824654,424824654,424824654,166597903.52941176,424824614,3318842.609375,3318842.609375,3318842.609375,3318842.609375,1274473962,424824654,106206163.5,424824654,212412263.0,424824614,4248246.54,166597903.52941176,424824654,424824654,2124123.27,2124123.27,2124123.27,2124123.27,2124123.27,2124123.27,2124123.27,2124123.27,424824654,424824654,424824654,424824654,424824654,424824654,33561147.666,4248246540,12964.619567871094,12964.619567871094,12964.619567871094,12964.619567871094,12964.619567871094,12964.619567871094,12964.619567871094,12964.619567871094,166597903.52941176,331894160.9375,166597903.52941176,166597903.52941176,424824654,424824654,106206163.5,424824654,0.19781494140625,0.19781494140625,0.19781494140625,0.19781494140625,0.19781494140625,0.19781494140625,0.19781494140625,0.19781494140625,42482425.4,42482425.4,42482425.4,42482425.4,424824654,424824654,424824.654,166597903.52941176,12964.619567871094,166597903.52941176,424824614,166597903.52941176,166597903.52941176,166597903.52941176,166597903.52941176,166597903.52941176,166597903.52941176,424824654,424824654,424824654,4248246540,424824654,166597903.52941176,2124123.27,424824654,3318842.609375,3318842.609375,3318842.609375,3318842.609375,4248246540,166597903.52941176,166597903.52941176,424824614,3318732.609375,21241232.7,424824654,424824654,424824529,424824529,424824654,166597903.52941176,424824654,424824654,424824654,424824654,424824654,424824654,424824654,424824654,424824654,424824654,424824654,424824654,424824654,424824654,424824654,424824654,424824654,424824654,424824654,424824654,424824654,424824654,424824654,424824654,
2025-06-02 01:08:53.681725,424831418,424831418,424831418,424831418,166600556.07843137,424831378,3318895.453125,3318895.453125,3318895.453125,3318895.453125,1274494254,424831418,106207854.5,424831418,212415645.0,424831378,4248314.18,166600556.07843137,424831418,424831418,2124157.09,2124157.09,2124157.09,2124157.09,2124157.09,2124157.09,2124157.09,2124157.09,424831418,424831418,424831418,424831418,424831418,424831418,33561682.022,4248314180,12964.825988769531,12964.825988769531,12964.825988769531,12964.825988769531,12964.825988769531,12964.825988769531,12964.825988769531,12964.825988769531,166600556.07843137,331899445.3125,166600556.07843137,166600556.07843137,424831418,424831418,106207854.5,424831418,0.19781494140625,0.19781494140625,0.19781494140625,0.19781494140625,0.19781494140625,0.19781494140625,0.19781494140625,0.19781494140625,42483101.8,42483101.8,42483101.8,42483101.8,424831418,424831418,424831.418,166600556.07843137,12964.825988769531,166600556.07843137,424831378,166600556.07843137,166600556.07843137,166600556.07843137,166600556.07843137,166600556.07843137,166600556.07843137,424831418,424831418,424831418,4248314180,424831418,166600556.07843137,2124157.09,424831418,3318895.453125,3318895.453125,3318895.453125,3318895.453125,4248314180,166600556.07843137,166600556.07843137,424831378,3318785.453125,21241570.9,424831418,424831418,424831293,424831293,424831418,166600556.07843137,424831418,424831418,424831418,424831418,424831418,424831418,424831418,424831418,424831418,424831418,424831418,424831418,424831418,424831418,424831418,424831418,424831418,424831418,424831418,424831418,424831418,424831418,424831418,424831418,
2025-06-02 01:08:53.738594,424838719,424838719,424838719,424838719,166603419.21568626,424838679,3318952.4921875,3318952.4921875,3318952.4921875,3318952.4921875,1274516157,424838719,106209679.75,424838719,212419295.5,424838679,4248387.19,166603419.21568626,424838719,424838719,2124193.595,2124193.595,2124193.595,2124193.595,2124193.595,2124193.595,2124193.595,2124193.595,424838719,424838719,424838719,424838719,424838719,424838719,33562258.801,4248387190,12965.048797607422,12965.048797607422,12965.048797607422,12965.048797607422,12965.048797607422,12965.048797607422,12965.048797607422,12965.048797607422,166603419.21568626,331905149.21875,166603419.21568626,166603419.21568626,424838719,424838719,106209679.75,424838719,0.19781494140625,0.19781494140625,0.19781494140625,0.19781494140625,0.19781494140625,0.19781494140625,0.19781494140625,0.19781494140625,42483831.9,42483831.9,42483831.9,42483831.9,424838719,424838719,424838.719,166603419.21568626,12965.048797607422,166603419.21568626,424838679,166603419.21568626,166603419.21568626,166603419.21568626,166603419.21568626,166603419.21568626,166603419.21568626,424838719,424838719,424838719,4248387190,424838719,166603419.21568626,2124193.595,424838719,3318952.4921875,3318952.4921875,3318952.4921875,3318952.4921875,4248387190,166603419.21568626,166603419.21568626,424838679,3318842.4921875,21241935.95,424838719,424838719,424838594,424838594,424838719,166603419.21568626,424838719,424838719,424838719,424838719,424838719,424838719,424838719,424838719,424838719,424838719,424838719,424838719,424838719,424838719,424838719,424838719,424838719,424838719,424838719,424838719,424838719,424838719,424838719,424838719,
2025-06-02 01:08:53.802724,424844363,424844363,424844363,424844363,166605632.5490196,424844323,3318996.5859375,3318996.5859375,3318996.5859375,3318996.5859375,1274533089,424844363,106211090.75,424844363,212422117.5,424844323,4248443.63,166605632.5490196,424844363,424844363,2124221.815,2124221.815,2124221.815,2124221.815,2124221.815,2124221.815,2124221.815,2124221.815,424844363,424844363,424844363,424844363,424844363,424844363,33562704.677,4248443630,12965.22103881836,12965.22103881836,12965.22103881836,12965.22103881836,12965.22103881836,12965.22103881836,12965.22103881836,12965.22103881836,166605632.5490196,331909558.59375,166605632.5490196,166605632.5490196,424844363,424844363,106211090.75,424844363,0.19781494140625,0.19781494140625,0.19781494140625,0.19781494140625,0.19781494140625,0.19781494140625,0.19781494140625,0.19781494140625,42484396.3,42484396.3,42484396.3,42484396.3,424844363,424844363,424844.363,166605632.5490196,12965.22103881836,166605632.5490196,424844323,166605632.5490196,166605632.5490196,166605632.5490196,166605632.5490196,166605632.5490196,166605632.5490196,424844363,424844363,424844363,4248443630,424844363,166605632.5490196,2124221.815,424844363,3318996.5859375,3318996.5859375,3318996.5859375,3318996.5859375,4248443630,166605632.5490196,166605632.5490196,424844323,3318886.5859375,21242218.15,424844363,424844363,424844238,424844238,424844363,166605632.5490196,424844363,424844363,424844363,424844363,424844363,424844363,424844363,424844363,424844363,424844363,424844363,424844363,424844363,424844363,424844363,424844363,424844363,424844363,424844363,424844363,424844363,424844363,424844363,424844363,
2025-06-02 01:08:53.871703,424851140,424851140,424851140,424851140,166608290.19607842,424851100,3319049.53125,3319049.53125,3319049.53125,3319049.53125,1274553420,424851140,106212785.0,424851140,212425506.0,424851100,4248511.4,166608290.19607842,424851140,424851140,2124255.7,2124255.7,2124255.7,2124255.7,2124255.7,2124255.7,2124255.7,2124255.7,424851140,424851140,424851140,424851140,424851140,424851140,33563240.06,4248511400,12965.427856445312,12965.427856445312,12965.427856445312,12965.427856445312,12965.427856445312,12965.427856445312,12965.427856445312,12965.427856445312,166608290.19607842,331914853.125,166608290.19607842,166608290.19607842,424851140,424851140,106212785.0,424851140,0.19781494140625,0.19781494140625,0.19781494140625,0.19781494140625,0.19781494140625,0.19781494140625,0.19781494140625,0.19781494140625,42485074.0,42485074.0,42485074.0,42485074.0,424851140,424851140,424851.14,166608290.19607842,12965.427856445312,166608290.19607842,424851100,166608290.19607842,166608290.19607842,166608290.19607842,166608290.19607842,166608290.19607842,166608290.19607842,424851140,424851140,424851140,4248511400,424851140,166608290.19607842,2124255.7,424851140,3319049.53125,3319049.53125,3319049.53125,3319049.53125,4248511400,166608290.19607842,166608290.19607842,424851100,3318939.53125,21242557.0,424851140,424851140,424851015,424851015,424851140,166608290.19607842,424851140,424851140,424851140,424851140,424851140,424851140,424851140,424851140,424851140,424851140,424851140,424851140,424851140,424851140,424851140,424851140,424851140,424851140,424851140,424851140,424851140,424851140,424851140,424851140,
2025-06-02 01:08:53.927172,424858018,424858018,424858018,424858018,166610987.4509804,424857978,3319103.265625,3319103.265625,3319103.265625,3319103.265625,1274574054,424858018,106214504.5,424858018,212428945.0,424857978,4248580.18,166610987.4509804,424858018,424858018,2124290.09,2124290.09,2124290.09,2124290.09,2124290.09,2124290.09,2124290.09,2124290.09,424858018,424858018,424858018,424858018,424858018,424858018,33563783.422,4248580180,12965.637756347656,12965.637756347656,12965.637756347656,12965.637756347656,12965.637756347656,12965.637756347656,12965.637756347656,12965.637756347656,166610987.4509804,331920226.5625,166610987.4509804,166610987.4509804,424858018,424858018,106214504.5,424858018,0.19781494140625,0.19781494140625,0.19781494140625,0.19781494140625,0.19781494140625,0.19781494140625,0.19781494140625,0.19781494140625,42485761.8,42485761.8,42485761.8,42485761.8,424858018,424858018,424858.018,166610987.4509804,12965.637756347656,166610987.4509804,424857978,166610987.4509804,166610987.4509804,166610987.4509804,166610987.4509804,166610987.4509804,166610987.4509804,424858018,424858018,424858018,4248580180,424858018,166610987.4509804,2124290.09,424858018,3319103.265625,3319103.265625,3319103.265625,3319103.265625,4248580180,166610987.4509804,166610987.4509804,424857978,3318993.265625,21242900.9,424858018,424858018,424857893,424857893,424858018,166610987.4509804,424858018,424858018,424858018,424858018,424858018,424858018,424858018,424858018,424858018,424858018,424858018,424858018,424858018,424858018,424858018,424858018,424858018,424858018,424858018,424858018,424858018,424858018,424858018,424858018,
2025-06-02 01:08:53.990144,424863148,424863148,424863148,424863148,166612999.21568626,424863108,3319143.34375,3319143.34375,3319143.34375,3319143.34375,1274589444,424863148,106215787.0,424863148,212431510.0,424863108,4248631.48,166612999.21568626,424863148,424863148,2124315.74,2124315.74,2124315.74,2124315.74,2124315.74,2124315.74,2124315.74,2124315.74,424863148,424863148,424863148,424863148,424863148,424863148,33564188.692,4248631480,12965.794311523438,12965.794311523438,12965.794311523438,12965.794311523438,12965.794311523438,12965.794311523438,12965.794311523438,12965.794311523438,166612999.21568626,331924234.375,166612999.21568626,166612999.21568626,424863148,424863148,106215787.0,424863148,0.19781494140625,0.19781494140625,0.19781494140625,0.19781494140625,0.19781494140625,0.19781494140625,0.19781494140625,0.19781494140625,42486274.8,42486274.8,42486274.8,42486274.8,424863148,424863148,424863.148,166612999.21568626,12965.794311523438,166612999.21568626,424863108,166612999.21568626,166612999.21568626,166612999.21568626,166612999.21568626,166612999.21568626,166612999.21568626,424863148,424863148,424863148,4248631480,424863148,166612999.21568626,2124315.74,424863148,3319143.34375,3319143.34375,3319143.34375,3319143.34375,4248631480,166612999.21568626,166612999.21568626,424863108,3319033.34375,21243157.4,424863148,424863148,424863023,424863023,424863148,166612999.21568626,424863148,424863148,424863148,424863148,424863148,424863148,424863148,424863148,424863148,424863148,424863148,424863148,424863148,424863148,424863148,424863148,424863148,424863148,424863148,424863148,424863148,424863148,424863148,424863148,
2025-06-02 01:08:54.056733,424935400,424935400,424935400,424935400,166641333.3333333,424935360,3319707.8125,3319707.8125,3319707.8125,3319707.8125,1274806200,424935400,106233850.0,424935400,212467636.0,424935360,4249354.0,166641333.3333333,424935400,424935400,2124677.0,2124677.0,2124677.0,2124677.0,2124677.0,2124677.0,2124677.0,2124677.0,424935400,424935400,424935400,424935400,424935400,424935400,33569896.6,4249354000,12967.999267578125,12967.999267578125,12967.999267578125,12967.999267578125,12967.999267578125,12967.999267578125,12967.999267578125,12967.999267578125,166641333.3333333,331980681.25,166641333.3333333,166641333.3333333,424935400,424935400,106233850.0,424935400,0.197845458984375,0.197845458984375,0.197845458984375,0.197845458984375,0.197845458984375,0.197845458984375,0.197845458984375,0.197845458984375,42493500.0,42493500.0,42493500.0,42493500.0,424935400,424935400,424935.4,166641333.3333333,12967.999267578125,166641333.3333333,424935360,166641333.3333333,166641333.3333333,166641333.3333333,166641333.3333333,166641333.3333333,166641333.3333333,424935400,424935400,424935400,4249354000,424935400,166641333.3333333,2124677.0,424935400,3319707.8125,3319707.8125,3319707.8125,3319707.8125,4249354000,166641333.3333333,166641333.3333333,424935360,3319597.8125,21246770.0,424935400,424935400,424935275,424935275,424935400,166641333.3333333,424935400,424935400,424935400,424935400,424935400,424935400,424935400,424935400,424935400,424935400,424935400,424935400,424935400,424935400,424935400,424935400,424935400,424935400,424935400,424935400,424935400,424935400,424935400,424935400,
2025-06-02 01:08:54.113020,424877008,424877008,424877008,424877008,166618434.50980392,424876968,3319251.625,3319251.625,3319251.625,3319251.625,1274631024,424877008,106219252.0,424877008,212438440.0,424876968,4248770.08,166618434.50980392,424877008,424877008,2124385.04,2124385.04,2124385.04,2124385.04,2124385.04,2124385.04,2124385.04,2124385.04,424877008,424877008,424877008,424877008,424877008,424877008,33565283.632,4248770080,12966.21728515625,12966.21728515625,12966.21728515625,12966.21728515625,12966.21728515625,12966.21728515625,12966.21728515625,12966.21728515625,166618434.50980392,331935062.5,166618434.50980392,166618434.50980392,424877008,424877008,106219252.0,424877008,0.197845458984375,0.197845458984375,0.197845458984375,0.197845458984375,0.197845458984375,0.197845458984375,0.197845458984375,0.197845458984375,42487660.8,42487660.8,42487660.8,42487660.8,424877008,424877008,424877.008,166618434.50980392,12966.21728515625,166618434.50980392,424876968,166618434.50980392,166618434.50980392,166618434.50980392,166618434.50980392,166618434.50980392,166618434.50980392,424877008,424877008,424877008,4248770080,424877008,166618434.50980392,2124385.04,424877008,3319251.625,3319251.625,3319251.625,3319251.625,4248770080,166618434.50980392,166618434.50980392,424876968,3319141.625,21243850.4,424877008,424877008,424876883,424876883,424877008,166618434.50980392,424877008,424877008,424877008,424877008,424877008,424877008,424877008,424877008,424877008,424877008,424877008,424877008,424877008,424877008,424877008,424877008,424877008,424877008,424877008,424877008,424877008,424877008,424877008,424877008,
2025-06-02 01:08:54.171315,424882685,424882685,424882685,424882685,166620660.78431374,424882645,3319295.9765625,3319295.9765625,3319295.9765625,3319295.9765625,1274648055,424882685,106220671.25,424882685,212441278.5,424882645,4248826.85,166620660.78431374,424882685,424882685,2124413.425,2124413.425,2124413.425,2124413.425,2124413.425,2124413.425,2124413.425,2124413.425,424882685,424882685,424882685,424882685,424882685,424882685,33565732.115,4248826850,12966.390533447266,12966.390533447266,12966.390533447266,12966.390533447266,12966.390533447266,12966.390533447266,12966.390533447266,12966.390533447266,166620660.78431374,331939497.65625,166620660.78431374,166620660.78431374,424882685,424882685,106220671.25,424882685,0.197845458984375,0.197845458984375,0.197845458984375,0.197845458984375,0.197845458984375,0.197845458984375,0.197845458984375,0.197845458984375,42488228.5,42488228.5,42488228.5,42488228.5,424882685,424882685,424882.685,166620660.78431374,12966.390533447266,166620660.78431374,424882645,166620660.78431374,166620660.78431374,166620660.78431374,166620660.78431374,166620660.78431374,166620660.78431374,424882685,424882685,424882685,4248826850,424882685,166620660.78431374,2124413.425,424882685,3319295.9765625,3319295.9765625,3319295.9765625,3319295.9765625,4248826850,166620660.78431374,166620660.78431374,424882645,3319185.9765625,21244134.25,424882685,424882685,424882560,424882560,424882685,166620660.78431374,424882685,424882685,424882685,424882685,424882685,424882685,424882685,424882685,424882685,424882685,424882685,424882685,424882685,424882685,424882685,424882685,424882685,424882685,424882685,424882685,424882685,424882685,424882685,424882685,
2025-06-02 01:08:54.222736,424888708,424888708,424888708,424888708,166623022.74509802,424888668,3319343.03125,3319343.03125,3319343.03125,3319343.03125,1274666124,424888708,106222177.0,424888708,212444290.0,424888668,4248887.08,166623022.74509802,424888708,424888708,2124443.54,2124443.54,2124443.54,2124443.54,2124443.54,2124443.54,2124443.54,2124443.54,424888708,424888708,424888708,424888708,424888708,424888708,33566207.932000004,4248887080,12966.574340820312,12966.574340820312,12966.574340820312,12966.574340820312,12966.574340820312,12966.574340820312,12966.574340820312,12966.574340820312,166623022.74509802,331944203.125,166623022.74509802,166623022.74509802,424888708,424888708,106222177.0,424888708,0.197845458984375,0.197845458984375,0.197845458984375,0.197845458984375,0.197845458984375,0.197845458984375,0.197845458984375,0.197845458984375,42488830.8,42488830.8,42488830.8,42488830.8,424888708,424888708,424888.708,166623022.74509802,12966.574340820312,166623022.74509802,424888668,166623022.74509802,166623022.74509802,166623022.74509802,166623022.74509802,166623022.74509802,166623022.74509802,424888708,424888708,424888708,4248887080,424888708,166623022.74509802,2124443.54,424888708,3319343.03125,3319343.03125,3319343.03125,3319343.03125,4248887080,166623022.74509802,166623022.74509802,424888668,3319233.03125,21244435.4,424888708,424888708,424888583,424888583,424888708,166623022.74509802,424888708,424888708,424888708,424888708,424888708,424888708,424888708,424888708,424888708,424888708,424888708,424888708,424888708,424888708,424888708,424888708,424888708,424888708,424888708,424888708,424888708,424888708,424888708,424888708,
2025-06-02 01:08:54.284747,424895073,424895073,424895073,424895073,166625518.82352942,424895033,3319392.7578125,3319392.7578125,3319392.7578125,3319392.7578125,1274685219,424895073,106223768.25,424895073,212447472.5,424895033,4248950.73,166625518.82352942,424895073,424895073,2124475.365,2124475.365,2124475.365,2124475.365,2124475.365,2124475.365,2124475.365,2124475.365,424895073,424895073,424895073,424895073,424895073,424895073,33566710.767,4248950730,12966.768585205078,12966.768585205078,12966.768585205078,12966.768585205078,12966.768585205078,12966.768585205078,12966.768585205078,12966.768585205078,166625518.82352942,331949175.78125,166625518.82352942,166625518.82352942,424895073,424895073,106223768.25,424895073,0.197845458984375,0.197845458984375,0.197845458984375,0.197845458984375,0.197845458984375,0.197845458984375,0.197845458984375,0.197845458984375,42489467.3,42489467.3,42489467.3,42489467.3,424895073,424895073,424895.073,166625518.82352942,12966.768585205078,166625518.82352942,424895033,166625518.82352942,166625518.82352942,166625518.82352942,166625518.82352942,166625518.82352942,166625518.82352942,424895073,424895073,424895073,4248950730,424895073,166625518.82352942,2124475.365,424895073,3319392.7578125,3319392.7578125,3319392.7578125,3319392.7578125,4248950730,166625518.82352942,166625518.82352942,424895033,3319282.7578125,21244753.65,424895073,424895073,424894948,424894948,424895073,166625518.82352942,424895073,424895073,424895073,424895073,424895073,424895073,424895073,424895073,424895073,424895073,424895073,424895073,424895073,424895073,424895073,424895073,424895073,424895073,424895073,424895073,424895073,424895073,424895073,424895073,
2025-06-02 01:08:54.343752,424900100,424900100,424900100,424900100,166627490.19607842,424900060,3319432.03125,3319432.03125,3319432.03125,3319432.03125,1274700300,424900100,106225025.0,424900100,212449986.0,424900060,4249001.0,166627490.19607842,424900100,424900100,2124500.5,2124500.5,2124500.5,2124500.5,2124500.5,2124500.5,2124500.5,2124500.5,424900100,424900100,424900100,424900100,424900100,424900100,33567107.9,4249001000,12966.921997070312,12966.921997070312,12966.921997070312,12966.921997070312,12966.921997070312,12966.921997070312,12966.921997070312,12966.921997070312,166627490.19607842,331953103.125,166627490.19607842,166627490.19607842,424900100,424900100,106225025.0,424900100,0.197845458984375,0.197845458984375,0.197845458984375,0.197845458984375,0.197845458984375,0.197845458984375,0.197845458984375,0.197845458984375,42489970.0,42489970.0,42489970.0,42489970.0,424900100,424900100,424900.1,166627490.19607842,12966.921997070312,166627490.19607842,424900060,166627490.19607842,166627490.19607842,166627490.19607842,166627490.19607842,166627490.19607842,166627490.19607842,424900100,424900100,424900100,4249001000,424900100,166627490.19607842,2124500.5,424900100,3319432.03125,3319432.03125,3319432.03125,3319432.03125,4249001000,166627490.19607842,166627490.19607842,424900060,3319322.03125,21245005.0,424900100,424900100,424899975,424899975,424900100,166627490.19607842,424900100,424900100,424900100,424900100,424900100,424900100,424900100,424900100,424900100,424900100,424900100,424900100,424900100,424900100,424900100,424900100,424900100,424900100,424900100,424900100,424900100,424900100,424900100,424900100,
2025-06-02 01:08:54.389748,424906177,424906177,424906177,424906177,166629873.33333334,424906137,3319479.5078125,3319479.5078125,3319479.5078125,3319479.5078125,1274718531,424906177,106226544.25,424906177,212453024.5,424906137,4249061.77,166629873.33333334,424906177,424906177,2124530.885,2124530.885,2124530.885,2124530.885,2124530.885,2124530.885,2124530.885,2124530.885,424906177,424906177,424906177,424906177,424906177,424906177,33567587.983,4249061770,12967.107452392578,12967.107452392578,12967.107452392578,12967.107452392578,12967.107452392578,12967.107452392578,12967.107452392578,12967.107452392578,166629873.33333334,331957850.78125,166629873.33333334,166629873.33333334,424906177,424906177,106226544.25,424906177,0.197845458984375,0.197845458984375,0.197845458984375,0.197845458984375,0.197845458984375,0.197845458984375,0.197845458984375,0.197845458984375,42490577.7,42490577.7,42490577.7,42490577.7,424906177,424906177,424906.177,166629873.33333334,12967.107452392578,166629873.33333334,424906137,166629873.33333334,166629873.33333334,166629873.33333334,166629873.33333334,166629873.33333334,166629873.33333334,424906177,424906177,424906177,4249061770,424906177,166629873.33333334,2124530.885,424906177,3319479.5078125,3319479.5078125,3319479.5078125,3319479.5078125,4249061770,166629873.33333334,166629873.33333334,424906137,3319369.5078125,21245308.85,424906177,424906177,424906052,424906052,424906177,166629873.33333334,424906177,424906177,424906177,424906177,424906177,424906177,424906177,424906177,424906177,424906177,424906177,424906177,424906177,424906177,424906177,424906177,424906177,424906177,424906177,424906177,424906177,424906177,424906177,424906177,
2025-06-02 01:08:54.449779,424910694,424910694,424910694,424910694,166631644.70588234,424910654,3319514.796875,3319514.796875,3319514.796875,3319514.796875,1274732082,424910694,106227673.5,424910694,212455283.0,424910654,4249106.94,166631644.70588234,424910694,424910694,2124553.47,2124553.47,2124553.47,2124553.47,2124553.47,2124553.47,2124553.47,2124553.47,424910694,424910694,424910694,424910694,424910694,424910694,33567944.826,4249106940,12967.245300292969,12967.245300292969,12967.245300292969,12967.245300292969,12967.245300292969,12967.245300292969,12967.245300292969,12967.245300292969,166631644.70588234,331961379.6875,166631644.70588234,166631644.70588234,424910694,424910694,106227673.5,424910694,0.197845458984375,0.197845458984375,0.197845458984375,0.197845458984375,0.197845458984375,0.197845458984375,0.197845458984375,0.197845458984375,42491029.4,42491029.4,42491029.4,42491029.4,424910694,424910694,424910.694,166631644.70588234,12967.245300292969,166631644.70588234,424910654,166631644.70588234,166631644.70588234,166631644.70588234,166631644.70588234,166631644.70588234,166631644.70588234,424910694,424910694,424910694,4249106940,424910694,166631644.70588234,2124553.47,424910694,3319514.796875,3319514.796875,3319514.796875,3319514.796875,4249106940,166631644.70588234,166631644.70588234,424910654,3319404.796875,21245534.7,424910694,424910694,424910569,424910569,424910694,166631644.70588234,424910694,424910694,424910694,424910694,424910694,424910694,424910694,424910694,424910694,424910694,424910694,424910694,424910694,424910694,424910694,424910694,424910694,424910694,424910694,424910694,424910694,424910694,424910694,424910694,
2025-06-02 01:08:54.525630,424917584,424917584,424917584,424917584,166634346.66666666,424917544,3319568.625,3319568.625,3319568.625,3319568.625,1274752752,424917584,106229396.0,424917584,212458728.0,424917544,4249175.84,166634346.66666666,424917584,424917584,2124587.92,2124587.92,2124587.92,2124587.92,2124587.92,2124587.92,2124587.92,2124587.92,424917584,424917584,424917584,424917584,424917584,424917584,33568489.136,4249175840,12967.45556640625,12967.45556640625,12967.45556640625,12967.45556640625,12967.45556640625,12967.45556640625,12967.45556640625,12967.45556640625,166634346.66666666,331966762.5,166634346.66666666,166634346.66666666,424917584,424917584,106229396.0,424917584,0.197845458984375,0.197845458984375,0.197845458984375,0.197845458984375,0.197845458984375,0.197845458984375,0.197845458984375,0.197845458984375,42491718.4,42491718.4,42491718.4,42491718.4,424917584,424917584,424917.584,166634346.66666666,12967.45556640625,166634346.66666666,424917544,166634346.66666666,166634346.66666666,166634346.66666666,166634346.66666666,166634346.66666666,166634346.66666666,424917584,424917584,424917584,4249175840,424917584,166634346.66666666,2124587.92,424917584,3319568.625,3319568.625,3319568.625,3319568.625,4249175840,166634346.66666666,166634346.66666666,424917544,3319458.625,21245879.2,424917584,424917584,424917459,424917459,424917584,166634346.66666666,424917584,424917584,424917584,424917584,424917584,424917584,424917584,424917584,424917584,424917584,424917584,424917584,424917584,424917584,424917584,424917584,424917584,424917584,424917584,424917584,424917584,424917584,424917584,424917584,
2025-06-02 01:08:54.576019,424925042,424925042,424925042,424925042,166637271.37254903,424925002,3319626.890625,3319626.890625,3319626.890625,3319626.890625,1274775126,424925042,106231260.5,424925042,212462457.0,424925002,4249250.42,166637271.37254903,424925042,424925042,2124625.21,2124625.21,2124625.21,2124625.21,2124625.21,2124625.21,2124625.21,2124625.21,424925042,424925042,424925042,424925042,424925042,424925042,33569078.318,4249250420,12967.683166503906,12967.683166503906,12967.683166503906,12967.683166503906,12967.683166503906,12967.683166503906,12967.683166503906,12967.683166503906,166637271.37254903,331972589.0625,166637271.37254903,166637271.37254903,424925042,424925042,106231260.5,424925042,0.197845458984375,0.197845458984375,0.197845458984375,0.197845458984375,0.197845458984375,0.197845458984375,0.197845458984375,0.197845458984375,42492464.2,42492464.2,42492464.2,42492464.2,424925042,424925042,424925.042,166637271.37254903,12967.683166503906,166637271.37254903,424925002,166637271.37254903,166637271.37254903,166637271.37254903,166637271.37254903,166637271.37254903,166637271.37254903,424925042,424925042,424925042,4249250420,424925042,166637271.37254903,2124625.21,424925042,3319626.890625,3319626.890625,3319626.890625,3319626.890625,4249250420,166637271.37254903,166637271.37254903,424925002,3319516.890625,21246252.1,424925042,424925042,424924917,424924917,424925042,166637271.37254903,424925042,424925042,424925042,424925042,424925042,424925042,424925042,424925042,424925042,424925042,424925042,424925042,424925042,424925042,424925042,424925042,424925042,424925042,424925042,424925042,424925042,424925042,424925042,424925042,
2025-06-02 01:08:54.633165,424929657,424929657,424929657,424929657,166639081.17647058,424929617,3319662.9453125,3319662.9453125,3319662.9453125,3319662.9453125,1274788971,424929657,106232414.25,424929657,212464764.5,424929617,4249296.57,166639081.17647058,424929657,424929657,2124648.285,2124648.285,2124648.285,2124648.285,2124648.285,2124648.285,2124648.285,2124648.285,424929657,424929657,424929657,424929657,424929657,424929657,33569442.903,4249296570,12967.824005126953,12967.824005126953,12967.824005126953,12967.824005126953,12967.824005126953,12967.824005126953,12967.824005126953,12967.824005126953,166639081.17647058,331976194.53125,166639081.17647058,166639081.17647058,424929657,424929657,106232414.25,424929657,0.197845458984375,0.197845458984375,0.197845458984375,0.197845458984375,0.197845458984375,0.197845458984375,0.197845458984375,0.197845458984375,42492925.7,42492925.7,42492925.7,42492925.7,424929657,424929657,424929.657,166639081.17647058,12967.824005126953,166639081.17647058,424929617,166639081.17647058,166639081.17647058,166639081.17647058,166639081.17647058,166639081.17647058,166639081.17647058,424929657,424929657,424929657,4249296570,424929657,166639081.17647058,2124648.285,424929657,3319662.9453125,3319662.9453125,3319662.9453125,3319662.9453125,4249296570,166639081.17647058,166639081.17647058,424929617,3319552.9453125,21246482.85,424929657,424929657,424929532,424929532,424929657,166639081.17647058,424929657,424929657,424929657,424929657,424929657,424929657,424929657,424929657,424929657,424929657,424929657,424929657,424929657,424929657,424929657,424929657,424929657,424929657,424929657,424929657,424929657,424929657,424929657,424929657,
2025-06-02 01:08:54.685755,424936022,424936022,424936022,424936022,166641577.25490198,424935982,3319712.671875,3319712.671875,3319712.671875,3319712.671875,1274808066,424936022,106234005.5,424936022,212467947.0,424935982,4249360.22,166641577.25490198,424936022,424936022,2124680.11,2124680.11,2124680.11,2124680.11,2124680.11,2124680.11,2124680.11,2124680.11,424936022,424936022,424936022,424936022,424936022,424936022,33569945.738,4249360220,12968.018249511719,12968.018249511719,12968.018249511719,12968.018249511719,12968.018249511719,12968.018249511719,12968.018249511719,12968.018249511719,166641577.25490198,331981167.1875,166641577.25490198,166641577.25490198,424936022,424936022,106234005.5,424936022,0.1978759765625,0.1978759765625,0.1978759765625,0.1978759765625,0.1978759765625,0.1978759765625,0.1978759765625,0.1978759765625,42493562.2,42493562.2,42493562.2,42493562.2,424936022,424936022,424936.022,166641577.25490198,12968.018249511719,166641577.25490198,424935982,166641577.25490198,166641577.25490198,166641577.25490198,166641577.25490198,166641577.25490198,166641577.25490198,424936022,424936022,424936022,4249360220,424936022,166641577.25490198,2124680.11,424936022,3319712.671875,3319712.671875,3319712.671875,3319712.671875,4249360220,166641577.25490198,166641577.25490198,424935982,3319602.671875,21246801.1,424936022,424936022,424935897,424935897,424936022,166641577.25490198,424936022,424936022,424936022,424936022,424936022,424936022,424936022,424936022,424936022,424936022,424936022,424936022,424936022,424936022,424936022,424936022,424936022,424936022,424936022,424936022,424936022,424936022,424936022,424936022,
2025-06-02 01:08:54.762018,424941701,424941701,424941701,424941701,166643804.3137255,424941661,3319757.0390625,3319757.0390625,3319757.0390625,3319757.0390625,1274825103,424941701,106235425.25,424941701,212470786.5,424941661,4249417.01,166643804.3137255,424941701,424941701,2124708.505,2124708.505,2124708.505,2124708.505,2124708.505,2124708.505,2124708.505,2124708.505,424941701,424941701,424941701,424941701,424941701,424941701,33570394.379,4249417010,12968.19155883789,12968.19155883789,12968.19155883789,12968.19155883789,12968.19155883789,12968.19155883789,12968.19155883789,12968.19155883789,166643804.3137255,331985603.90625,166643804.3137255,166643804.3137255,424941701,424941701,106235425.25,424941701,0.1978759765625,0.1978759765625,0.1978759765625,0.1978759765625,0.1978759765625,0.1978759765625,0.1978759765625,0.1978759765625,42494130.1,42494130.1,42494130.1,42494130.1,424941701,424941701,424941.701,166643804.3137255,12968.19155883789,166643804.3137255,424941661,166643804.3137255,166643804.3137255,166643804.3137255,166643804.3137255,166643804.3137255,166643804.3137255,424941701,424941701,424941701,4249417010,424941701,166643804.3137255,2124708.505,424941701,3319757.0390625,3319757.0390625,3319757.0390625,3319757.0390625,4249417010,166643804.3137255,166643804.3137255,424941661,3319647.0390625,21247085.05,424941701,424941701,424941576,424941576,424941701,166643804.3137255,424941701,424941701,424941701,424941701,424941701,424941701,424941701,424941701,424941701,424941701,424941701,424941701,424941701,424941701,424941701,424941701,424941701,424941701,424941701,424941701,424941701,424941701,424941701,424941701,
2025-06-02 01:08:54.820770,424948750,424948750,424948750,424948750,166646568.627451,424948710,3319812.109375,3319812.109375,3319812.109375,3319812.109375,1274846250,424948750,106237187.5,424948750,212474311.0,424948710,4249487.5,166646568.627451,424948750,424948750,2124743.75,2124743.75,2124743.75,2124743.75,2124743.75,2124743.75,2124743.75,2124743.75,424948750,424948750,424948750,424948750,424948750,424948750,33570951.25,4249487500,12968.406677246094,12968.406677246094,12968.406677246094,12968.406677246094,12968.406677246094,12968.406677246094,12968.406677246094,12968.406677246094,166646568.627451,331991110.9375,166646568.627451,166646568.627451,424948750,424948750,106237187.5,424948750,0.1978759765625,0.1978759765625,0.1978759765625,0.1978759765625,0.1978759765625,0.1978759765625,0.1978759765625,0.1978759765625,42494835.0,42494835.0,42494835.0,42494835.0,424948750,424948750,424948.75,166646568.627451,12968.406677246094,166646568.627451,424948710,166646568.627451,166646568.627451,166646568.627451,166646568.627451,166646568.627451,166646568.627451,424948750,424948750,424948750,4249487500,424948750,166646568.627451,2124743.75,424948750,3319812.109375,3319812.109375,3319812.109375,3319812.109375,4249487500,166646568.627451,166646568.627451,424948710,3319702.109375,21247437.5,424948750,424948750,424948625,424948625,424948750,166646568.627451,424948750,424948750,424948750,424948750,424948750,424948750,424948750,424948750,424948750,424948750,424948750,424948750,424948750,424948750,424948750,424948750,424948750,424948750,424948750,424948750,424948750,424948750,424948750,424948750,
2025-06-02 01:08:54.870742,424955218,424955218,424955218,424955218,166649105.0980392,424955178,3319862.640625,3319862.640625,3319862.640625,3319862.640625,1274865654,424955218,106238804.5,424955218,212477545.0,424955178,4249552.18,166649105.0980392,424955218,424955218,2124776.09,2124776.09,2124776.09,2124776.09,2124776.09,2124776.09,2124776.09,2124776.09,424955218,424955218,424955218,424955218,424955218,424955218,33571462.222,4249552180,12968.604064941406,12968.604064941406,12968.604064941406,12968.604064941406,12968.604064941406,12968.604064941406,12968.604064941406,12968.604064941406,166649105.0980392,331996164.0625,166649105.0980392,166649105.0980392,424955218,424955218,106238804.5,424955218,0.1978759765625,0.1978759765625,0.1978759765625,0.1978759765625,0.1978759765625,0.1978759765625,0.1978759765625,0.1978759765625,42495481.8,42495481.8,42495481.8,42495481.8,424955218,424955218,424955.218,166649105.0980392,12968.604064941406,166649105.0980392,424955178,166649105.0980392,166649105.0980392,166649105.0980392,166649105.0980392,166649105.0980392,166649105.0980392,424955218,424955218,424955218,4249552180,424955218,166649105.0980392,2124776.09,424955218,3319862.640625,3319862.640625,3319862.640625,3319862.640625,4249552180,166649105.0980392,166649105.0980392,424955178,3319752.640625,21247760.9,424955218,424955218,424955093,424955093,424955218,166649105.0980392,424955218,424955218,424955218,424955218,424955218,424955218,424955218,424955218,424955218,424955218,424955218,424955218,424955218,424955218,424955218,424955218,424955218,424955218,424955218,424955218,424955218,424955218,424955218,424955218,
2025-06-02 01:08:54.946288,424960245,424960245,424960245,424960245,166651076.47058824,424960205,3319901.9140625,3319901.9140625,3319901.9140625,3319901.9140625,1274880735,424960245,106240061.25,424960245,212480058.5,424960205,4249602.45,166651076.47058824,424960245,424960245,2124801.225,2124801.225,2124801.225,2124801.225,2124801.225,2124801.225,2124801.225,2124801.225,424960245,424960245,424960245,424960245,424960245,424960245,33571859.355,4249602450,12968.75747680664,12968.75747680664,12968.75747680664,12968.75747680664,12968.75747680664,12968.75747680664,12968.75747680664,12968.75747680664,166651076.47058824,332000091.40625,166651076.47058824,166651076.47058824,424960245,424960245,106240061.25,424960245,0.1978759765625,0.1978759765625,0.1978759765625,0.1978759765625,0.1978759765625,0.1978759765625,0.1978759765625,0.1978759765625,42495984.5,42495984.5,42495984.5,42495984.5,424960245,424960245,424960.245,166651076.47058824,12968.75747680664,166651076.47058824,424960205,166651076.47058824,166651076.47058824,166651076.47058824,166651076.47058824,166651076.47058824,166651076.47058824,424960245,424960245,424960245,4249602450,424960245,166651076.47058824,2124801.225,424960245,3319901.9140625,3319901.9140625,3319901.9140625,3319901.9140625,4249602450,166651076.47058824,166651076.47058824,424960205,3319791.9140625,21248012.25,424960245,424960245,424960120,424960120,424960245,166651076.47058824,424960245,424960245,424960245,424960245,424960245,424960245,424960245,424960245,424960245,424960245,424960245,424960245,424960245,424960245,424960245,424960245,424960245,424960245,424960245,424960245,424960245,424960245,424960245,424960245,
2025-06-02 01:08:54.998829,424967844,424967844,424967844,424967844,166654056.47058824,424967804,3319961.28125,3319961.28125,3319961.28125,3319961.28125,1274903532,424967844,106241961.0,424967844,212483858.0,424967804,4249678.44,166654056.47058824,424967844,424967844,2124839.22,2124839.22,2124839.22,2124839.22,2124839.22,2124839.22,2124839.22,2124839.22,424967844,424967844,424967844,424967844,424967844,424967844,33572459.676,4249678440,12968.989379882812,12968.989379882812,12968.989379882812,12968.989379882812,12968.989379882812,12968.989379882812,12968.989379882812,12968.989379882812,166654056.47058824,332006028.125,166654056.47058824,166654056.47058824,424967844,424967844,106241961.0,424967844,0.1978759765625,0.1978759765625,0.1978759765625,0.1978759765625,0.1978759765625,0.1978759765625,0.1978759765625,0.1978759765625,42496744.4,42496744.4,42496744.4,42496744.4,424967844,424967844,424967.844,166654056.47058824,12968.989379882812,166654056.47058824,424967804,166654056.47058824,166654056.47058824,166654056.47058824,166654056.47058824,166654056.47058824,166654056.47058824,424967844,424967844,424967844,4249678440,424967844,166654056.47058824,2124839.22,424967844,3319961.28125,3319961.28125,3319961.28125,3319961.28125,4249678440,166654056.47058824,166654056.47058824,424967804,3319851.28125,21248392.2,424967844,424967844,424967719,424967719,424967844,166654056.47058824,424967844,424967844,424967844,424967844,424967844,424967844,424967844,424967844,424967844,424967844,424967844,424967844,424967844,424967844,424967844,424967844,424967844,424967844,424967844,424967844,424967844,424967844,424967844,424967844,
2025-06-02 01:08:55.071753,424975686,424975686,424975686,424975686,166657131.76470587,424975646,3320022.546875,3320022.546875,3320022.546875,3320022.546875,1274927058,424975686,106243921.5,424975686,212487779.0,424975646,4249756.86,166657131.76470587,424975686,424975686,2124878.43,2124878.43,2124878.43,2124878.43,2124878.43,2124878.43,2124878.43,2124878.43,424975686,424975686,424975686,424975686,424975686,424975686,33573079.194,4249756860,12969.228698730469,12969.228698730469,12969.228698730469,12969.228698730469,12969.228698730469,12969.228698730469,12969.228698730469,12969.228698730469,166657131.76470587,332012154.6875,166657131.76470587,166657131.76470587,424975686,424975686,106243921.5,424975686,0.1978759765625,0.1978759765625,0.1978759765625,0.1978759765625,0.1978759765625,0.1978759765625,0.1978759765625,0.1978759765625,42497528.6,42497528.6,42497528.6,42497528.6,424975686,424975686,424975.686,166657131.76470587,12969.228698730469,166657131.76470587,424975646,166657131.76470587,166657131.76470587,166657131.76470587,166657131.76470587,166657131.76470587,166657131.76470587,424975686,424975686,424975686,4249756860,424975686,166657131.76470587,2124878.43,424975686,3320022.546875,3320022.546875,3320022.546875,3320022.546875,4249756860,166657131.76470587,166657131.76470587,424975646,3319912.546875,21248784.3,424975686,424975686,424975561,424975561,424975686,166657131.76470587,424975686,424975686,424975686,424975686,424975686,424975686,424975686,424975686,424975686,424975686,424975686,424975686,424975686,424975686,424975686,424975686,424975686,424975686,424975686,424975686,424975686,424975686,424975686,424975686,
2025-06-02 01:08:55.144914,424982510,424982510,424982510,424982510,166659807.84313726,424982470,3320075.859375,3320075.859375,3320075.859375,3320075.859375,1274947530,424982510,106245627.5,424982510,212491191.0,424982470,4249825.1,166659807.84313726,424982510,424982510,2124912.55,2124912.55,2124912.55,2124912.55,2124912.55,2124912.55,2124912.55,2124912.55,424982510,424982510,424982510,424982510,424982510,424982510,33573618.29,4249825100,12969.436950683594,12969.436950683594,12969.436950683594,12969.436950683594,12969.436950683594,12969.436950683594,12969.436950683594,12969.436950683594,166659807.84313726,332017485.9375,166659807.84313726,166659807.84313726,424982510,424982510,106245627.5,424982510,0.1978759765625,0.1978759765625,0.1978759765625,0.1978759765625,0.1978759765625,0.1978759765625,0.1978759765625,0.1978759765625,42498211.0,42498211.0,42498211.0,42498211.0,424982510,424982510,424982.51,166659807.84313726,12969.436950683594,166659807.84313726,424982470,166659807.84313726,166659807.84313726,166659807.84313726,166659807.84313726,166659807.84313726,166659807.84313726,424982510,424982510,424982510,4249825100,424982510,166659807.84313726,2124912.55,424982510,3320075.859375,3320075.859375,3320075.859375,3320075.859375,4249825100,166659807.84313726,166659807.84313726,424982470,3319965.859375,21249125.5,424982510,424982510,424982385,424982385,424982510,166659807.84313726,424982510,424982510,424982510,424982510,424982510,424982510,424982510,424982510,424982510,424982510,424982510,424982510,424982510,424982510,424982510,424982510,424982510,424982510,424982510,424982510,424982510,424982510,424982510,424982510,
2025-06-02 01:08:55.196007,424988685,424988685,424988685,424988685,166662229.4117647,424988645,3320124.1015625,3320124.1015625,3320124.1015625,3320124.1015625,1274966055,424988685,106247171.25,424988685,212494278.5,424988645,4249886.85,166662229.4117647,424988685,424988685,2124943.425,2124943.425,2124943.425,2124943.425,2124943.425,2124943.425,2124943.425,2124943.425,424988685,424988685,424988685,424988685,424988685,424988685,33574106.115,4249886850,12969.625396728516,12969.625396728516,12969.625396728516,12969.625396728516,12969.625396728516,12969.625396728516,12969.625396728516,12969.625396728516,166662229.4117647,332022310.15625,166662229.4117647,166662229.4117647,424988685,424988685,106247171.25,424988685,0.1978759765625,0.1978759765625,0.1978759765625,0.1978759765625,0.1978759765625,0.1978759765625,0.1978759765625,0.1978759765625,42498828.5,42498828.5,42498828.5,42498828.5,424988685,424988685,424988.685,166662229.4117647,12969.625396728516,166662229.4117647,424988645,166662229.4117647,166662229.4117647,166662229.4117647,166662229.4117647,166662229.4117647,166662229.4117647,424988685,424988685,424988685,4249886850,424988685,166662229.4117647,2124943.425,424988685,3320124.1015625,3320124.1015625,3320124.1015625,3320124.1015625,4249886850,166662229.4117647,166662229.4117647,424988645,3320014.1015625,21249434.25,424988685,424988685,424988560,424988560,424988685,166662229.4117647,424988685,424988685,424988685,424988685,424988685,424988685,424988685,424988685,424988685,424988685,424988685,424988685,424988685,424988685,424988685,424988685,424988685,424988685,424988685,424988685,424988685,424988685,424988685,424988685,
2025-06-02 01:08:55.261469,424994844,424994844,424994844,424994844,166664644.70588234,424994804,3320172.21875,3320172.21875,3320172.21875,3320172.21875,1274984532,424994844,106248711.0,424994844,212497358.0,424994804,4249948.44,166664644.70588234,424994844,424994844,2124974.22,2124974.22,2124974.22,2124974.22,2124974.22,2124974.22,2124974.22,2124974.22,424994844,424994844,424994844,424994844,424994844,424994844,33574592.676,4249948440,12969.813354492188,12969.813354492188,12969.813354492188,12969.813354492188,12969.813354492188,12969.813354492188,12969.813354492188,12969.813354492188,166664644.70588234,332027121.875,166664644.70588234,166664644.70588234,424994844,424994844,106248711.0,424994844,0.1978759765625,0.1978759765625,0.1978759765625,0.1978759765625,0.1978759765625,0.1978759765625,0.1978759765625,0.1978759765625,42499444.4,42499444.4,42499444.4,42499444.4,424994844,424994844,424994.844,166664644.70588234,12969.813354492188,166664644.70588234,424994804,166664644.70588234,166664644.70588234,166664644.70588234,166664644.70588234,166664644.70588234,166664644.70588234,424994844,424994844,424994844,4249948440,424994844,166664644.70588234,2124974.22,424994844,3320172.21875,3320172.21875,3320172.21875,3320172.21875,4249948440,166664644.70588234,166664644.70588234,424994804,3320062.21875,21249742.2,424994844,424994844,424994719,424994719,424994844,166664644.70588234,424994844,424994844,424994844,424994844,424994844,424994844,424994844,424994844,424994844,424994844,424994844,424994844,424994844,424994844,424994844,424994844,424994844,424994844,424994844,424994844,424994844,424994844,424994844,424994844,
2025-06-02 01:08:55.333835,425001312,425001312,425001312,425001312,166667181.17647058,425001272,3320222.75,3320222.75,3320222.75,3320222.75,1275003936,425001312,106250328.0,425001312,212500592.0,425001272,4250013.12,166667181.17647058,425001312,425001312,2125006.56,2125006.56,2125006.56,2125006.56,2125006.56,2125006.56,2125006.56,2125006.56,425001312,425001312,425001312,425001312,425001312,425001312,33575103.648,4250013120,12970.0107421875,12970.0107421875,12970.0107421875,12970.0107421875,12970.0107421875,12970.0107421875,12970.0107421875,12970.0107421875,166667181.17647058,332032175.0,166667181.17647058,166667181.17647058,425001312,425001312,106250328.0,425001312,0.197906494140625,0.197906494140625,0.197906494140625,0.197906494140625,0.197906494140625,0.197906494140625,0.197906494140625,0.197906494140625,42500091.2,42500091.2,42500091.2,42500091.2,425001312,425001312,425001.312,166667181.17647058,12970.0107421875,166667181.17647058,425001272,166667181.17647058,166667181.17647058,166667181.17647058,166667181.17647058,166667181.17647058,166667181.17647058,425001312,425001312,425001312,4250013120,425001312,166667181.17647058,2125006.56,425001312,3320222.75,3320222.75,3320222.75,3320222.75,4250013120,166667181.17647058,166667181.17647058,425001272,3320112.75,21250065.6,425001312,425001312,425001187,425001187,425001312,166667181.17647058,425001312,425001312,425001312,425001312,425001312,425001312,425001312,425001312,425001312,425001312,425001312,425001312,425001312,425001312,425001312,425001312,425001312,425001312,425001312,425001312,425001312,425001312,425001312,425001312,
2025-06-02 01:08:55.403783,425008087,425008087,425008087,425008087,166669838.03921568,425008047,3320275.6796875,3320275.6796875,3320275.6796875,3320275.6796875,1275024261,425008087,106252021.75,425008087,212503979.5,425008047,4250080.87,166669838.03921568,425008087,425008087,2125040.435,2125040.435,2125040.435,2125040.435,2125040.435,2125040.435,2125040.435,2125040.435,425008087,425008087,425008087,425008087,425008087,425008087,33575638.873,4250080870,12970.217498779297,12970.217498779297,12970.217498779297,12970.217498779297,12970.217498779297,12970.217498779297,12970.217498779297,12970.217498779297,166669838.03921568,332037467.96875,166669838.03921568,166669838.03921568,425008087,425008087,106252021.75,425008087,0.197906494140625,0.197906494140625,0.197906494140625,0.197906494140625,0.197906494140625,0.197906494140625,0.197906494140625,0.197906494140625,42500768.7,42500768.7,42500768.7,42500768.7,425008087,425008087,425008.087,166669838.03921568,12970.217498779297,166669838.03921568,425008047,166669838.03921568,166669838.03921568,166669838.03921568,166669838.03921568,166669838.03921568,166669838.03921568,425008087,425008087,425008087,4250080870,425008087,166669838.03921568,2125040.435,425008087,3320275.6796875,3320275.6796875,3320275.6796875,3320275.6796875,4250080870,166669838.03921568,166669838.03921568,425008047,3320165.6796875,21250404.35,425008087,425008087,425007962,425007962,425008087,166669838.03921568,425008087,425008087,425008087,425008087,425008087,425008087,425008087,425008087,425008087,425008087,425008087,425008087,425008087,425008087,425008087,425008087,425008087,425008087,425008087,425008087,425008087,425008087,425008087,425008087,
2025-06-02 01:08:55.458782,425014657,425014657,425014657,425014657,166672414.50980392,425014617,3320327.0078125,3320327.0078125,3320327.0078125,3320327.0078125,1275043971,425014657,106253664.25,425014657,212507264.5,425014617,4250146.57,166672414.50980392,425014657,425014657,2125073.285,2125073.285,2125073.285,2125073.285,2125073.285,2125073.285,2125073.285,2125073.285,425014657,425014657,425014657,425014657,425014657,425014657,33576157.903,4250146570,12970.417999267578,12970.417999267578,12970.417999267578,12970.417999267578,12970.417999267578,12970.417999267578,12970.417999267578,12970.417999267578,166672414.50980392,332042600.78125,166672414.50980392,166672414.50980392,425014657,425014657,106253664.25,425014657,0.197906494140625,0.197906494140625,0.197906494140625,0.197906494140625,0.197906494140625,0.197906494140625,0.197906494140625,0.197906494140625,42501425.7,42501425.7,42501425.7,42501425.7,425014657,425014657,425014.657,166672414.50980392,12970.417999267578,166672414.50980392,425014617,166672414.50980392,166672414.50980392,166672414.50980392,166672414.50980392,166672414.50980392,166672414.50980392,425014657,425014657,425014657,4250146570,425014657,166672414.50980392,2125073.285,425014657,3320327.0078125,3320327.0078125,3320327.0078125,3320327.0078125,4250146570,166672414.50980392,166672414.50980392,425014617,3320217.0078125,21250732.85,425014657,425014657,425014532,425014532,425014657,166672414.50980392,425014657,425014657,425014657,425014657,425014657,425014657,425014657,425014657,425014657,425014657,425014657,425014657,425014657,425014657,425014657,425014657,425014657,425014657,425014657,425014657,425014657,425014657,425014657,425014657,
2025-06-02 01:08:55.525028,425021021,425021021,425021021,425021021,166674910.19607842,425020981,3320376.7265625,3320376.7265625,3320376.7265625,3320376.7265625,1275063063,425021021,106255255.25,425021021,212510446.5,425020981,4250210.21,166674910.19607842,425021021,425021021,2125105.105,2125105.105,2125105.105,2125105.105,2125105.105,2125105.105,2125105.105,2125105.105,425021021,425021021,425021021,425021021,425021021,425021021,33576660.659,4250210210,12970.612213134766,12970.612213134766,12970.612213134766,12970.612213134766,12970.612213134766,12970.612213134766,12970.612213134766,12970.612213134766,166674910.19607842,332047572.65625,166674910.19607842,166674910.19607842,425021021,425021021,106255255.25,425021021,0.197906494140625,0.197906494140625,0.197906494140625,0.197906494140625,0.197906494140625,0.197906494140625,0.197906494140625,0.197906494140625,42502062.1,42502062.1,42502062.1,42502062.1,425021021,425021021,425021.021,166674910.19607842,12970.612213134766,166674910.19607842,425020981,166674910.19607842,166674910.19607842,166674910.19607842,166674910.19607842,166674910.19607842,166674910.19607842,425021021,425021021,425021021,4250210210,425021021,166674910.19607842,2125105.105,425021021,3320376.7265625,3320376.7265625,3320376.7265625,3320376.7265625,4250210210,166674910.19607842,166674910.19607842,425020981,3320266.7265625,21251051.05,425021021,425021021,425020896,425020896,425021021,166674910.19607842,425021021,425021021,425021021,425021021,425021021,425021021,425021021,425021021,425021021,425021021,425021021,425021021,425021021,425021021,425021021,425021021,425021021,425021021,425021021,425021021,425021021,425021021,425021021,425021021,
2025-06-02 01:08:55.593994,425027385,425027385,425027385,425027385,166677405.88235295,425027345,3320426.4453125,3320426.4453125,3320426.4453125,3320426.4453125,1275082155,425027385,106256846.25,425027385,212513628.5,425027345,4250273.85,166677405.88235295,425027385,425027385,2125136.925,2125136.925,2125136.925,2125136.925,2125136.925,2125136.925,2125136.925,2125136.925,425027385,425027385,425027385,425027385,425027385,425027385,33577163.415,4250273850,12970.806427001953,12970.806427001953,12970.806427001953,12970.806427001953,12970.806427001953,12970.806427001953,12970.806427001953,12970.806427001953,166677405.88235295,332052544.53125,166677405.88235295,166677405.88235295,425027385,425027385,106256846.25,425027385,0.197906494140625,0.197906494140625,0.197906494140625,0.197906494140625,0.197906494140625,0.197906494140625,0.197906494140625,0.197906494140625,42502698.5,42502698.5,42502698.5,42502698.5,425027385,425027385,425027.385,166677405.88235295,12970.806427001953,166677405.88235295,425027345,166677405.88235295,166677405.88235295,166677405.88235295,166677405.88235295,166677405.88235295,166677405.88235295,425027385,425027385,425027385,4250273850,425027385,166677405.88235295,2125136.925,425027385,3320426.4453125,3320426.4453125,3320426.4453125,3320426.4453125,4250273850,166677405.88235295,166677405.88235295,425027345,3320316.4453125,21251369.25,425027385,425027385,425027260,425027260,425027385,166677405.88235295,425027385,425027385,425027385,425027385,425027385,425027385,425027385,425027385,425027385,425027385,425027385,425027385,425027385,425027385,425027385,425027385,425027385,425027385,425027385,425027385,425027385,425027385,425027385,425027385,
2025-06-02 01:08:55.643854,425034493,425034493,425034493,425034493,166680193.33333334,425034453,3320481.9765625,3320481.9765625,3320481.9765625,3320481.9765625,1275103479,425034493,106258623.25,425034493,212517182.5,425034453,4250344.93,166680193.33333334,425034493,425034493,2125172.465,2125172.465,2125172.465,2125172.465,2125172.465,2125172.465,2125172.465,2125172.465,425034493,425034493,425034493,425034493,425034493,425034493,33577724.947,4250344930,12971.023345947266,12971.023345947266,12971.023345947266,12971.023345947266,12971.023345947266,12971.023345947266,12971.023345947266,12971.023345947266,166680193.33333334,332058097.65625,166680193.33333334,166680193.33333334,425034493,425034493,106258623.25,425034493,0.197906494140625,0.197906494140625,0.197906494140625,0.197906494140625,0.197906494140625,0.197906494140625,0.197906494140625,0.197906494140625,42503409.3,42503409.3,42503409.3,42503409.3,425034493,425034493,425034.493,166680193.33333334,12971.023345947266,166680193.33333334,425034453,166680193.33333334,166680193.33333334,166680193.33333334,166680193.33333334,166680193.33333334,166680193.33333334,425034493,425034493,425034493,4250344930,425034493,166680193.33333334,2125172.465,425034493,3320481.9765625,3320481.9765625,3320481.9765625,3320481.9765625,4250344930,166680193.33333334,166680193.33333334,425034453,3320371.9765625,21251724.65,425034493,425034493,425034368,425034368,425034493,166680193.33333334,425034493,425034493,425034493,425034493,425034493,425034493,425034493,425034493,425034493,425034493,425034493,425034493,425034493,425034493,425034493,425034493,425034493,425034493,425034493,425034493,425034493,425034493,425034493,425034493,
2025-06-02 01:08:55.711690,425039908,425039908,425039908,425039908,166682316.8627451,425039868,3320524.28125,3320524.28125,3320524.28125,3320524.28125,1275119724,425039908,106259977.0,425039908,212519890.0,425039868,4250399.08,166682316.8627451,425039908,425039908,2125199.54,2125199.54,2125199.54,2125199.54,2125199.54,2125199.54,2125199.54,2125199.54,425039908,425039908,425039908,425039908,425039908,425039908,33578152.732,4250399080,12971.188598632812,12971.188598632812,12971.188598632812,12971.188598632812,12971.188598632812,12971.188598632812,12971.188598632812,12971.188598632812,166682316.8627451,332062328.125,166682316.8627451,166682316.8627451,425039908,425039908,106259977.0,425039908,0.197906494140625,0.197906494140625,0.197906494140625,0.197906494140625,0.197906494140625,0.197906494140625,0.197906494140625,0.197906494140625,42503950.8,42503950.8,42503950.8,42503950.8,425039908,425039908,425039.908,166682316.8627451,12971.188598632812,166682316.8627451,425039868,166682316.8627451,166682316.8627451,166682316.8627451,166682316.8627451,166682316.8627451,166682316.8627451,425039908,425039908,425039908,4250399080,425039908,166682316.8627451,2125199.54,425039908,3320524.28125,3320524.28125,3320524.28125,3320524.28125,4250399080,166682316.8627451,166682316.8627451,425039868,3320414.28125,21251995.4,425039908,425039908,425039783,425039783,425039908,166682316.8627451,425039908,425039908,425039908,425039908,425039908,425039908,425039908,425039908,425039908,425039908,425039908,425039908,425039908,425039908,425039908,425039908,425039908,425039908,425039908,425039908,425039908,425039908,425039908,425039908,
2025-06-02 01:08:55.775802,425046786,425046786,425046786,425046786,166685014.11764705,425046746,3320578.015625,3320578.015625,3320578.015625,3320578.015625,1275140358,425046786,106261696.5,425046786,212523329.0,425046746,4250467.86,166685014.11764705,425046786,425046786,2125233.93,2125233.93,2125233.93,2125233.93,2125233.93,2125233.93,2125233.93,2125233.93,425046786,425046786,425046786,425046786,425046786,425046786,33578696.094,4250467860,12971.398498535156,12971.398498535156,12971.398498535156,12971.398498535156,12971.398498535156,12971.398498535156,12971.398498535156,12971.398498535156,166685014.11764705,332067701.5625,166685014.11764705,166685014.11764705,425046786,425046786,106261696.5,425046786,0.197906494140625,0.197906494140625,0.197906494140625,0.197906494140625,0.197906494140625,0.197906494140625,0.197906494140625,0.197906494140625,42504638.6,42504638.6,42504638.6,42504638.6,425046786,425046786,425046.786,166685014.11764705,12971.398498535156,166685014.11764705,425046746,166685014.11764705,166685014.11764705,166685014.11764705,166685014.11764705,166685014.11764705,166685014.11764705,425046786,425046786,425046786,4250467860,425046786,166685014.11764705,2125233.93,425046786,3320578.015625,3320578.015625,3320578.015625,3320578.015625,4250467860,166685014.11764705,166685014.11764705,425046746,3320468.015625,21252339.3,425046786,425046786,425046661,425046661,425046786,166685014.11764705,425046786,425046786,425046786,425046786,425046786,425046786,425046786,425046786,425046786,425046786,425046786,425046786,425046786,425046786,425046786,425046786,425046786,425046786,425046786,425046786,425046786,425046786,425046786,425046786,
2025-06-02 01:08:55.825795,425053252,425053252,425053252,425053252,166687549.80392155,425053212,3320628.53125,3320628.53125,3320628.53125,3320628.53125,1275159756,425053252,106263313.0,425053252,212526562.0,425053212,4250532.52,166687549.80392155,425053252,425053252,2125266.26,2125266.26,2125266.26,2125266.26,2125266.26,2125266.26,2125266.26,2125266.26,425053252,425053252,425053252,425053252,425053252,425053252,33579206.908,4250532520,12971.595825195312,12971.595825195312,12971.595825195312,12971.595825195312,12971.595825195312,12971.595825195312,12971.595825195312,12971.595825195312,166687549.80392155,332072753.125,166687549.80392155,166687549.80392155,425053252,425053252,106263313.0,425053252,0.197906494140625,0.197906494140625,0.197906494140625,0.197906494140625,0.197906494140625,0.197906494140625,0.197906494140625,0.197906494140625,42505285.2,42505285.2,42505285.2,42505285.2,425053252,425053252,425053.252,166687549.80392155,12971.595825195312,166687549.80392155,425053212,166687549.80392155,166687549.80392155,166687549.80392155,166687549.80392155,166687549.80392155,166687549.80392155,425053252,425053252,425053252,4250532520,425053252,166687549.80392155,2125266.26,425053252,3320628.53125,3320628.53125,3320628.53125,3320628.53125,4250532520,166687549.80392155,166687549.80392155,425053212,3320518.53125,21252662.6,425053252,425053252,425053127,425053127,425053252,166687549.80392155,425053252,425053252,425053252,425053252,425053252,425053252,425053252,425053252,425053252,425053252,425053252,425053252,425053252,425053252,425053252,425053252,425053252,425053252,425053252,425053252,425053252,425053252,425053252,425053252,
2025-06-02 01:08:55.897819,425058731,425058731,425058731,425058731,166689698.43137255,425058691,3320671.3359375,3320671.3359375,3320671.3359375,3320671.3359375,1275176193,425058731,106264682.75,425058731,212529301.5,425058691,4250587.31,166689698.43137255,425058731,425058731,2125293.655,2125293.655,2125293.655,2125293.655,2125293.655,2125293.655,2125293.655,2125293.655,425058731,425058731,425058731,425058731,425058731,425058731,33579639.749,4250587310,12971.76303100586,12971.76303100586,12971.76303100586,12971.76303100586,12971.76303100586,12971.76303100586,12971.76303100586,12971.76303100586,166689698.43137255,332077033.59375,166689698.43137255,166689698.43137255,425058731,425058731,106264682.75,425058731,0.197906494140625,0.197906494140625,0.197906494140625,0.197906494140625,0.197906494140625,0.197906494140625,0.197906494140625,0.197906494140625,42505833.1,42505833.1,42505833.1,42505833.1,425058731,425058731,425058.731,166689698.43137255,12971.76303100586,166689698.43137255,425058691,166689698.43137255,166689698.43137255,166689698.43137255,166689698.43137255,166689698.43137255,166689698.43137255,425058731,425058731,425058731,4250587310,425058731,166689698.43137255,2125293.655,425058731,3320671.3359375,3320671.3359375,3320671.3359375,3320671.3359375,4250587310,166689698.43137255,166689698.43137255,425058691,3320561.3359375,21252936.55,425058731,425058731,425058606,425058606,425058731,166689698.43137255,425058731,425058731,425058731,425058731,425058731,425058731,425058731,425058731,425058731,425058731,425058731,425058731,425058731,425058731,425058731,425058731,425058731,425058731,425058731,425058731,425058731,425058731,425058731,425058731,
2025-06-02 01:08:55.947791,425131843,425131843,425131843,425131843,166718369.80392158,425131803,3321242.5234375,3321242.5234375,3321242.5234375,3321242.5234375,1275395529,425131843,106282960.75,425131843,212565857.5,425131803,4251318.43,166718369.80392158,425131843,425131843,2125659.215,2125659.215,2125659.215,2125659.215,2125659.215,2125659.215,2125659.215,2125659.215,425131843,425131843,425131843,425131843,425131843,425131843,33585415.597,4251318430,12973.994232177734,12973.994232177734,12973.994232177734,12973.994232177734,12973.994232177734,12973.994232177734,12973.994232177734,12973.994232177734,166718369.80392158,332134152.34375,166718369.80392158,166718369.80392158,425131843,425131843,106282960.75,425131843,0.19793701171875,0.19793701171875,0.19793701171875,0.19793701171875,0.19793701171875,0.19793701171875,0.19793701171875,0.19793701171875,42513144.3,42513144.3,42513144.3,42513144.3,425131843,425131843,425131.843,166718369.80392158,12973.994232177734,166718369.80392158,425131803,166718369.80392158,166718369.80392158,166718369.80392158,166718369.80392158,166718369.80392158,166718369.80392158,425131843,425131843,425131843,4251318430,425131843,166718369.80392158,2125659.215,425131843,3321242.5234375,3321242.5234375,3321242.5234375,3321242.5234375,4251318430,166718369.80392158,166718369.80392158,425131803,3321132.5234375,21256592.15,425131843,425131843,425131718,425131718,425131843,166718369.80392158,425131843,425131843,425131843,425131843,425131843,425131843,425131843,425131843,425131843,425131843,425131843,425131843,425131843,425131843,425131843,425131843,425131843,425131843,425131843,425131843,425131843,425131843,425131843,425131843,
2025-06-02 01:08:56.009808,425072141,425072141,425072141,425072141,166694957.25490198,425072101,3320776.1015625,3320776.1015625,3320776.1015625,3320776.1015625,1275216423,425072141,106268035.25,425072141,212536006.5,425072101,4250721.41,166694957.25490198,425072141,425072141,2125360.705,2125360.705,2125360.705,2125360.705,2125360.705,2125360.705,2125360.705,2125360.705,425072141,425072141,425072141,425072141,425072141,425072141,33580699.139,4250721410,12972.172271728516,12972.172271728516,12972.172271728516,12972.172271728516,12972.172271728516,12972.172271728516,12972.172271728516,12972.172271728516,166694957.25490198,332087510.15625,166694957.25490198,166694957.25490198,425072141,425072141,106268035.25,425072141,0.19793701171875,0.19793701171875,0.19793701171875,0.19793701171875,0.19793701171875,0.19793701171875,0.19793701171875,0.19793701171875,42507174.1,42507174.1,42507174.1,42507174.1,425072141,425072141,425072.141,166694957.25490198,12972.172271728516,166694957.25490198,425072101,166694957.25490198,166694957.25490198,166694957.25490198,166694957.25490198,166694957.25490198,166694957.25490198,425072141,425072141,425072141,4250721410,425072141,166694957.25490198,2125360.705,425072141,3320776.1015625,3320776.1015625,3320776.1015625,3320776.1015625,4250721410,166694957.25490198,166694957.25490198,425072101,3320666.1015625,21253607.05,425072141,425072141,425072016,425072016,425072141,166694957.25490198,425072141,425072141,425072141,425072141,425072141,425072141,425072141,425072141,425072141,425072141,425072141,425072141,425072141,425072141,425072141,425072141,425072141,425072141,425072141,425072141,425072141,425072141,425072141,425072141,
2025-06-02 01:08:56.080817,425077546,425077546,425077546,425077546,166697076.8627451,425077506,3320818.328125,3320818.328125,3320818.328125,3320818.328125,1275232638,425077546,106269386.5,425077546,212538709.0,425077506,4250775.46,166697076.8627451,425077546,425077546,2125387.73,2125387.73,2125387.73,2125387.73,2125387.73,2125387.73,2125387.73,2125387.73,425077546,425077546,425077546,425077546,425077546,425077546,33581126.134,4250775460,12972.337219238281,12972.337219238281,12972.337219238281,12972.337219238281,12972.337219238281,12972.337219238281,12972.337219238281,12972.337219238281,166697076.8627451,332091732.8125,166697076.8627451,166697076.8627451,425077546,425077546,106269386.5,425077546,0.19793701171875,0.19793701171875,0.19793701171875,0.19793701171875,0.19793701171875,0.19793701171875,0.19793701171875,0.19793701171875,42507714.6,42507714.6,42507714.6,42507714.6,425077546,425077546,425077.546,166697076.8627451,12972.337219238281,166697076.8627451,425077506,166697076.8627451,166697076.8627451,166697076.8627451,166697076.8627451,166697076.8627451,166697076.8627451,425077546,425077546,425077546,4250775460,425077546,166697076.8627451,2125387.73,425077546,3320818.328125,3320818.328125,3320818.328125,3320818.328125,4250775460,166697076.8627451,166697076.8627451,425077506,3320708.328125,21253877.3,425077546,425077546,425077421,425077421,425077546,166697076.8627451,425077546,425077546,425077546,425077546,425077546,425077546,425077546,425077546,425077546,425077546,425077546,425077546,425077546,425077546,425077546,425077546,425077546,425077546,425077546,425077546,425077546,425077546,425077546,425077546,
2025-06-02 01:08:56.134811,425085250,425085250,425085250,425085250,166700098.03921568,425085210,3320878.515625,3320878.515625,3320878.515625,3320878.515625,1275255750,425085250,106271312.5,425085250,212542561.0,425085210,4250852.5,166700098.03921568,425085250,425085250,2125426.25,2125426.25,2125426.25,2125426.25,2125426.25,2125426.25,2125426.25,2125426.25,425085250,425085250,425085250,425085250,425085250,425085250,33581734.75,4250852500,12972.572326660156,12972.572326660156,12972.572326660156,12972.572326660156,12972.572326660156,12972.572326660156,12972.572326660156,12972.572326660156,166700098.03921568,332097751.5625,166700098.03921568,166700098.03921568,425085250,425085250,106271312.5,425085250,0.19793701171875,0.19793701171875,0.19793701171875,0.19793701171875,0.19793701171875,0.19793701171875,0.19793701171875,0.19793701171875,42508485.0,42508485.0,42508485.0,42508485.0,425085250,425085250,425085.25,166700098.03921568,12972.572326660156,166700098.03921568,425085210,166700098.03921568,166700098.03921568,166700098.03921568,166700098.03921568,166700098.03921568,166700098.03921568,425085250,425085250,425085250,4250852500,425085250,166700098.03921568,2125426.25,425085250,3320878.515625,3320878.515625,3320878.515625,3320878.515625,4250852500,166700098.03921568,166700098.03921568,425085210,3320768.515625,21254262.5,425085250,425085250,425085125,425085125,425085250,166700098.03921568,425085250,425085250,425085250,425085250,425085250,425085250,425085250,425085250,425085250,425085250,425085250,425085250,425085250,425085250,425085250,425085250,425085250,425085250,425085250,425085250,425085250,425085250,425085250,425085250,
2025-06-02 01:08:56.218586,425092939,425092939,425092939,425092939,166703113.33333334,425092899,3320938.5859375,3320938.5859375,3320938.5859375,3320938.5859375,1275278817,425092939,106273234.75,425092939,212546405.5,425092899,4250929.39,166703113.33333334,425092939,425092939,2125464.695,2125464.695,2125464.695,2125464.695,2125464.695,2125464.695,2125464.695,2125464.695,425092939,425092939,425092939,425092939,425092939,425092939,33582342.181,4250929390,12972.80697631836,12972.80697631836,12972.80697631836,12972.80697631836,12972.80697631836,12972.80697631836,12972.80697631836,12972.80697631836,166703113.33333334,332103758.59375,166703113.33333334,166703113.33333334,425092939,425092939,106273234.75,425092939,0.19793701171875,0.19793701171875,0.19793701171875,0.19793701171875,0.19793701171875,0.19793701171875,0.19793701171875,0.19793701171875,42509253.9,42509253.9,42509253.9,42509253.9,425092939,425092939,425092.939,166703113.33333334,12972.80697631836,166703113.33333334,425092899,166703113.33333334,166703113.33333334,166703113.33333334,166703113.33333334,166703113.33333334,166703113.33333334,425092939,425092939,425092939,4250929390,425092939,166703113.33333334,2125464.695,425092939,3320938.5859375,3320938.5859375,3320938.5859375,3320938.5859375,4250929390,166703113.33333334,166703113.33333334,425092899,3320828.5859375,21254646.95,425092939,425092939,425092814,425092814,425092939,166703113.33333334,425092939,425092939,425092939,425092939,425092939,425092939,425092939,425092939,425092939,425092939,425092939,425092939,425092939,425092939,425092939,425092939,425092939,425092939,425092939,425092939,425092939,425092939,425092939,425092939,
2025-06-02 01:08:56.286800,425099600,425099600,425099600,425099600,166705725.49019608,425099560,3320990.625,3320990.625,3320990.625,3320990.625,1275298800,425099600,106274900.0,425099600,212549736.0,425099560,4250996.0,166705725.49019608,425099600,425099600,2125498.0,2125498.0,2125498.0,2125498.0,2125498.0,2125498.0,2125498.0,2125498.0,425099600,425099600,425099600,425099600,425099600,425099600,33582868.4,4250996000,12973.01025390625,12973.01025390625,12973.01025390625,12973.01025390625,12973.01025390625,12973.01025390625,12973.01025390625,12973.01025390625,166705725.49019608,332108962.5,166705725.49019608,166705725.49019608,425099600,425099600,106274900.0,425099600,0.19793701171875,0.19793701171875,0.19793701171875,0.19793701171875,0.19793701171875,0.19793701171875,0.19793701171875,0.19793701171875,42509920.0,42509920.0,42509920.0,42509920.0,425099600,425099600,425099.6,166705725.49019608,12973.01025390625,166705725.49019608,425099560,166705725.49019608,166705725.49019608,166705725.49019608,166705725.49019608,166705725.49019608,166705725.49019608,425099600,425099600,425099600,4250996000,425099600,166705725.49019608,2125498.0,425099600,3320990.625,3320990.625,3320990.625,3320990.625,4250996000,166705725.49019608,166705725.49019608,425099560,3320880.625,21254980.0,425099600,425099600,425099475,425099475,425099600,166705725.49019608,425099600,425099600,425099600,425099600,425099600,425099600,425099600,425099600,425099600,425099600,425099600,425099600,425099600,425099600,425099600,425099600,425099600,425099600,425099600,425099600,425099600,425099600,425099600,425099600,
2025-06-02 01:08:56.336919,425106057,425106057,425106057,425106057,166708257.64705884,425106017,3321041.0703125,3321041.0703125,3321041.0703125,3321041.0703125,1275318171,425106057,106276514.25,425106057,212552964.5,425106017,4251060.57,166708257.64705884,425106057,425106057,2125530.285,2125530.285,2125530.285,2125530.285,2125530.285,2125530.285,2125530.285,2125530.285,425106057,425106057,425106057,425106057,425106057,425106057,33583378.503,4251060570,12973.207305908203,12973.207305908203,12973.207305908203,12973.207305908203,12973.207305908203,12973.207305908203,12973.207305908203,12973.207305908203,166708257.64705884,332114007.03125,166708257.64705884,166708257.64705884,425106057,425106057,106276514.25,425106057,0.19793701171875,0.19793701171875,0.19793701171875,0.19793701171875,0.19793701171875,0.19793701171875,0.19793701171875,0.19793701171875,42510565.7,42510565.7,42510565.7,42510565.7,425106057,425106057,425106.057,166708257.64705884,12973.207305908203,166708257.64705884,425106017,166708257.64705884,166708257.64705884,166708257.64705884,166708257.64705884,166708257.64705884,166708257.64705884,425106057,425106057,425106057,4251060570,425106057,166708257.64705884,2125530.285,425106057,3321041.0703125,3321041.0703125,3321041.0703125,3321041.0703125,4251060570,166708257.64705884,166708257.64705884,425106017,3320931.0703125,21255302.85,425106057,425106057,425105932,425105932,425106057,166708257.64705884,425106057,425106057,425106057,425106057,425106057,425106057,425106057,425106057,425106057,425106057,425106057,425106057,425106057,425106057,425106057,425106057,425106057,425106057,425106057,425106057,425106057,425106057,425106057,425106057,
2025-06-02 01:08:56.412867,425112791,425112791,425112791,425112791,166710898.43137255,425112751,3321093.6796875,3321093.6796875,3321093.6796875,3321093.6796875,1275338373,425112791,106278197.75,425112791,212556331.5,425112751,4251127.91,166710898.43137255,425112791,425112791,2125563.955,2125563.955,2125563.955,2125563.955,2125563.955,2125563.955,2125563.955,2125563.955,425112791,425112791,425112791,425112791,425112791,425112791,33583910.489,4251127910,12973.412811279297,12973.412811279297,12973.412811279297,12973.412811279297,12973.412811279297,12973.412811279297,12973.412811279297,12973.412811279297,166710898.43137255,332119267.96875,166710898.43137255,166710898.43137255,425112791,425112791,106278197.75,425112791,0.19793701171875,0.19793701171875,0.19793701171875,0.19793701171875,0.19793701171875,0.19793701171875,0.19793701171875,0.19793701171875,42511239.1,42511239.1,42511239.1,42511239.1,425112791,425112791,425112.791,166710898.43137255,12973.412811279297,166710898.43137255,425112751,166710898.43137255,166710898.43137255,166710898.43137255,166710898.43137255,166710898.43137255,166710898.43137255,425112791,425112791,425112791,4251127910,425112791,166710898.43137255,2125563.955,425112791,3321093.6796875,3321093.6796875,3321093.6796875,3321093.6796875,4251127910,166710898.43137255,166710898.43137255,425112751,3320983.6796875,21255639.55,425112791,425112791,425112666,425112666,425112791,166710898.43137255,425112791,425112791,425112791,425112791,425112791,425112791,425112791,425112791,425112791,425112791,425112791,425112791,425112791,425112791,425112791,425112791,425112791,425112791,425112791,425112791,425112791,425112791,425112791,425112791,
2025-06-02 01:08:56.478796,425118951,425118951,425118951,425118951,166713314.11764705,425118911,3321141.8046875,3321141.8046875,3321141.8046875,3321141.8046875,1275356853,425118951,106279737.75,425118951,212559411.5,425118911,4251189.51,166713314.11764705,425118951,425118951,2125594.755,2125594.755,2125594.755,2125594.755,2125594.755,2125594.755,2125594.755,2125594.755,425118951,425118951,425118951,425118951,425118951,425118951,33584397.129,4251189510,12973.600799560547,12973.600799560547,12973.600799560547,12973.600799560547,12973.600799560547,12973.600799560547,12973.600799560547,12973.600799560547,166713314.11764705,332124080.46875,166713314.11764705,166713314.11764705,425118951,425118951,106279737.75,425118951,0.19793701171875,0.19793701171875,0.19793701171875,0.19793701171875,0.19793701171875,0.19793701171875,0.19793701171875,0.19793701171875,42511855.1,42511855.1,42511855.1,42511855.1,425118951,425118951,425118.951,166713314.11764705,12973.600799560547,166713314.11764705,425118911,166713314.11764705,166713314.11764705,166713314.11764705,166713314.11764705,166713314.11764705,166713314.11764705,425118951,425118951,425118951,4251189510,425118951,166713314.11764705,2125594.755,425118951,3321141.8046875,3321141.8046875,3321141.8046875,3321141.8046875,4251189510,166713314.11764705,166713314.11764705,425118911,3321031.8046875,21255947.55,425118951,425118951,425118826,425118826,425118951,166713314.11764705,425118951,425118951,425118951,425118951,425118951,425118951,425118951,425118951,425118951,425118951,425118951,425118951,425118951,425118951,425118951,425118951,425118951,425118951,425118951,425118951,425118951,425118951,425118951,425118951,
2025-06-02 01:08:56.552779,425125314,425125314,425125314,425125314,166715809.4117647,425125274,3321191.515625,3321191.515625,3321191.515625,3321191.515625,1275375942,425125314,106281328.5,425125314,212562593.0,425125274,4251253.14,166715809.4117647,425125314,425125314,2125626.57,2125626.57,2125626.57,2125626.57,2125626.57,2125626.57,2125626.57,2125626.57,425125314,425125314,425125314,425125314,425125314,425125314,33584899.806,4251253140,12973.794982910156,12973.794982910156,12973.794982910156,12973.794982910156,12973.794982910156,12973.794982910156,12973.794982910156,12973.794982910156,166715809.4117647,332129051.5625,166715809.4117647,166715809.4117647,425125314,425125314,106281328.5,425125314,0.19793701171875,0.19793701171875,0.19793701171875,0.19793701171875,0.19793701171875,0.19793701171875,0.19793701171875,0.19793701171875,42512491.4,42512491.4,42512491.4,42512491.4,425125314,425125314,425125.314,166715809.4117647,12973.794982910156,166715809.4117647,425125274,166715809.4117647,166715809.4117647,166715809.4117647,166715809.4117647,166715809.4117647,166715809.4117647,425125314,425125314,425125314,4251253140,425125314,166715809.4117647,2125626.57,425125314,3321191.515625,3321191.515625,3321191.515625,3321191.515625,4251253140,166715809.4117647,166715809.4117647,425125274,3321081.515625,21256265.7,425125314,425125314,425125189,425125189,425125314,166715809.4117647,425125314,425125314,425125314,425125314,425125314,425125314,425125314,425125314,425125314,425125314,425125314,425125314,425125314,425125314,425125314,425125314,425125314,425125314,425125314,425125314,425125314,425125314,425125314,425125314,
2025-06-02 01:08:56.597913,425132977,425132977,425132977,425132977,166718814.50980392,425132937,3321251.3828125,3321251.3828125,3321251.3828125,3321251.3828125,1275398931,425132977,106283244.25,425132977,212566424.5,425132937,4251329.77,166718814.50980392,425132977,425132977,2125664.885,2125664.885,2125664.885,2125664.885,2125664.885,2125664.885,2125664.885,2125664.885,425132977,425132977,425132977,425132977,425132977,425132977,33585505.183,4251329770,12974.028839111328,12974.028839111328,12974.028839111328,12974.028839111328,12974.028839111328,12974.028839111328,12974.028839111328,12974.028839111328,166718814.50980392,332135038.28125,166718814.50980392,166718814.50980392,425132977,425132977,106283244.25,425132977,0.197967529296875,0.197967529296875,0.197967529296875,0.197967529296875,0.197967529296875,0.197967529296875,0.197967529296875,0.197967529296875,42513257.7,42513257.7,42513257.7,42513257.7,425132977,425132977,425132.977,166718814.50980392,12974.028839111328,166718814.50980392,425132937,166718814.50980392,166718814.50980392,166718814.50980392,166718814.50980392,166718814.50980392,166718814.50980392,425132977,425132977,425132977,4251329770,425132977,166718814.50980392,2125664.885,425132977,3321251.3828125,3321251.3828125,3321251.3828125,3321251.3828125,4251329770,166718814.50980392,166718814.50980392,425132937,3321141.3828125,21256648.85,425132977,425132977,425132852,425132852,425132977,166718814.50980392,425132977,425132977,425132977,425132977,425132977,425132977,425132977,425132977,425132977,425132977,425132977,425132977,425132977,425132977,425132977,425132977,425132977,425132977,425132977,425132977,425132977,425132977,425132977,425132977,
2025-06-02 01:08:56.659812,425137831,425137831,425137831,425137831,166720718.03921568,425137791,3321289.3046875,3321289.3046875,3321289.3046875,3321289.3046875,1275413493,425137831,106284457.75,425137831,212568851.5,425137791,4251378.31,166720718.03921568,425137831,425137831,2125689.155,2125689.155,2125689.155,2125689.155,2125689.155,2125689.155,2125689.155,2125689.155,425137831,425137831,425137831,425137831,425137831,425137831,33585888.649000004,4251378310,12974.176971435547,12974.176971435547,12974.176971435547,12974.176971435547,12974.176971435547,12974.176971435547,12974.176971435547,12974.176971435547,166720718.03921568,332138830.46875,166720718.03921568,166720718.03921568,425137831,425137831,106284457.75,425137831,0.197967529296875,0.197967529296875,0.197967529296875,0.197967529296875,0.197967529296875,0.197967529296875,0.197967529296875,0.197967529296875,42513743.1,42513743.1,42513743.1,42513743.1,425137831,425137831,425137.831,166720718.03921568,12974.176971435547,166720718.03921568,425137791,166720718.03921568,166720718.03921568,166720718.03921568,166720718.03921568,166720718.03921568,166720718.03921568,425137831,425137831,425137831,4251378310,425137831,166720718.03921568,2125689.155,425137831,3321289.3046875,3321289.3046875,3321289.3046875,3321289.3046875,4251378310,166720718.03921568,166720718.03921568,425137791,3321179.3046875,21256891.55,425137831,425137831,425137706,425137706,425137831,166720718.03921568,425137831,425137831,425137831,425137831,425137831,425137831,425137831,425137831,425137831,425137831,425137831,425137831,425137831,425137831,425137831,425137831,425137831,425137831,425137831,425137831,425137831,425137831,425137831,425137831,
2025-06-02 01:08:56.730829,425144254,425144254,425144254,425144254,166723236.86274508,425144214,3321339.484375,3321339.484375,3321339.484375,3321339.484375,1275432762,425144254,106286063.5,425144254,212572063.0,425144214,4251442.54,166723236.86274508,425144254,425144254,2125721.27,2125721.27,2125721.27,2125721.27,2125721.27,2125721.27,2125721.27,2125721.27,425144254,425144254,425144254,425144254,425144254,425144254,33586396.066,4251442540,12974.372985839844,12974.372985839844,12974.372985839844,12974.372985839844,12974.372985839844,12974.372985839844,12974.372985839844,12974.372985839844,166723236.86274508,332143848.4375,166723236.86274508,166723236.86274508,425144254,425144254,106286063.5,425144254,0.197967529296875,0.197967529296875,0.197967529296875,0.197967529296875,0.197967529296875,0.197967529296875,0.197967529296875,0.197967529296875,42514385.4,42514385.4,42514385.4,42514385.4,425144254,425144254,425144.254,166723236.86274508,12974.372985839844,166723236.86274508,425144214,166723236.86274508,166723236.86274508,166723236.86274508,166723236.86274508,166723236.86274508,166723236.86274508,425144254,425144254,425144254,4251442540,425144254,166723236.86274508,2125721.27,425144254,3321339.484375,3321339.484375,3321339.484375,3321339.484375,4251442540,166723236.86274508,166723236.86274508,425144214,3321229.484375,21257212.7,425144254,425144254,425144129,425144129,425144254,166723236.86274508,425144254,425144254,425144254,425144254,425144254,425144254,425144254,425144254,425144254,425144254,425144254,425144254,425144254,425144254,425144254,425144254,425144254,425144254,425144254,425144254,425144254,425144254,425144254,425144254,
2025-06-02 01:08:56.772643,425150876,425150876,425150876,425150876,166725833.72549018,425150836,3321391.21875,3321391.21875,3321391.21875,3321391.21875,1275452628,425150876,106287719.0,425150876,212575374.0,425150836,4251508.76,166725833.72549018,425150876,425150876,2125754.38,2125754.38,2125754.38,2125754.38,2125754.38,2125754.38,2125754.38,2125754.38,425150876,425150876,425150876,425150876,425150876,425150876,33586919.204,4251508760,12974.575073242188,12974.575073242188,12974.575073242188,12974.575073242188,12974.575073242188,12974.575073242188,12974.575073242188,12974.575073242188,166725833.72549018,332149021.875,166725833.72549018,166725833.72549018,425150876,425150876,106287719.0,425150876,0.197967529296875,0.197967529296875,0.197967529296875,0.197967529296875,0.197967529296875,0.197967529296875,0.197967529296875,0.197967529296875,42515047.6,42515047.6,42515047.6,42515047.6,425150876,425150876,425150.876,166725833.72549018,12974.575073242188,166725833.72549018,425150836,166725833.72549018,166725833.72549018,166725833.72549018,166725833.72549018,166725833.72549018,166725833.72549018,425150876,425150876,425150876,4251508760,425150876,166725833.72549018,2125754.38,425150876,3321391.21875,3321391.21875,3321391.21875,3321391.21875,4251508760,166725833.72549018,166725833.72549018,425150836,3321281.21875,21257543.8,425150876,425150876,425150751,425150751,425150876,166725833.72549018,425150876,425150876,425150876,425150876,425150876,425150876,425150876,425150876,425150876,425150876,425150876,425150876,425150876,425150876,425150876,425150876,425150876,425150876,425150876,425150876,425150876,425150876,425150876,425150876,
2025-06-02 01:08:56.839643,425155285,425155285,425155285,425155285,166727562.74509805,425155245,3321425.6640625,3321425.6640625,3321425.6640625,3321425.6640625,1275465855,425155285,106288821.25,425155285,212577578.5,425155245,4251552.85,166727562.74509805,425155285,425155285,2125776.425,2125776.425,2125776.425,2125776.425,2125776.425,2125776.425,2125776.425,2125776.425,425155285,425155285,425155285,425155285,425155285,425155285,33587267.515,4251552850,12974.70962524414,12974.70962524414,12974.70962524414,12974.70962524414,12974.70962524414,12974.70962524414,12974.70962524414,12974.70962524414,166727562.74509805,332152466.40625,166727562.74509805,166727562.74509805,425155285,425155285,106288821.25,425155285,0.197967529296875,0.197967529296875,0.197967529296875,0.197967529296875,0.197967529296875,0.197967529296875,0.197967529296875,0.197967529296875,42515488.5,42515488.5,42515488.5,42515488.5,425155285,425155285,425155.285,166727562.74509805,12974.70962524414,166727562.74509805,425155245,166727562.74509805,166727562.74509805,166727562.74509805,166727562.74509805,166727562.74509805,166727562.74509805,425155285,425155285,425155285,4251552850,425155285,166727562.74509805,2125776.425,425155285,3321425.6640625,3321425.6640625,3321425.6640625,3321425.6640625,4251552850,166727562.74509805,166727562.74509805,425155245,3321315.6640625,21257764.25,425155285,425155285,425155160,425155160,425155285,166727562.74509805,425155285,425155285,425155285,425155285,425155285,425155285,425155285,425155285,425155285,425155285,425155285,425155285,425155285,425155285,425155285,425155285,425155285,425155285,425155285,425155285,425155285,425155285,425155285,425155285,
2025-06-02 01:08:56.892796,425162340,425162340,425162340,425162340,166730329.4117647,425162300,3321480.78125,3321480.78125,3321480.78125,3321480.78125,1275487020,425162340,106290585.0,425162340,212581106.0,425162300,4251623.4,166730329.4117647,425162340,425162340,2125811.7,2125811.7,2125811.7,2125811.7,2125811.7,2125811.7,2125811.7,2125811.7,425162340,425162340,425162340,425162340,425162340,425162340,33587824.86,4251623400,12974.924926757812,12974.924926757812,12974.924926757812,12974.924926757812,12974.924926757812,12974.924926757812,12974.924926757812,12974.924926757812,166730329.4117647,332157978.125,166730329.4117647,166730329.4117647,425162340,425162340,106290585.0,425162340,0.197967529296875,0.197967529296875,0.197967529296875,0.197967529296875,0.197967529296875,0.197967529296875,0.197967529296875,0.197967529296875,42516194.0,42516194.0,42516194.0,42516194.0,425162340,425162340,425162.34,166730329.4117647,12974.924926757812,166730329.4117647,425162300,166730329.4117647,166730329.4117647,166730329.4117647,166730329.4117647,166730329.4117647,166730329.4117647,425162340,425162340,425162340,4251623400,425162340,166730329.4117647,2125811.7,425162340,3321480.78125,3321480.78125,3321480.78125,3321480.78125,4251623400,166730329.4117647,166730329.4117647,425162300,3321370.78125,21258117.0,425162340,425162340,425162215,425162215,425162340,166730329.4117647,425162340,425162340,425162340,425162340,425162340,425162340,425162340,425162340,425162340,425162340,425162340,425162340,425162340,425162340,425162340,425162340,425162340,425162340,425162340,425162340,425162340,425162340,425162340,425162340,
2025-06-02 01:08:56.954151,425167602,425167602,425167602,425167602,166732392.94117647,425167562,3321521.890625,3321521.890625,3321521.890625,3321521.890625,1275502806,425167602,106291900.5,425167602,212583737.0,425167562,4251676.02,166732392.94117647,425167602,425167602,2125838.01,2125838.01,2125838.01,2125838.01,2125838.01,2125838.01,2125838.01,2125838.01,425167602,425167602,425167602,425167602,425167602,425167602,33588240.558,4251676020,12975.085510253906,12975.085510253906,12975.085510253906,12975.085510253906,12975.085510253906,12975.085510253906,12975.085510253906,12975.085510253906,166732392.94117647,332162089.0625,166732392.94117647,166732392.94117647,425167602,425167602,106291900.5,425167602,0.197967529296875,0.197967529296875,0.197967529296875,0.197967529296875,0.197967529296875,0.197967529296875,0.197967529296875,0.197967529296875,42516720.2,42516720.2,42516720.2,42516720.2,425167602,425167602,425167.602,166732392.94117647,12975.085510253906,166732392.94117647,425167562,166732392.94117647,166732392.94117647,166732392.94117647,166732392.94117647,166732392.94117647,166732392.94117647,425167602,425167602,425167602,4251676020,425167602,166732392.94117647,2125838.01,425167602,3321521.890625,3321521.890625,3321521.890625,3321521.890625,4251676020,166732392.94117647,166732392.94117647,425167562,3321411.890625,21258380.1,425167602,425167602,425167477,425167477,425167602,166732392.94117647,425167602,425167602,425167602,425167602,425167602,425167602,425167602,425167602,425167602,425167602,425167602,425167602,425167602,425167602,425167602,425167602,425167602,425167602,425167602,425167602,425167602,425167602,425167602,425167602,
2025-06-02 01:08:57.023896,425173863,425173863,425173863,425173863,166734848.2352941,425173823,3321570.8046875,3321570.8046875,3321570.8046875,3321570.8046875,1275521589,425173863,106293465.75,425173863,212586867.5,425173823,4251738.63,166734848.2352941,425173863,425173863,2125869.315,2125869.315,2125869.315,2125869.315,2125869.315,2125869.315,2125869.315,2125869.315,425173863,425173863,425173863,425173863,425173863,425173863,33588735.177,4251738630,12975.276580810547,12975.276580810547,12975.276580810547,12975.276580810547,12975.276580810547,12975.276580810547,12975.276580810547,12975.276580810547,166734848.2352941,332166980.46875,166734848.2352941,166734848.2352941,425173863,425173863,106293465.75,425173863,0.197967529296875,0.197967529296875,0.197967529296875,0.197967529296875,0.197967529296875,0.197967529296875,0.197967529296875,0.197967529296875,42517346.3,42517346.3,42517346.3,42517346.3,425173863,425173863,425173.863,166734848.2352941,12975.276580810547,166734848.2352941,425173823,166734848.2352941,166734848.2352941,166734848.2352941,166734848.2352941,166734848.2352941,166734848.2352941,425173863,425173863,425173863,4251738630,425173863,166734848.2352941,2125869.315,425173863,3321570.8046875,3321570.8046875,3321570.8046875,3321570.8046875,4251738630,166734848.2352941,166734848.2352941,425173823,3321460.8046875,21258693.15,425173863,425173863,425173738,425173738,425173863,166734848.2352941,425173863,425173863,425173863,425173863,425173863,425173863,425173863,425173863,425173863,425173863,425173863,425173863,425173863,425173863,425173863,425173863,425173863,425173863,425173863,425173863,425173863,425173863,425173863,425173863,
2025-06-02 01:08:57.077709,425181327,425181327,425181327,425181327,166737775.29411766,425181287,3321629.1171875,3321629.1171875,3321629.1171875,3321629.1171875,1275543981,425181327,106295331.75,425181327,212590599.5,425181287,4251813.27,166737775.29411766,425181327,425181327,2125906.635,2125906.635,2125906.635,2125906.635,2125906.635,2125906.635,2125906.635,2125906.635,425181327,425181327,425181327,425181327,425181327,425181327,33589324.833,4251813270,12975.504364013672,12975.504364013672,12975.504364013672,12975.504364013672,12975.504364013672,12975.504364013672,12975.504364013672,12975.504364013672,166737775.29411766,332172811.71875,166737775.29411766,166737775.29411766,425181327,425181327,106295331.75,425181327,0.197967529296875,0.197967529296875,0.197967529296875,0.197967529296875,0.197967529296875,0.197967529296875,0.197967529296875,0.197967529296875,42518092.7,42518092.7,42518092.7,42518092.7,425181327,425181327,425181.327,166737775.29411766,12975.504364013672,166737775.29411766,425181287,166737775.29411766,166737775.29411766,166737775.29411766,166737775.29411766,166737775.29411766,166737775.29411766,425181327,425181327,425181327,4251813270,425181327,166737775.29411766,2125906.635,425181327,3321629.1171875,3321629.1171875,3321629.1171875,3321629.1171875,4251813270,166737775.29411766,166737775.29411766,425181287,3321519.1171875,21259066.35,425181327,425181327,425181202,425181202,425181327,166737775.29411766,425181327,425181327,425181327,425181327,425181327,425181327,425181327,425181327,425181327,425181327,425181327,425181327,425181327,425181327,425181327,425181327,425181327,425181327,425181327,425181327,425181327,425181327,425181327,425181327,
2025-06-02 01:08:57.138616,425186593,425186593,425186593,425186593,166739840.39215684,425186553,3321670.2578125,3321670.2578125,3321670.2578125,3321670.2578125,1275559779,425186593,106296648.25,425186593,212593232.5,425186553,4251865.93,166739840.39215684,425186593,425186593,2125932.965,2125932.965,2125932.965,2125932.965,2125932.965,2125932.965,2125932.965,2125932.965,425186593,425186593,425186593,425186593,425186593,425186593,33589740.847,4251865930,12975.665069580078,12975.665069580078,12975.665069580078,12975.665069580078,12975.665069580078,12975.665069580078,12975.665069580078,12975.665069580078,166739840.39215684,332176925.78125,166739840.39215684,166739840.39215684,425186593,425186593,106296648.25,425186593,0.197967529296875,0.197967529296875,0.197967529296875,0.197967529296875,0.197967529296875,0.197967529296875,0.197967529296875,0.197967529296875,42518619.3,42518619.3,42518619.3,42518619.3,425186593,425186593,425186.593,166739840.39215684,12975.665069580078,166739840.39215684,425186553,166739840.39215684,166739840.39215684,166739840.39215684,166739840.39215684,166739840.39215684,166739840.39215684,425186593,425186593,425186593,4251865930,425186593,166739840.39215684,2125932.965,425186593,3321670.2578125,3321670.2578125,3321670.2578125,3321670.2578125,4251865930,166739840.39215684,166739840.39215684,425186553,3321560.2578125,21259329.65,425186593,425186593,425186468,425186468,425186593,166739840.39215684,425186593,425186593,425186593,425186593,425186593,425186593,425186593,425186593,425186593,425186593,425186593,425186593,425186593,425186593,425186593,425186593,425186593,425186593,425186593,425186593,425186593,425186593,425186593,425186593,
2025-06-02 01:08:57.189826,425193266,425193266,425193266,425193266,166742457.25490198,425193226,3321722.390625,3321722.390625,3321722.390625,3321722.390625,1275579798,425193266,106298316.5,425193266,212596569.0,425193226,4251932.66,166742457.25490198,425193266,425193266,2125966.33,2125966.33,2125966.33,2125966.33,2125966.33,2125966.33,2125966.33,2125966.33,425193266,425193266,425193266,425193266,425193266,425193266,33590268.014,4251932660,12975.868713378906,12975.868713378906,12975.868713378906,12975.868713378906,12975.868713378906,12975.868713378906,12975.868713378906,12975.868713378906,166742457.25490198,332182139.0625,166742457.25490198,166742457.25490198,425193266,425193266,106298316.5,425193266,0.197967529296875,0.197967529296875,0.197967529296875,0.197967529296875,0.197967529296875,0.197967529296875,0.197967529296875,0.197967529296875,42519286.6,42519286.6,42519286.6,42519286.6,425193266,425193266,425193.266,166742457.25490198,12975.868713378906,166742457.25490198,425193226,166742457.25490198,166742457.25490198,166742457.25490198,166742457.25490198,166742457.25490198,166742457.25490198,425193266,425193266,425193266,4251932660,425193266,166742457.25490198,2125966.33,425193266,3321722.390625,3321722.390625,3321722.390625,3321722.390625,4251932660,166742457.25490198,166742457.25490198,425193226,3321612.390625,21259663.3,425193266,425193266,425193141,425193141,425193266,166742457.25490198,425193266,425193266,425193266,425193266,425193266,425193266,425193266,425193266,425193266,425193266,425193266,425193266,425193266,425193266,425193266,425193266,425193266,425193266,425193266,425193266,425193266,425193266,425193266,425193266,
2025-06-02 01:08:57.258842,425200039,425200039,425200039,425200039,166745113.33333334,425199999,3321775.3046875,3321775.3046875,3321775.3046875,3321775.3046875,1275600117,425200039,106300009.75,425200039,212599955.5,425199999,4252000.39,166745113.33333334,425200039,425200039,2126000.195,2126000.195,2126000.195,2126000.195,2126000.195,2126000.195,2126000.195,2126000.195,425200039,425200039,425200039,425200039,425200039,425200039,33590803.081,4252000390,12976.075408935547,12976.075408935547,12976.075408935547,12976.075408935547,12976.075408935547,12976.075408935547,12976.075408935547,12976.075408935547,166745113.33333334,332187430.46875,166745113.33333334,166745113.33333334,425200039,425200039,106300009.75,425200039,0.197998046875,0.197998046875,0.197998046875,0.197998046875,0.197998046875,0.197998046875,0.197998046875,0.197998046875,42519963.9,42519963.9,42519963.9,42519963.9,425200039,425200039,425200.039,166745113.33333334,12976.075408935547,166745113.33333334,425199999,166745113.33333334,166745113.33333334,166745113.33333334,166745113.33333334,166745113.33333334,166745113.33333334,425200039,425200039,425200039,4252000390,425200039,166745113.33333334,2126000.195,425200039,3321775.3046875,3321775.3046875,3321775.3046875,3321775.3046875,4252000390,166745113.33333334,166745113.33333334,425199999,3321665.3046875,21260001.95,425200039,425200039,425199914,425199914,425200039,166745113.33333334,425200039,425200039,425200039,425200039,425200039,425200039,425200039,425200039,425200039,425200039,425200039,425200039,425200039,425200039,425200039,425200039,425200039,425200039,425200039,425200039,425200039,425200039,425200039,425200039,
2025-06-02 01:08:57.328757,425205686,425205686,425205686,425205686,166747327.84313723,425205646,3321819.421875,3321819.421875,3321819.421875,3321819.421875,1275617058,425205686,106301421.5,425205686,212602779.0,425205646,4252056.86,166747327.84313723,425205686,425205686,2126028.43,2126028.43,2126028.43,2126028.43,2126028.43,2126028.43,2126028.43,2126028.43,425205686,425205686,425205686,425205686,425205686,425205686,33591249.194,4252056860,12976.247741699219,12976.247741699219,12976.247741699219,12976.247741699219,12976.247741699219,12976.247741699219,12976.247741699219,12976.247741699219,166747327.84313723,332191842.1875,166747327.84313723,166747327.84313723,425205686,425205686,106301421.5,425205686,0.197998046875,0.197998046875,0.197998046875,0.197998046875,0.197998046875,0.197998046875,0.197998046875,0.197998046875,42520528.6,42520528.6,42520528.6,42520528.6,425205686,425205686,425205.686,166747327.84313723,12976.247741699219,166747327.84313723,425205646,166747327.84313723,166747327.84313723,166747327.84313723,166747327.84313723,166747327.84313723,166747327.84313723,425205686,425205686,425205686,4252056860,425205686,166747327.84313723,2126028.43,425205686,3321819.421875,3321819.421875,3321819.421875,3321819.421875,4252056860,166747327.84313723,166747327.84313723,425205646,3321709.421875,21260284.3,425205686,425205686,425205561,425205561,425205686,166747327.84313723,425205686,425205686,425205686,425205686,425205686,425205686,425205686,425205686,425205686,425205686,425205686,425205686,425205686,425205686,425205686,425205686,425205686,425205686,425205686,425205686,425205686,425205686,425205686,425205686,
2025-06-02 01:08:57.396085,425212358,425212358,425212358,425212358,166749944.31372547,425212318,3321871.546875,3321871.546875,3321871.546875,3321871.546875,1275637074,425212358,106303089.5,425212358,212606115.0,425212318,4252123.58,166749944.31372547,425212358,425212358,2126061.79,2126061.79,2126061.79,2126061.79,2126061.79,2126061.79,2126061.79,2126061.79,425212358,425212358,425212358,425212358,425212358,425212358,33591776.282,4252123580,12976.451354980469,12976.451354980469,12976.451354980469,12976.451354980469,12976.451354980469,12976.451354980469,12976.451354980469,12976.451354980469,166749944.31372547,332197054.6875,166749944.31372547,166749944.31372547,425212358,425212358,106303089.5,425212358,0.197998046875,0.197998046875,0.197998046875,0.197998046875,0.197998046875,0.197998046875,0.197998046875,0.197998046875,42521195.8,42521195.8,42521195.8,42521195.8,425212358,425212358,425212.358,166749944.31372547,12976.451354980469,166749944.31372547,425212318,166749944.31372547,166749944.31372547,166749944.31372547,166749944.31372547,166749944.31372547,166749944.31372547,425212358,425212358,425212358,4252123580,425212358,166749944.31372547,2126061.79,425212358,3321871.546875,3321871.546875,3321871.546875,3321871.546875,4252123580,166749944.31372547,166749944.31372547,425212318,3321761.546875,21260617.9,425212358,425212358,425212233,425212233,425212358,166749944.31372547,425212358,425212358,425212358,425212358,425212358,425212358,425212358,425212358,425212358,425212358,425212358,425212358,425212358,425212358,425212358,425212358,425212358,425212358,425212358,425212358,425212358,425212358,425212358,425212358,
2025-06-02 01:08:57.448917,425219469,425219469,425219469,425219469,166752732.94117647,425219429,3321927.1015625,3321927.1015625,3321927.1015625,3321927.1015625,1275658407,425219469,106304867.25,425219469,212609670.5,425219429,4252194.69,166752732.94117647,425219469,425219469,2126097.345,2126097.345,2126097.345,2126097.345,2126097.345,2126097.345,2126097.345,2126097.345,425219469,425219469,425219469,425219469,425219469,425219469,33592338.051,4252194690,12976.668365478516,12976.668365478516,12976.668365478516,12976.668365478516,12976.668365478516,12976.668365478516,12976.668365478516,12976.668365478516,166752732.94117647,332202610.15625,166752732.94117647,166752732.94117647,425219469,425219469,106304867.25,425219469,0.197998046875,0.197998046875,0.197998046875,0.197998046875,0.197998046875,0.197998046875,0.197998046875,0.197998046875,42521906.9,42521906.9,42521906.9,42521906.9,425219469,425219469,425219.469,166752732.94117647,12976.668365478516,166752732.94117647,425219429,166752732.94117647,166752732.94117647,166752732.94117647,166752732.94117647,166752732.94117647,166752732.94117647,425219469,425219469,425219469,4252194690,425219469,166752732.94117647,2126097.345,425219469,3321927.1015625,3321927.1015625,3321927.1015625,3321927.1015625,4252194690,166752732.94117647,166752732.94117647,425219429,3321817.1015625,21260973.45,425219469,425219469,425219344,425219344,425219469,166752732.94117647,425219469,425219469,425219469,425219469,425219469,425219469,425219469,425219469,425219469,425219469,425219469,425219469,425219469,425219469,425219469,425219469,425219469,425219469,425219469,425219469,425219469,425219469,425219469,425219469,
2025-06-02 01:08:57.512234,425224984,425224984,425224984,425224984,166754895.6862745,425224944,3321970.1875,3321970.1875,3321970.1875,3321970.1875,1275674952,425224984,106306246.0,425224984,212612428.0,425224944,4252249.84,166754895.6862745,425224984,425224984,2126124.92,2126124.92,2126124.92,2126124.92,2126124.92,2126124.92,2126124.92,2126124.92,425224984,425224984,425224984,425224984,425224984,425224984,33592773.736,4252249840,12976.836669921875,12976.836669921875,12976.836669921875,12976.836669921875,12976.836669921875,12976.836669921875,12976.836669921875,12976.836669921875,166754895.6862745,332206918.75,166754895.6862745,166754895.6862745,425224984,425224984,106306246.0,425224984,0.197998046875,0.197998046875,0.197998046875,0.197998046875,0.197998046875,0.197998046875,0.197998046875,0.197998046875,42522458.4,42522458.4,42522458.4,42522458.4,425224984,425224984,425224.984,166754895.6862745,12976.836669921875,166754895.6862745,425224944,166754895.6862745,166754895.6862745,166754895.6862745,166754895.6862745,166754895.6862745,166754895.6862745,425224984,425224984,425224984,4252249840,425224984,166754895.6862745,2126124.92,425224984,3321970.1875,3321970.1875,3321970.1875,3321970.1875,4252249840,166754895.6862745,166754895.6862745,425224944,3321860.1875,21261249.2,425224984,425224984,425224859,425224859,425224984,166754895.6862745,425224984,425224984,425224984,425224984,425224984,425224984,425224984,425224984,425224984,425224984,425224984,425224984,425224984,425224984,425224984,425224984,425224984,425224984,425224984,425224984,425224984,425224984,425224984,425224984,
2025-06-02 01:08:57.582657,425231246,425231246,425231246,425231246,166757351.37254903,425231206,3322019.109375,3322019.109375,3322019.109375,3322019.109375,1275693738,425231246,106307811.5,425231246,212615559.0,425231206,4252312.46,166757351.37254903,425231246,425231246,2126156.23,2126156.23,2126156.23,2126156.23,2126156.23,2126156.23,2126156.23,2126156.23,425231246,425231246,425231246,425231246,425231246,425231246,33593268.434,4252312460,12977.027770996094,12977.027770996094,12977.027770996094,12977.027770996094,12977.027770996094,12977.027770996094,12977.027770996094,12977.027770996094,166757351.37254903,332211810.9375,166757351.37254903,166757351.37254903,425231246,425231246,106307811.5,425231246,0.197998046875,0.197998046875,0.197998046875,0.197998046875,0.197998046875,0.197998046875,0.197998046875,0.197998046875,42523084.6,42523084.6,42523084.6,42523084.6,425231246,425231246,425231.246,166757351.37254903,12977.027770996094,166757351.37254903,425231206,166757351.37254903,166757351.37254903,166757351.37254903,166757351.37254903,166757351.37254903,166757351.37254903,425231246,425231246,425231246,4252312460,425231246,166757351.37254903,2126156.23,425231246,3322019.109375,3322019.109375,3322019.109375,3322019.109375,4252312460,166757351.37254903,166757351.37254903,425231206,3321909.109375,21261562.3,425231246,425231246,425231121,425231121,425231246,166757351.37254903,425231246,425231246,425231246,425231246,425231246,425231246,425231246,425231246,425231246,425231246,425231246,425231246,425231246,425231246,425231246,425231246,425231246,425231246,425231246,425231246,425231246,425231246,425231246,425231246,
2025-06-02 01:08:57.635740,425238844,425238844,425238844,425238844,166760330.98039216,425238804,3322078.46875,3322078.46875,3322078.46875,3322078.46875,1275716532,425238844,106309711.0,425238844,212619358.0,425238804,4252388.44,166760330.98039216,425238844,425238844,2126194.22,2126194.22,2126194.22,2126194.22,2126194.22,2126194.22,2126194.22,2126194.22,425238844,425238844,425238844,425238844,425238844,425238844,33593868.676,4252388440,12977.259643554688,12977.259643554688,12977.259643554688,12977.259643554688,12977.259643554688,12977.259643554688,12977.259643554688,12977.259643554688,166760330.98039216,332217746.875,166760330.98039216,166760330.98039216,425238844,425238844,106309711.0,425238844,0.197998046875,0.197998046875,0.197998046875,0.197998046875,0.197998046875,0.197998046875,0.197998046875,0.197998046875,42523844.4,42523844.4,42523844.4,42523844.4,425238844,425238844,425238.844,166760330.98039216,12977.259643554688,166760330.98039216,425238804,166760330.98039216,166760330.98039216,166760330.98039216,166760330.98039216,166760330.98039216,166760330.98039216,425238844,425238844,425238844,4252388440,425238844,166760330.98039216,2126194.22,425238844,3322078.46875,3322078.46875,3322078.46875,3322078.46875,4252388440,166760330.98039216,166760330.98039216,425238804,3321968.46875,21261942.2,425238844,425238844,425238719,425238719,425238844,166760330.98039216,425238844,425238844,425238844,425238844,425238844,425238844,425238844,425238844,425238844,425238844,425238844,425238844,425238844,425238844,425238844,425238844,425238844,425238844,425238844,425238844,425238844,425238844,425238844,425238844,
2025-06-02 01:08:57.689861,425243975,425243975,425243975,425243975,166762343.1372549,425243935,3322118.5546875,3322118.5546875,3322118.5546875,3322118.5546875,1275731925,425243975,106310993.75,425243975,212621923.5,425243935,4252439.75,166762343.1372549,425243975,425243975,2126219.875,2126219.875,2126219.875,2126219.875,2126219.875,2126219.875,2126219.875,2126219.875,425243975,425243975,425243975,425243975,425243975,425243975,33594274.025,4252439750,12977.416229248047,12977.416229248047,12977.416229248047,12977.416229248047,12977.416229248047,12977.416229248047,12977.416229248047,12977.416229248047,166762343.1372549,332221755.46875,166762343.1372549,166762343.1372549,425243975,425243975,106310993.75,425243975,0.197998046875,0.197998046875,0.197998046875,0.197998046875,0.197998046875,0.197998046875,0.197998046875,0.197998046875,42524357.5,42524357.5,42524357.5,42524357.5,425243975,425243975,425243.975,166762343.1372549,12977.416229248047,166762343.1372549,425243935,166762343.1372549,166762343.1372549,166762343.1372549,166762343.1372549,166762343.1372549,166762343.1372549,425243975,425243975,425243975,4252439750,425243975,166762343.1372549,2126219.875,425243975,3322118.5546875,3322118.5546875,3322118.5546875,3322118.5546875,4252439750,166762343.1372549,166762343.1372549,425243935,3322008.5546875,21262198.75,425243975,425243975,425243850,425243850,425243975,166762343.1372549,425243975,425243975,425243975,425243975,425243975,425243975,425243975,425243975,425243975,425243975,425243975,425243975,425243975,425243975,425243975,425243975,425243975,425243975,425243975,425243975,425243975,425243975,425243975,425243975,
2025-06-02 01:08:57.749865,425250158,425250158,425250158,425250158,166764767.84313726,425250118,3322166.859375,3322166.859375,3322166.859375,3322166.859375,1275750474,425250158,106312539.5,425250158,212625015.0,425250118,4252501.58,166764767.84313726,425250158,425250158,2126250.79,2126250.79,2126250.79,2126250.79,2126250.79,2126250.79,2126250.79,2126250.79,425250158,425250158,425250158,425250158,425250158,425250158,33594762.482,4252501580,12977.604919433594,12977.604919433594,12977.604919433594,12977.604919433594,12977.604919433594,12977.604919433594,12977.604919433594,12977.604919433594,166764767.84313726,332226585.9375,166764767.84313726,166764767.84313726,425250158,425250158,106312539.5,425250158,0.197998046875,0.197998046875,0.197998046875,0.197998046875,0.197998046875,0.197998046875,0.197998046875,0.197998046875,42524975.8,42524975.8,42524975.8,42524975.8,425250158,425250158,425250.158,166764767.84313726,12977.604919433594,166764767.84313726,425250118,166764767.84313726,166764767.84313726,166764767.84313726,166764767.84313726,166764767.84313726,166764767.84313726,425250158,425250158,425250158,4252501580,425250158,166764767.84313726,2126250.79,425250158,3322166.859375,3322166.859375,3322166.859375,3322166.859375,4252501580,166764767.84313726,166764767.84313726,425250118,3322056.859375,21262507.9,425250158,425250158,425250033,425250033,425250158,166764767.84313726,425250158,425250158,425250158,425250158,425250158,425250158,425250158,425250158,425250158,425250158,425250158,425250158,425250158,425250158,425250158,425250158,425250158,425250158,425250158,425250158,425250158,425250158,425250158,425250158,
2025-06-02 01:08:57.814846,425257319,425257319,425257319,425257319,166767576.07843137,425257279,3322222.8046875,3322222.8046875,3322222.8046875,3322222.8046875,1275771957,425257319,106314329.75,425257319,212628595.5,425257279,4252573.19,166767576.07843137,425257319,425257319,2126286.595,2126286.595,2126286.595,2126286.595,2126286.595,2126286.595,2126286.595,2126286.595,425257319,425257319,425257319,425257319,425257319,425257319,33595328.201,4252573190,12977.823455810547,12977.823455810547,12977.823455810547,12977.823455810547,12977.823455810547,12977.823455810547,12977.823455810547,12977.823455810547,166767576.07843137,332232180.46875,166767576.07843137,166767576.07843137,425257319,425257319,106314329.75,425257319,0.197998046875,0.197998046875,0.197998046875,0.197998046875,0.197998046875,0.197998046875,0.197998046875,0.197998046875,42525691.9,42525691.9,42525691.9,42525691.9,425257319,425257319,425257.319,166767576.07843137,12977.823455810547,166767576.07843137,425257279,166767576.07843137,166767576.07843137,166767576.07843137,166767576.07843137,166767576.07843137,166767576.07843137,425257319,425257319,425257319,4252573190,425257319,166767576.07843137,2126286.595,425257319,3322222.8046875,3322222.8046875,3322222.8046875,3322222.8046875,4252573190,166767576.07843137,166767576.07843137,425257279,3322112.8046875,21262865.95,425257319,425257319,425257194,425257194,425257319,166767576.07843137,425257319,425257319,425257319,425257319,425257319,425257319,425257319,425257319,425257319,425257319,425257319,425257319,425257319,425257319,425257319,425257319,425257319,425257319,425257319,425257319,425257319,425257319,425257319,425257319,
2025-06-02 01:08:57.874902,425328294,425328294,425328294,425328294,166795409.4117647,425328254,3322777.296875,3322777.296875,3322777.296875,3322777.296875,1275984882,425328294,106332073.5,425328294,212664083.0,425328254,4253282.94,166795409.4117647,425328294,425328294,2126641.47,2126641.47,2126641.47,2126641.47,2126641.47,2126641.47,2126641.47,2126641.47,425328294,425328294,425328294,425328294,425328294,425328294,33600935.226,4253282940,12979.989440917969,12979.989440917969,12979.989440917969,12979.989440917969,12979.989440917969,12979.989440917969,12979.989440917969,12979.989440917969,166795409.4117647,332287629.6875,166795409.4117647,166795409.4117647,425328294,425328294,106332073.5,425328294,0.198028564453125,0.198028564453125,0.198028564453125,0.198028564453125,0.198028564453125,0.198028564453125,0.198028564453125,0.198028564453125,42532789.4,42532789.4,42532789.4,42532789.4,425328294,425328294,425328.294,166795409.4117647,12979.989440917969,166795409.4117647,425328254,166795409.4117647,166795409.4117647,166795409.4117647,166795409.4117647,166795409.4117647,166795409.4117647,425328294,425328294,425328294,4253282940,425328294,166795409.4117647,2126641.47,425328294,3322777.296875,3322777.296875,3322777.296875,3322777.296875,4253282940,166795409.4117647,166795409.4117647,425328254,3322667.296875,21266414.7,425328294,425328294,425328169,425328169,425328294,166795409.4117647,425328294,425328294,425328294,425328294,425328294,425328294,425328294,425328294,425328294,425328294,425328294,425328294,425328294,425328294,425328294,425328294,425328294,425328294,425328294,425328294,425328294,425328294,425328294,425328294,
2025-06-02 01:08:57.930579,425268917,425268917,425268917,425268917,166772124.31372547,425268877,3322313.4140625,3322313.4140625,3322313.4140625,3322313.4140625,1275806751,425268917,106317229.25,425268917,212634394.5,425268877,4252689.17,166772124.31372547,425268917,425268917,2126344.585,2126344.585,2126344.585,2126344.585,2126344.585,2126344.585,2126344.585,2126344.585,425268917,425268917,425268917,425268917,425268917,425268917,33596244.443,4252689170,12978.17739868164,12978.17739868164,12978.17739868164,12978.17739868164,12978.17739868164,12978.17739868164,12978.17739868164,12978.17739868164,166772124.31372547,332241241.40625,166772124.31372547,166772124.31372547,425268917,425268917,106317229.25,425268917,0.198028564453125,0.198028564453125,0.198028564453125,0.198028564453125,0.198028564453125,0.198028564453125,0.198028564453125,0.198028564453125,42526851.7,42526851.7,42526851.7,42526851.7,425268917,425268917,425268.917,166772124.31372547,12978.17739868164,166772124.31372547,425268877,166772124.31372547,166772124.31372547,166772124.31372547,166772124.31372547,166772124.31372547,166772124.31372547,425268917,425268917,425268917,4252689170,425268917,166772124.31372547,2126344.585,425268917,3322313.4140625,3322313.4140625,3322313.4140625,3322313.4140625,4252689170,166772124.31372547,166772124.31372547,425268877,3322203.4140625,21263445.85,425268917,425268917,425268792,425268792,425268917,166772124.31372547,425268917,425268917,425268917,425268917,425268917,425268917,425268917,425268917,425268917,425268917,425268917,425268917,425268917,425268917,425268917,425268917,425268917,425268917,425268917,425268917,425268917,425268917,425268917,425268917,
2025-06-02 01:08:58.004091,425274319,425274319,425274319,425274319,166774242.74509802,425274279,3322355.6171875,3322355.6171875,3322355.6171875,3322355.6171875,1275822957,425274319,106318579.75,425274319,212637095.5,425274279,4252743.19,166774242.74509802,425274319,425274319,2126371.595,2126371.595,2126371.595,2126371.595,2126371.595,2126371.595,2126371.595,2126371.595,425274319,425274319,425274319,425274319,425274319,425274319,33596671.201,4252743190,12978.342254638672,12978.342254638672,12978.342254638672,12978.342254638672,12978.342254638672,12978.342254638672,12978.342254638672,12978.342254638672,166774242.74509802,332245461.71875,166774242.74509802,166774242.74509802,425274319,425274319,106318579.75,425274319,0.198028564453125,0.198028564453125,0.198028564453125,0.198028564453125,0.198028564453125,0.198028564453125,0.198028564453125,0.198028564453125,42527391.9,42527391.9,42527391.9,42527391.9,425274319,425274319,425274.319,166774242.74509802,12978.342254638672,166774242.74509802,425274279,166774242.74509802,166774242.74509802,166774242.74509802,166774242.74509802,166774242.74509802,166774242.74509802,425274319,425274319,425274319,4252743190,425274319,166774242.74509802,2126371.595,425274319,3322355.6171875,3322355.6171875,3322355.6171875,3322355.6171875,4252743190,166774242.74509802,166774242.74509802,425274279,3322245.6171875,21263715.95,425274319,425274319,425274194,425274194,425274319,166774242.74509802,425274319,425274319,425274319,425274319,425274319,425274319,425274319,425274319,425274319,425274319,425274319,425274319,425274319,425274319,425274319,425274319,425274319,425274319,425274319,425274319,425274319,425274319,425274319,425274319,
2025-06-02 01:08:58.064397,425282056,425282056,425282056,425282056,166777276.8627451,425282016,3322416.0625,3322416.0625,3322416.0625,3322416.0625,1275846168,425282056,106320514.0,425282056,212640964.0,425282016,4252820.56,166777276.8627451,425282056,425282056,2126410.28,2126410.28,2126410.28,2126410.28,2126410.28,2126410.28,2126410.28,2126410.28,425282056,425282056,425282056,425282056,425282056,425282056,33597282.424,4252820560,12978.578369140625,12978.578369140625,12978.578369140625,12978.578369140625,12978.578369140625,12978.578369140625,12978.578369140625,12978.578369140625,166777276.8627451,332251506.25,166777276.8627451,166777276.8627451,425282056,425282056,106320514.0,425282056,0.198028564453125,0.198028564453125,0.198028564453125,0.198028564453125,0.198028564453125,0.198028564453125,0.198028564453125,0.198028564453125,42528165.6,42528165.6,42528165.6,42528165.6,425282056,425282056,425282.056,166777276.8627451,12978.578369140625,166777276.8627451,425282016,166777276.8627451,166777276.8627451,166777276.8627451,166777276.8627451,166777276.8627451,166777276.8627451,425282056,425282056,425282056,4252820560,425282056,166777276.8627451,2126410.28,425282056,3322416.0625,3322416.0625,3322416.0625,3322416.0625,4252820560,166777276.8627451,166777276.8627451,425282016,3322306.0625,21264102.8,425282056,425282056,425281931,425281931,425282056,166777276.8627451,425282056,425282056,425282056,425282056,425282056,425282056,425282056,425282056,425282056,425282056,425282056,425282056,425282056,425282056,425282056,425282056,425282056,425282056,425282056,425282056,425282056,425282056,425282056,425282056,
2025-06-02 01:08:58.115883,425288317,425288317,425288317,425288317,166779732.15686274,425288277,3322464.9765625,3322464.9765625,3322464.9765625,3322464.9765625,1275864951,425288317,106322079.25,425288317,212644094.5,425288277,4252883.17,166779732.15686274,425288317,425288317,2126441.585,2126441.585,2126441.585,2126441.585,2126441.585,2126441.585,2126441.585,2126441.585,425288317,425288317,425288317,425288317,425288317,425288317,33597777.043,4252883170,12978.769439697266,12978.769439697266,12978.769439697266,12978.769439697266,12978.769439697266,12978.769439697266,12978.769439697266,12978.769439697266,166779732.15686274,332256397.65625,166779732.15686274,166779732.15686274,425288317,425288317,106322079.25,425288317,0.198028564453125,0.198028564453125,0.198028564453125,0.198028564453125,0.198028564453125,0.198028564453125,0.198028564453125,0.198028564453125,42528791.7,42528791.7,42528791.7,42528791.7,425288317,425288317,425288.317,166779732.15686274,12978.769439697266,166779732.15686274,425288277,166779732.15686274,166779732.15686274,166779732.15686274,166779732.15686274,166779732.15686274,166779732.15686274,425288317,425288317,425288317,4252883170,425288317,166779732.15686274,2126441.585,425288317,3322464.9765625,3322464.9765625,3322464.9765625,3322464.9765625,4252883170,166779732.15686274,166779732.15686274,425288277,3322354.9765625,21264415.85,425288317,425288317,425288192,425288192,425288317,166779732.15686274,425288317,425288317,425288317,425288317,425288317,425288317,425288317,425288317,425288317,425288317,425288317,425288317,425288317,425288317,425288317,425288317,425288317,425288317,425288317,425288317,425288317,425288317,425288317,425288317,
2025-06-02 01:08:58.187895,425293717,425293717,425293717,425293717,166781849.80392155,425293677,3322507.1640625,3322507.1640625,3322507.1640625,3322507.1640625,1275881151,425293717,106323429.25,425293717,212646794.5,425293677,4252937.17,166781849.80392155,425293717,425293717,2126468.585,2126468.585,2126468.585,2126468.585,2126468.585,2126468.585,2126468.585,2126468.585,425293717,425293717,425293717,425293717,425293717,425293717,33598203.643,4252937170,12978.93423461914,12978.93423461914,12978.93423461914,12978.93423461914,12978.93423461914,12978.93423461914,12978.93423461914,12978.93423461914,166781849.80392155,332260616.40625,166781849.80392155,166781849.80392155,425293717,425293717,106323429.25,425293717,0.198028564453125,0.198028564453125,0.198028564453125,0.198028564453125,0.198028564453125,0.198028564453125,0.198028564453125,0.198028564453125,42529331.7,42529331.7,42529331.7,42529331.7,425293717,425293717,425293.717,166781849.80392155,12978.93423461914,166781849.80392155,425293677,166781849.80392155,166781849.80392155,166781849.80392155,166781849.80392155,166781849.80392155,166781849.80392155,425293717,425293717,425293717,4252937170,425293717,166781849.80392155,2126468.585,425293717,3322507.1640625,3322507.1640625,3322507.1640625,3322507.1640625,4252937170,166781849.80392155,166781849.80392155,425293677,3322397.1640625,21264685.85,425293717,425293717,425293592,425293592,425293717,166781849.80392155,425293717,425293717,425293717,425293717,425293717,425293717,425293717,425293717,425293717,425293717,425293717,425293717,425293717,425293717,425293717,425293717,425293717,425293717,425293717,425293717,425293717,425293717,425293717,425293717,
2025-06-02 01:08:58.250902,425301046,425301046,425301046,425301046,166784723.92156863,425301006,3322564.421875,3322564.421875,3322564.421875,3322564.421875,1275903138,425301046,106325261.5,425301046,212650459.0,425301006,4253010.46,166784723.92156863,425301046,425301046,2126505.23,2126505.23,2126505.23,2126505.23,2126505.23,2126505.23,2126505.23,2126505.23,425301046,425301046,425301046,425301046,425301046,425301046,33598782.634,4253010460,12979.157897949219,12979.157897949219,12979.157897949219,12979.157897949219,12979.157897949219,12979.157897949219,12979.157897949219,12979.157897949219,166784723.92156863,332266342.1875,166784723.92156863,166784723.92156863,425301046,425301046,106325261.5,425301046,0.198028564453125,0.198028564453125,0.198028564453125,0.198028564453125,0.198028564453125,0.198028564453125,0.198028564453125,0.198028564453125,42530064.6,42530064.6,42530064.6,42530064.6,425301046,425301046,425301.046,166784723.92156863,12979.157897949219,166784723.92156863,425301006,166784723.92156863,166784723.92156863,166784723.92156863,166784723.92156863,166784723.92156863,166784723.92156863,425301046,425301046,425301046,4253010460,425301046,166784723.92156863,2126505.23,425301046,3322564.421875,3322564.421875,3322564.421875,3322564.421875,4253010460,166784723.92156863,166784723.92156863,425301006,3322454.421875,21265052.3,425301046,425301046,425300921,425300921,425301046,166784723.92156863,425301046,425301046,425301046,425301046,425301046,425301046,425301046,425301046,425301046,425301046,425301046,425301046,425301046,425301046,425301046,425301046,425301046,425301046,425301046,425301046,425301046,425301046,425301046,425301046,
2025-06-02 01:08:58.304882,425307513,425307513,425307513,425307513,166787260.0,425307473,3322614.9453125,3322614.9453125,3322614.9453125,3322614.9453125,1275922539,425307513,106326878.25,425307513,212653692.5,425307473,4253075.13,166787260.0,425307513,425307513,2126537.565,2126537.565,2126537.565,2126537.565,2126537.565,2126537.565,2126537.565,2126537.565,425307513,425307513,425307513,425307513,425307513,425307513,33599293.527,4253075130,12979.355255126953,12979.355255126953,12979.355255126953,12979.355255126953,12979.355255126953,12979.355255126953,12979.355255126953,12979.355255126953,166787260.0,332271394.53125,166787260.0,166787260.0,425307513,425307513,106326878.25,425307513,0.198028564453125,0.198028564453125,0.198028564453125,0.198028564453125,0.198028564453125,0.198028564453125,0.198028564453125,0.198028564453125,42530711.3,42530711.3,42530711.3,42530711.3,425307513,425307513,425307.513,166787260.0,12979.355255126953,166787260.0,425307473,166787260.0,166787260.0,166787260.0,166787260.0,166787260.0,166787260.0,425307513,425307513,425307513,4253075130,425307513,166787260.0,2126537.565,425307513,3322614.9453125,3322614.9453125,3322614.9453125,3322614.9453125,4253075130,166787260.0,166787260.0,425307473,3322504.9453125,21265375.65,425307513,425307513,425307388,425307388,425307513,166787260.0,425307513,425307513,425307513,425307513,425307513,425307513,425307513,425307513,425307513,425307513,425307513,425307513,425307513,425307513,425307513,425307513,425307513,425307513,425307513,425307513,425307513,425307513,425307513,425307513,
2025-06-02 01:08:58.376006,425312849,425312849,425312849,425312849,166789352.5490196,425312809,3322656.6328125,3322656.6328125,3322656.6328125,3322656.6328125,1275938547,425312849,106328212.25,425312849,212656360.5,425312809,4253128.49,166789352.5490196,425312849,425312849,2126564.245,2126564.245,2126564.245,2126564.245,2126564.245,2126564.245,2126564.245,2126564.245,425312849,425312849,425312849,425312849,425312849,425312849,33599715.071,4253128490,12979.518096923828,12979.518096923828,12979.518096923828,12979.518096923828,12979.518096923828,12979.518096923828,12979.518096923828,12979.518096923828,166789352.5490196,332275563.28125,166789352.5490196,166789352.5490196,425312849,425312849,106328212.25,425312849,0.198028564453125,0.198028564453125,0.198028564453125,0.198028564453125,0.198028564453125,0.198028564453125,0.198028564453125,0.198028564453125,42531244.9,42531244.9,42531244.9,42531244.9,425312849,425312849,425312.849,166789352.5490196,12979.518096923828,166789352.5490196,425312809,166789352.5490196,166789352.5490196,166789352.5490196,166789352.5490196,166789352.5490196,166789352.5490196,425312849,425312849,425312849,4253128490,425312849,166789352.5490196,2126564.245,425312849,3322656.6328125,3322656.6328125,3322656.6328125,3322656.6328125,4253128490,166789352.5490196,166789352.5490196,425312809,3322546.6328125,21265642.45,425312849,425312849,425312724,425312724,425312849,166789352.5490196,425312849,425312849,425312849,425312849,425312849,425312849,425312849,425312849,425312849,425312849,425312849,425312849,425312849,425312849,425312849,425312849,425312849,425312849,425312849,425312849,425312849,425312849,425312849,425312849,
2025-06-02 01:08:58.450712,425320551,425320551,425320551,425320551,166792372.94117647,425320511,3322716.8046875,3322716.8046875,3322716.8046875,3322716.8046875,1275961653,425320551,106330137.75,425320551,212660211.5,425320511,4253205.51,166792372.94117647,425320551,425320551,2126602.755,2126602.755,2126602.755,2126602.755,2126602.755,2126602.755,2126602.755,2126602.755,425320551,425320551,425320551,425320551,425320551,425320551,33600323.529,4253205510,12979.753143310547,12979.753143310547,12979.753143310547,12979.753143310547,12979.753143310547,12979.753143310547,12979.753143310547,12979.753143310547,166792372.94117647,332281580.46875,166792372.94117647,166792372.94117647,425320551,425320551,106330137.75,425320551,0.198028564453125,0.198028564453125,0.198028564453125,0.198028564453125,0.198028564453125,0.198028564453125,0.198028564453125,0.198028564453125,42532015.1,42532015.1,42532015.1,42532015.1,425320551,425320551,425320.551,166792372.94117647,12979.753143310547,166792372.94117647,425320511,166792372.94117647,166792372.94117647,166792372.94117647,166792372.94117647,166792372.94117647,166792372.94117647,425320551,425320551,425320551,4253205510,425320551,166792372.94117647,2126602.755,425320551,3322716.8046875,3322716.8046875,3322716.8046875,3322716.8046875,4253205510,166792372.94117647,166792372.94117647,425320511,3322606.8046875,21266027.55,425320551,425320551,425320426,425320426,425320551,166792372.94117647,425320551,425320551,425320551,425320551,425320551,425320551,425320551,425320551,425320551,425320551,425320551,425320551,425320551,425320551,425320551,425320551,425320551,425320551,425320551,425320551,425320551,425320551,425320551,425320551,
2025-06-02 01:08:58.501946,425393479,425393479,425393479,425393479,166820972.15686277,425393439,3323286.5546875,3323286.5546875,3323286.5546875,3323286.5546875,1276180437,425393479,106348369.75,425393479,212696675.5,425393439,4253934.79,166820972.15686277,425393479,425393479,2126967.395,2126967.395,2126967.395,2126967.395,2126967.395,2126967.395,2126967.395,2126967.395,425393479,425393479,425393479,425393479,425393479,425393479,33606084.841,4253934790,12981.978729248047,12981.978729248047,12981.978729248047,12981.978729248047,12981.978729248047,12981.978729248047,12981.978729248047,12981.978729248047,166820972.15686277,332338555.46875,166820972.15686277,166820972.15686277,425393479,425393479,106348369.75,425393479,0.19805908203125,0.19805908203125,0.19805908203125,0.19805908203125,0.19805908203125,0.19805908203125,0.19805908203125,0.19805908203125,42539307.9,42539307.9,42539307.9,42539307.9,425393479,425393479,425393.479,166820972.15686277,12981.978729248047,166820972.15686277,425393439,166820972.15686277,166820972.15686277,166820972.15686277,166820972.15686277,166820972.15686277,166820972.15686277,425393479,425393479,425393479,4253934790,425393479,166820972.15686277,2126967.395,425393479,3323286.5546875,3323286.5546875,3323286.5546875,3323286.5546875,4253934790,166820972.15686277,166820972.15686277,425393439,3323176.5546875,21269673.95,425393479,425393479,425393354,425393354,425393479,166820972.15686277,425393479,425393479,425393479,425393479,425393479,425393479,425393479,425393479,425393479,425393479,425393479,425393479,425393479,425393479,425393479,425393479,425393479,425393479,425393479,425393479,425393479,425393479,425393479,425393479,
2025-06-02 01:08:58.562911,425334647,425334647,425334647,425334647,166797900.78431374,425334607,3322826.9296875,3322826.9296875,3322826.9296875,3322826.9296875,1276003941,425334647,106333661.75,425334647,212667259.5,425334607,4253346.47,166797900.78431374,425334647,425334647,2126673.235,2126673.235,2126673.235,2126673.235,2126673.235,2126673.235,2126673.235,2126673.235,425334647,425334647,425334647,425334647,425334647,425334647,33601437.113,4253346470,12980.183319091797,12980.183319091797,12980.183319091797,12980.183319091797,12980.183319091797,12980.183319091797,12980.183319091797,12980.183319091797,166797900.78431374,332292592.96875,166797900.78431374,166797900.78431374,425334647,425334647,106333661.75,425334647,0.19805908203125,0.19805908203125,0.19805908203125,0.19805908203125,0.19805908203125,0.19805908203125,0.19805908203125,0.19805908203125,42533424.7,42533424.7,42533424.7,42533424.7,425334647,425334647,425334.647,166797900.78431374,12980.183319091797,166797900.78431374,425334607,166797900.78431374,166797900.78431374,166797900.78431374,166797900.78431374,166797900.78431374,166797900.78431374,425334647,425334647,425334647,4253346470,425334647,166797900.78431374,2126673.235,425334647,3322826.9296875,3322826.9296875,3322826.9296875,3322826.9296875,4253346470,166797900.78431374,166797900.78431374,425334607,3322716.9296875,21266732.35,425334647,425334647,425334522,425334522,425334647,166797900.78431374,425334647,425334647,425334647,425334647,425334647,425334647,425334647,425334647,425334647,425334647,425334647,425334647,425334647,425334647,425334647,425334647,425334647,425334647,425334647,425334647,425334647,425334647,425334647,425334647,
2025-06-02 01:08:58.628072,425339850,425339850,425339850,425339850,166799941.17647058,425339810,3322867.578125,3322867.578125,3322867.578125,3322867.578125,1276019550,425339850,106334962.5,425339850,212669861.0,425339810,4253398.5,166799941.17647058,425339850,425339850,2126699.25,2126699.25,2126699.25,2126699.25,2126699.25,2126699.25,2126699.25,2126699.25,425339850,425339850,425339850,425339850,425339850,425339850,33601848.15,4253398500,12980.342102050781,12980.342102050781,12980.342102050781,12980.342102050781,12980.342102050781,12980.342102050781,12980.342102050781,12980.342102050781,166799941.17647058,332296657.8125,166799941.17647058,166799941.17647058,425339850,425339850,106334962.5,425339850,0.19805908203125,0.19805908203125,0.19805908203125,0.19805908203125,0.19805908203125,0.19805908203125,0.19805908203125,0.19805908203125,42533945.0,42533945.0,42533945.0,42533945.0,425339850,425339850,425339.85,166799941.17647058,12980.342102050781,166799941.17647058,425339810,166799941.17647058,166799941.17647058,166799941.17647058,166799941.17647058,166799941.17647058,166799941.17647058,425339850,425339850,425339850,4253398500,425339850,166799941.17647058,2126699.25,425339850,3322867.578125,3322867.578125,3322867.578125,3322867.578125,4253398500,166799941.17647058,166799941.17647058,425339810,3322757.578125,21266992.5,425339850,425339850,425339725,425339725,425339850,166799941.17647058,425339850,425339850,425339850,425339850,425339850,425339850,425339850,425339850,425339850,425339850,425339850,425339850,425339850,425339850,425339850,425339850,425339850,425339850,425339850,425339850,425339850,425339850,425339850,425339850,
2025-06-02 01:08:58.676890,425345699,425345699,425345699,425345699,166802234.9019608,425345659,3322913.2734375,3322913.2734375,3322913.2734375,3322913.2734375,1276037097,425345699,106336424.75,425345699,212672785.5,425345659,4253456.99,166802234.9019608,425345699,425345699,2126728.495,2126728.495,2126728.495,2126728.495,2126728.495,2126728.495,2126728.495,2126728.495,425345699,425345699,425345699,425345699,425345699,425345699,33602310.221,4253456990,12980.520599365234,12980.520599365234,12980.520599365234,12980.520599365234,12980.520599365234,12980.520599365234,12980.520599365234,12980.520599365234,166802234.9019608,332301227.34375,166802234.9019608,166802234.9019608,425345699,425345699,106336424.75,425345699,0.19805908203125,0.19805908203125,0.19805908203125,0.19805908203125,0.19805908203125,0.19805908203125,0.19805908203125,0.19805908203125,42534529.9,42534529.9,42534529.9,42534529.9,425345699,425345699,425345.699,166802234.9019608,12980.520599365234,166802234.9019608,425345659,166802234.9019608,166802234.9019608,166802234.9019608,166802234.9019608,166802234.9019608,166802234.9019608,425345699,425345699,425345699,4253456990,425345699,166802234.9019608,2126728.495,425345699,3322913.2734375,3322913.2734375,3322913.2734375,3322913.2734375,4253456990,166802234.9019608,166802234.9019608,425345659,3322803.2734375,21267284.95,425345699,425345699,425345574,425345574,425345699,166802234.9019608,425345699,425345699,425345699,425345699,425345699,425345699,425345699,425345699,425345699,425345699,425345699,425345699,425345699,425345699,425345699,425345699,425345699,425345699,425345699,425345699,425345699,425345699,425345699,425345699,
2025-06-02 01:08:58.733697,425350830,425350830,425350830,425350830,166804247.05882353,425350790,3322953.359375,3322953.359375,3322953.359375,3322953.359375,1276052490,425350830,106337707.5,425350830,212675351.0,425350790,4253508.3,166804247.05882353,425350830,425350830,2126754.15,2126754.15,2126754.15,2126754.15,2126754.15,2126754.15,2126754.15,2126754.15,425350830,425350830,425350830,425350830,425350830,425350830,33602715.57,4253508300,12980.677185058594,12980.677185058594,12980.677185058594,12980.677185058594,12980.677185058594,12980.677185058594,12980.677185058594,12980.677185058594,166804247.05882353,332305235.9375,166804247.05882353,166804247.05882353,425350830,425350830,106337707.5,425350830,0.19805908203125,0.19805908203125,0.19805908203125,0.19805908203125,0.19805908203125,0.19805908203125,0.19805908203125,0.19805908203125,42535043.0,42535043.0,42535043.0,42535043.0,425350830,425350830,425350.83,166804247.05882353,12980.677185058594,166804247.05882353,425350790,166804247.05882353,166804247.05882353,166804247.05882353,166804247.05882353,166804247.05882353,166804247.05882353,425350830,425350830,425350830,4253508300,425350830,166804247.05882353,2126754.15,425350830,3322953.359375,3322953.359375,3322953.359375,3322953.359375,4253508300,166804247.05882353,166804247.05882353,425350790,3322843.359375,21267541.5,425350830,425350830,425350705,425350705,425350830,166804247.05882353,425350830,425350830,425350830,425350830,425350830,425350830,425350830,425350830,425350830,425350830,425350830,425350830,425350830,425350830,425350830,425350830,425350830,425350830,425350830,425350830,425350830,425350830,425350830,425350830,
2025-06-02 01:08:58.802979,425357090,425357090,425357090,425357090,166806701.96078432,425357050,3323002.265625,3323002.265625,3323002.265625,3323002.265625,1276071270,425357090,106339272.5,425357090,212678481.0,425357050,4253570.9,166806701.96078432,425357090,425357090,2126785.45,2126785.45,2126785.45,2126785.45,2126785.45,2126785.45,2126785.45,2126785.45,425357090,425357090,425357090,425357090,425357090,425357090,33603210.11,4253570900,12980.868225097656,12980.868225097656,12980.868225097656,12980.868225097656,12980.868225097656,12980.868225097656,12980.868225097656,12980.868225097656,166806701.96078432,332310126.5625,166806701.96078432,166806701.96078432,425357090,425357090,106339272.5,425357090,0.19805908203125,0.19805908203125,0.19805908203125,0.19805908203125,0.19805908203125,0.19805908203125,0.19805908203125,0.19805908203125,42535669.0,42535669.0,42535669.0,42535669.0,425357090,425357090,425357.09,166806701.96078432,12980.868225097656,166806701.96078432,425357050,166806701.96078432,166806701.96078432,166806701.96078432,166806701.96078432,166806701.96078432,166806701.96078432,425357090,425357090,425357090,4253570900,425357090,166806701.96078432,2126785.45,425357090,3323002.265625,3323002.265625,3323002.265625,3323002.265625,4253570900,166806701.96078432,166806701.96078432,425357050,3322892.265625,21267854.5,425357090,425357090,425356965,425356965,425357090,166806701.96078432,425357090,425357090,425357090,425357090,425357090,425357090,425357090,425357090,425357090,425357090,425357090,425357090,425357090,425357090,425357090,425357090,425357090,425357090,425357090,425357090,425357090,425357090,425357090,425357090,
2025-06-02 01:08:58.855939,425363559,425363559,425363559,425363559,166809238.8235294,425363519,3323052.8046875,3323052.8046875,3323052.8046875,3323052.8046875,1276090677,425363559,106340889.75,425363559,212681715.5,425363519,4253635.59,166809238.8235294,425363559,425363559,2126817.795,2126817.795,2126817.795,2126817.795,2126817.795,2126817.795,2126817.795,2126817.795,425363559,425363559,425363559,425363559,425363559,425363559,33603721.161,4253635590,12981.065643310547,12981.065643310547,12981.065643310547,12981.065643310547,12981.065643310547,12981.065643310547,12981.065643310547,12981.065643310547,166809238.8235294,332315180.46875,166809238.8235294,166809238.8235294,425363559,425363559,106340889.75,425363559,0.19805908203125,0.19805908203125,0.19805908203125,0.19805908203125,0.19805908203125,0.19805908203125,0.19805908203125,0.19805908203125,42536315.9,42536315.9,42536315.9,42536315.9,425363559,425363559,425363.559,166809238.8235294,12981.065643310547,166809238.8235294,425363519,166809238.8235294,166809238.8235294,166809238.8235294,166809238.8235294,166809238.8235294,166809238.8235294,425363559,425363559,425363559,4253635590,425363559,166809238.8235294,2126817.795,425363559,3323052.8046875,3323052.8046875,3323052.8046875,3323052.8046875,4253635590,166809238.8235294,166809238.8235294,425363519,3322942.8046875,21268177.95,425363559,425363559,425363434,425363434,425363559,166809238.8235294,425363559,425363559,425363559,425363559,425363559,425363559,425363559,425363559,425363559,425363559,425363559,425363559,425363559,425363559,425363559,425363559,425363559,425363559,425363559,425363559,425363559,425363559,425363559,425363559,
2025-06-02 01:08:58.916942,425369924,425369924,425369924,425369924,166811734.9019608,425369884,3323102.53125,3323102.53125,3323102.53125,3323102.53125,1276109772,425369924,106342481.0,425369924,212684898.0,425369884,4253699.24,166811734.9019608,425369924,425369924,2126849.62,2126849.62,2126849.62,2126849.62,2126849.62,2126849.62,2126849.62,2126849.62,425369924,425369924,425369924,425369924,425369924,425369924,33604223.996,4253699240,12981.259887695312,12981.259887695312,12981.259887695312,12981.259887695312,12981.259887695312,12981.259887695312,12981.259887695312,12981.259887695312,166811734.9019608,332320153.125,166811734.9019608,166811734.9019608,425369924,425369924,106342481.0,425369924,0.19805908203125,0.19805908203125,0.19805908203125,0.19805908203125,0.19805908203125,0.19805908203125,0.19805908203125,0.19805908203125,42536952.4,42536952.4,42536952.4,42536952.4,425369924,425369924,425369.924,166811734.9019608,12981.259887695312,166811734.9019608,425369884,166811734.9019608,166811734.9019608,166811734.9019608,166811734.9019608,166811734.9019608,166811734.9019608,425369924,425369924,425369924,4253699240,425369924,166811734.9019608,2126849.62,425369924,3323102.53125,3323102.53125,3323102.53125,3323102.53125,4253699240,166811734.9019608,166811734.9019608,425369884,3322992.53125,21268496.2,425369924,425369924,425369799,425369799,425369924,166811734.9019608,425369924,425369924,425369924,425369924,425369924,425369924,425369924,425369924,425369924,425369924,425369924,425369924,425369924,425369924,425369924,425369924,425369924,425369924,425369924,425369924,425369924,425369924,425369924,425369924,
2025-06-02 01:08:58.987948,425375905,425375905,425375905,425375905,166814080.39215687,425375865,3323149.2578125,3323149.2578125,3323149.2578125,3323149.2578125,1276127715,425375905,106343976.25,425375905,212687888.5,425375865,4253759.05,166814080.39215687,425375905,425375905,2126879.525,2126879.525,2126879.525,2126879.525,2126879.525,2126879.525,2126879.525,2126879.525,425375905,425375905,425375905,425375905,425375905,425375905,33604696.495,4253759050,12981.442413330078,12981.442413330078,12981.442413330078,12981.442413330078,12981.442413330078,12981.442413330078,12981.442413330078,12981.442413330078,166814080.39215687,332324825.78125,166814080.39215687,166814080.39215687,425375905,425375905,106343976.25,425375905,0.19805908203125,0.19805908203125,0.19805908203125,0.19805908203125,0.19805908203125,0.19805908203125,0.19805908203125,0.19805908203125,42537550.5,42537550.5,42537550.5,42537550.5,425375905,425375905,425375.905,166814080.39215687,12981.442413330078,166814080.39215687,425375865,166814080.39215687,166814080.39215687,166814080.39215687,166814080.39215687,166814080.39215687,166814080.39215687,425375905,425375905,425375905,4253759050,425375905,166814080.39215687,2126879.525,425375905,3323149.2578125,3323149.2578125,3323149.2578125,3323149.2578125,4253759050,166814080.39215687,166814080.39215687,425375865,3323039.2578125,21268795.25,425375905,425375905,425375780,425375780,425375905,166814080.39215687,425375905,425375905,425375905,425375905,425375905,425375905,425375905,425375905,425375905,425375905,425375905,425375905,425375905,425375905,425375905,425375905,425375905,425375905,425375905,425375905,425375905,425375905,425375905,425375905,
2025-06-02 01:08:59.042907,425383577,425383577,425383577,425383577,166817089.01960784,425383537,3323209.1953125,3323209.1953125,3323209.1953125,3323209.1953125,1276150731,425383577,106345894.25,425383577,212691724.5,425383537,4253835.77,166817089.01960784,425383577,425383577,2126917.885,2126917.885,2126917.885,2126917.885,2126917.885,2126917.885,2126917.885,2126917.885,425383577,425383577,425383577,425383577,425383577,425383577,33605302.583,4253835770,12981.676544189453,12981.676544189453,12981.676544189453,12981.676544189453,12981.676544189453,12981.676544189453,12981.676544189453,12981.676544189453,166817089.01960784,332330819.53125,166817089.01960784,166817089.01960784,425383577,425383577,106345894.25,425383577,0.19805908203125,0.19805908203125,0.19805908203125,0.19805908203125,0.19805908203125,0.19805908203125,0.19805908203125,0.19805908203125,42538317.7,42538317.7,42538317.7,42538317.7,425383577,425383577,425383.577,166817089.01960784,12981.676544189453,166817089.01960784,425383537,166817089.01960784,166817089.01960784,166817089.01960784,166817089.01960784,166817089.01960784,166817089.01960784,425383577,425383577,425383577,4253835770,425383577,166817089.01960784,2126917.885,425383577,3323209.1953125,3323209.1953125,3323209.1953125,3323209.1953125,4253835770,166817089.01960784,166817089.01960784,425383537,3323099.1953125,21269178.85,425383577,425383577,425383452,425383452,425383577,166817089.01960784,425383577,425383577,425383577,425383577,425383577,425383577,425383577,425383577,425383577,425383577,425383577,425383577,425383577,425383577,425383577,425383577,425383577,425383577,425383577,425383577,425383577,425383577,425383577,425383577,
2025-06-02 01:08:59.103956,425388630,425388630,425388630,425388630,166819070.5882353,425388590,3323248.671875,3323248.671875,3323248.671875,3323248.671875,1276165890,425388630,106347157.5,425388630,212694251.0,425388590,4253886.3,166819070.5882353,425388630,425388630,2126943.15,2126943.15,2126943.15,2126943.15,2126943.15,2126943.15,2126943.15,2126943.15,425388630,425388630,425388630,425388630,425388630,425388630,33605701.77,4253886300,12981.830749511719,12981.830749511719,12981.830749511719,12981.830749511719,12981.830749511719,12981.830749511719,12981.830749511719,12981.830749511719,166819070.5882353,332334767.1875,166819070.5882353,166819070.5882353,425388630,425388630,106347157.5,425388630,0.19805908203125,0.19805908203125,0.19805908203125,0.19805908203125,0.19805908203125,0.19805908203125,0.19805908203125,0.19805908203125,42538823.0,42538823.0,42538823.0,42538823.0,425388630,425388630,425388.63,166819070.5882353,12981.830749511719,166819070.5882353,425388590,166819070.5882353,166819070.5882353,166819070.5882353,166819070.5882353,166819070.5882353,166819070.5882353,425388630,425388630,425388630,4253886300,425388630,166819070.5882353,2126943.15,425388630,3323248.671875,3323248.671875,3323248.671875,3323248.671875,4253886300,166819070.5882353,166819070.5882353,425388590,3323138.671875,21269431.5,425388630,425388630,425388505,425388505,425388630,166819070.5882353,425388630,425388630,425388630,425388630,425388630,425388630,425388630,425388630,425388630,425388630,425388630,425388630,425388630,425388630,425388630,425388630,425388630,425388630,425388630,425388630,425388630,425388630,425388630,425388630,
2025-06-02 01:08:59.177917,425395278,425395278,425395278,425395278,166821677.6470588,425395238,3323300.609375,3323300.609375,3323300.609375,3323300.609375,1276185834,425395278,106348819.5,425395278,212697575.0,425395238,4253952.78,166821677.6470588,425395278,425395278,2126976.39,2126976.39,2126976.39,2126976.39,2126976.39,2126976.39,2126976.39,2126976.39,425395278,425395278,425395278,425395278,425395278,425395278,33606226.962,4253952780,12982.033630371094,12982.033630371094,12982.033630371094,12982.033630371094,12982.033630371094,12982.033630371094,12982.033630371094,12982.033630371094,166821677.6470588,332339960.9375,166821677.6470588,166821677.6470588,425395278,425395278,106348819.5,425395278,0.198089599609375,0.198089599609375,0.198089599609375,0.198089599609375,0.198089599609375,0.198089599609375,0.198089599609375,0.198089599609375,42539487.8,42539487.8,42539487.8,42539487.8,425395278,425395278,425395.278,166821677.6470588,12982.033630371094,166821677.6470588,425395238,166821677.6470588,166821677.6470588,166821677.6470588,166821677.6470588,166821677.6470588,166821677.6470588,425395278,425395278,425395278,4253952780,425395278,166821677.6470588,2126976.39,425395278,3323300.609375,3323300.609375,3323300.609375,3323300.609375,4253952780,166821677.6470588,166821677.6470588,425395238,3323190.609375,21269763.9,425395278,425395278,425395153,425395153,425395278,166821677.6470588,425395278,425395278,425395278,425395278,425395278,425395278,425395278,425395278,425395278,425395278,425395278,425395278,425395278,425395278,425395278,425395278,425395278,425395278,425395278,425395278,425395278,425395278,425395278,425395278,
2025-06-02 01:08:59.230948,425402980,425402980,425402980,425402980,166824698.03921568,425402940,3323360.78125,3323360.78125,3323360.78125,3323360.78125,1276208940,425402980,106350745.0,425402980,212701426.0,425402940,4254029.8,166824698.03921568,425402980,425402980,2127014.9,2127014.9,2127014.9,2127014.9,2127014.9,2127014.9,2127014.9,2127014.9,425402980,425402980,425402980,425402980,425402980,425402980,33606835.42,4254029800,12982.268676757812,12982.268676757812,12982.268676757812,12982.268676757812,12982.268676757812,12982.268676757812,12982.268676757812,12982.268676757812,166824698.03921568,332345978.125,166824698.03921568,166824698.03921568,425402980,425402980,106350745.0,425402980,0.198089599609375,0.198089599609375,0.198089599609375,0.198089599609375,0.198089599609375,0.198089599609375,0.198089599609375,0.198089599609375,42540258.0,42540258.0,42540258.0,42540258.0,425402980,425402980,425402.98,166824698.03921568,12982.268676757812,166824698.03921568,425402940,166824698.03921568,166824698.03921568,166824698.03921568,166824698.03921568,166824698.03921568,166824698.03921568,425402980,425402980,425402980,4254029800,425402980,166824698.03921568,2127014.9,425402980,3323360.78125,3323360.78125,3323360.78125,3323360.78125,4254029800,166824698.03921568,166824698.03921568,425402940,3323250.78125,21270149.0,425402980,425402980,425402855,425402855,425402980,166824698.03921568,425402980,425402980,425402980,425402980,425402980,425402980,425402980,425402980,425402980,425402980,425402980,425402980,425402980,425402980,425402980,425402980,425402980,425402980,425402980,425402980,425402980,425402980,425402980,425402980,
