Timestamp,0x3,0x4,0x5,0x6,0x7,0xb,0xc,0xd,0xe,0xf,0x11,0x13,0x15,0x1c,0x1f,0x21,0x23,0x2f,0x30,0x31,0x34,0x41,0x42,0x44,0x45,0x47,0x49,0x4a,0x4c,0x51,0x55,0x56,0x59,
2025-06-02 20:12:58.045111,512,27.058823529411764,72,-98.953125,-99.0390625,33,740.5,0,14.5,40,12.549019607843137,3,172.16,5,532,0,2950,52.156862745098046,255,13863,0.997802734375,262144,13.446,1.012054443359375,3.5294117647058822,13.725490196078432,15.294117647058824,7.8431372549019605,4.313725490196078,1,-99.0,-99.0,3080,
2025-06-02 20:12:58.072599,512,27.058823529411764,72,-98.953125,-99.0390625,33,740.5,0,14.5,40,12.549019607843137,3,172.16,5,532,0,2950,52.156862745098046,255,13863,0.997802734375,262144,13.446,1.012054443359375,3.5294117647058822,13.725490196078432,15.294117647058824,7.8431372549019605,4.313725490196078,1,-99.0,-99.0,3080,
2025-06-02 20:12:58.102143,512,27.058823529411764,72,-98.953125,-99.0390625,33,740.5,0,14.5,40,12.549019607843137,3,172.16,5,532,0,2950,52.156862745098046,255,13863,0.997802734375,262144,13.446,1.012054443359375,3.5294117647058822,13.725490196078432,15.294117647058824,7.8431372549019605,4.313725490196078,1,-99.0,-99.0,3080,
2025-06-02 20:12:58.133898,512,27.058823529411764,72,-98.953125,-99.0390625,33,740.5,0,14.5,40,12.549019607843137,3,172.16,5,532,0,2950,52.156862745098046,255,13863,0.997802734375,262144,13.446,1.012054443359375,3.5294117647058822,13.725490196078432,15.294117647058824,7.8431372549019605,4.313725490196078,1,-99.0,-99.0,3080,
2025-06-02 20:12:58.162563,512,27.058823529411764,72,-98.953125,-99.0390625,33,740.5,0,14.5,40,12.549019607843137,3,172.16,5,532,0,2950,52.156862745098046,255,13863,0.997802734375,262144,13.446,1.012054443359375,3.5294117647058822,13.725490196078432,15.294117647058824,7.8431372549019605,4.313725490196078,1,-99.0,-99.0,3080,
2025-06-02 20:12:58.192276,512,27.058823529411764,72,-98.953125,-99.0390625,33,740.5,0,14.5,40,12.549019607843137,3,172.16,5,532,0,2950,52.156862745098046,255,13863,0.997802734375,262144,13.446,1.012054443359375,3.5294117647058822,13.725490196078432,15.294117647058824,7.8431372549019605,4.313725490196078,1,-99.0,-99.0,3080,
2025-06-02 20:12:58.221174,512,27.058823529411764,72,-98.953125,-99.0390625,33,740.5,0,14.5,40,12.549019607843137,3,172.16,5,532,0,2950,52.156862745098046,255,13863,0.997802734375,262144,13.446,1.012054443359375,3.5294117647058822,13.725490196078432,15.294117647058824,7.8431372549019605,4.313725490196078,1,-99.0,-99.0,3080,
2025-06-02 20:12:58.250127,512,27.058823529411764,72,-98.953125,-99.0390625,33,740.5,0,14.5,40,12.549019607843137,3,172.16,5,532,0,2950,52.156862745098046,255,13863,0.997802734375,262144,13.446,1.012054443359375,3.5294117647058822,13.725490196078432,15.294117647058824,7.8431372549019605,4.313725490196078,1,-99.0,-99.0,3080,
2025-06-02 20:12:58.283768,512,27.058823529411764,72,-98.953125,-99.0390625,33,740.5,0,14.5,40,12.549019607843137,3,172.16,5,532,0,2950,52.156862745098046,255,13863,0.997802734375,262144,13.446,1.012054443359375,3.5294117647058822,13.725490196078432,15.294117647058824,7.8431372549019605,4.313725490196078,1,-99.0,-99.0,3080,
2025-06-02 20:12:58.321078,512,27.058823529411764,72,-98.953125,-99.0390625,33,740.5,0,14.5,40,12.549019607843137,3,172.16,5,532,0,2950,52.156862745098046,255,13863,0.997802734375,262144,13.446,1.012054443359375,3.5294117647058822,13.725490196078432,15.294117647058824,7.8431372549019605,4.313725490196078,1,-99.0,-99.0,3080,
2025-06-02 20:12:58.356612,512,27.058823529411764,72,-98.953125,-99.0390625,33,740.5,0,14.5,40,12.549019607843137,3,172.16,5,532,0,2950,52.156862745098046,255,13863,0.997802734375,262144,13.446,1.012054443359375,3.5294117647058822,13.725490196078432,15.294117647058824,7.8431372549019605,4.313725490196078,1,-99.0,-99.0,3080,
2025-06-02 20:12:58.384954,512,27.058823529411764,72,-98.953125,-99.0390625,33,740.5,0,14.5,40,12.549019607843137,3,172.16,5,532,0,2950,52.156862745098046,255,13863,0.997802734375,262144,13.446,1.012054443359375,3.5294117647058822,13.725490196078432,15.294117647058824,7.8431372549019605,4.313725490196078,1,-99.0,-99.0,3080,
2025-06-02 20:12:58.413559,512,27.058823529411764,72,-98.953125,-99.0390625,33,740.5,0,14.5,40,12.549019607843137,3,172.16,5,532,0,2950,52.156862745098046,255,13863,0.997802734375,262144,13.446,1.012054443359375,3.5294117647058822,13.725490196078432,15.294117647058824,7.8431372549019605,4.313725490196078,1,-99.0,-99.0,3080,
2025-06-02 20:12:58.439926,512,27.058823529411764,72,-98.953125,-99.0390625,33,740.5,0,14.5,40,12.549019607843137,3,172.16,5,532,0,2950,52.156862745098046,255,13863,0.997802734375,262144,13.446,1.012054443359375,3.5294117647058822,13.725490196078432,15.294117647058824,7.8431372549019605,4.313725490196078,1,-99.0,-99.0,3080,
2025-06-02 20:12:58.469607,512,27.450980392156865,72,-98.953125,-99.0390625,33,740.5,0,14.5,40,12.549019607843137,3,172.16,5,532,0,2950,52.156862745098046,255,13863,0.997802734375,262144,13.446,1.012054443359375,3.5294117647058822,13.725490196078432,15.294117647058824,7.8431372549019605,4.313725490196078,1,-99.0,-99.0,3080,
2025-06-02 20:12:58.500345,512,27.450980392156865,72,-98.953125,-99.0390625,32,738.5,0,14.5,40,12.549019607843137,3,172.16,5,532,0,2950,52.156862745098046,255,13863,0.997802734375,262144,13.446,1.012054443359375,3.5294117647058822,13.725490196078432,15.294117647058824,7.8431372549019605,4.313725490196078,1,-99.0,-99.0,3080,
2025-06-02 20:12:58.532935,512,27.450980392156865,72,-98.953125,-99.0390625,32,738.5,0,15.5,40,12.941176470588237,3,172.16,5,532,0,2950,52.156862745098046,255,13863,0.997802734375,262144,13.446,1.012054443359375,3.5294117647058822,13.725490196078432,15.294117647058824,7.8431372549019605,4.313725490196078,1,-99.0,-99.0,3080,
2025-06-02 20:12:58.566467,512,27.450980392156865,72,-98.953125,-99.0390625,32,738.5,0,15.5,40,12.941176470588237,3,172.16,5,532,0,2950,52.156862745098046,255,13863,0.997802734375,262144,13.446,1.012054443359375,3.5294117647058822,13.725490196078432,15.294117647058824,7.8431372549019605,4.313725490196078,1,-99.0,-99.0,3080,
2025-06-02 20:12:58.601648,512,27.450980392156865,72,-98.953125,-99.0390625,32,738.5,0,15.5,40,12.941176470588237,3,170.88,7,533,0,2950,52.156862745098046,255,13863,0.997802734375,262144,13.446,1.012054443359375,3.5294117647058822,13.725490196078432,15.294117647058824,7.8431372549019605,4.313725490196078,1,-99.0,-99.0,3080,
2025-06-02 20:12:58.629036,512,27.450980392156865,72,-98.953125,-99.0390625,32,738.5,0,15.5,40,12.941176470588237,3,170.88,7,533,0,2950,52.156862745098046,255,13863,0.997802734375,262144,13.446,1.012054443359375,3.5294117647058822,13.725490196078432,15.294117647058824,7.8431372549019605,4.313725490196078,1,-99.0,-99.0,3080,
2025-06-02 20:12:58.660839,512,27.450980392156865,72,-98.953125,-99.0390625,32,738.5,0,15.5,40,12.941176470588237,3,170.88,7,533,0,2950,52.156862745098046,255,13863,0.997802734375,262144,13.446,1.012054443359375,3.5294117647058822,13.725490196078432,15.294117647058824,7.8431372549019605,4.313725490196078,1,-99.0,-99.0,3080,
2025-06-02 20:12:58.689374,512,27.450980392156865,72,-98.953125,-99.0390625,32,738.5,0,15.5,40,12.941176470588237,3,170.88,7,533,0,2950,52.156862745098046,255,13863,0.997802734375,262144,13.446,1.012054443359375,3.5294117647058822,13.725490196078432,15.294117647058824,7.8431372549019605,4.313725490196078,1,-99.0,-99.0,3080,
2025-06-02 20:12:58.716127,512,27.450980392156865,72,-98.953125,-99.0390625,32,738.5,0,15.5,40,12.941176470588237,3,170.88,7,533,0,2950,52.156862745098046,255,13863,0.997802734375,262144,13.446,1.012054443359375,3.5294117647058822,13.725490196078432,15.294117647058824,7.8431372549019605,4.313725490196078,1,-99.0,-99.0,3080,
2025-06-02 20:12:58.749282,512,27.450980392156865,72,-98.953125,-99.0390625,32,738.5,0,15.5,40,12.941176470588237,3,170.88,7,533,0,2950,52.156862745098046,255,13863,0.997802734375,262144,13.446,1.012054443359375,3.5294117647058822,13.725490196078432,15.294117647058824,7.8431372549019605,4.313725490196078,1,-99.0,-99.0,3080,
2025-06-02 20:12:58.777752,512,27.450980392156865,72,-98.953125,-99.0390625,32,738.5,0,15.5,40,12.941176470588237,3,170.88,7,533,0,2950,52.156862745098046,255,13863,0.997802734375,262144,13.47,1.012054443359375,3.5294117647058822,13.725490196078432,15.294117647058824,7.8431372549019605,4.313725490196078,1,-99.0,-99.0,3080,
2025-06-02 20:12:58.807862,512,27.450980392156865,72,-98.953125,-99.0390625,32,738.5,0,15.5,40,12.941176470588237,3,170.88,7,533,0,2950,52.156862745098046,255,13863,0.997802734375,262144,13.47,1.012054443359375,3.5294117647058822,13.725490196078432,15.294117647058824,7.8431372549019605,4.313725490196078,1,-99.0,-99.0,3080,
2025-06-02 20:12:58.836607,512,27.450980392156865,72,-98.953125,-99.0390625,32,738.5,0,15.5,40,12.941176470588237,3,170.88,7,533,0,2950,52.156862745098046,255,13863,0.997802734375,262144,13.47,1.012054443359375,3.5294117647058822,13.725490196078432,15.294117647058824,7.8431372549019605,4.313725490196078,1,-99.0,-99.0,3080,
2025-06-02 20:12:58.874631,512,27.450980392156865,72,-98.953125,-99.0390625,32,738.5,0,15.5,40,12.941176470588237,3,170.88,7,533,0,2950,52.156862745098046,255,13863,0.997802734375,262144,13.47,1.012054443359375,3.5294117647058822,13.725490196078432,15.294117647058824,7.8431372549019605,4.313725490196078,1,-99.0,-99.0,3080,
2025-06-02 20:12:58.912838,512,27.450980392156865,72,-98.953125,-99.0390625,32,738.5,0,15.5,40,12.941176470588237,3,170.88,7,533,0,2950,52.156862745098046,255,13863,0.997802734375,262144,13.47,1.012054443359375,3.5294117647058822,13.725490196078432,15.294117647058824,7.8431372549019605,4.313725490196078,1,-99.0,-99.0,3080,
2025-06-02 20:12:58.939004,512,27.450980392156865,72,-98.953125,-99.0390625,32,738.5,0,15.5,40,12.941176470588237,3,170.88,7,533,0,2950,52.156862745098046,255,13863,0.997802734375,262144,13.47,1.012054443359375,3.5294117647058822,13.725490196078432,15.294117647058824,7.8431372549019605,4.313725490196078,1,-99.0,-99.0,3080,
2025-06-02 20:12:58.968084,512,27.450980392156865,72,-98.953125,-99.0390625,32,738.5,0,15.5,40,12.941176470588237,3,170.88,7,533,0,2950,52.156862745098046,255,13863,0.997802734375,262144,13.47,1.012054443359375,3.5294117647058822,13.725490196078432,15.294117647058824,7.8431372549019605,4.313725490196078,1,-99.0,-99.0,3080,
2025-06-02 20:12:58.994763,512,27.450980392156865,72,-98.953125,-99.0390625,32,738.5,0,15.5,40,12.941176470588237,3,170.88,7,533,0,2950,52.156862745098046,255,13863,0.997802734375,262144,13.47,1.012054443359375,3.5294117647058822,13.725490196078432,15.294117647058824,7.8431372549019605,4.313725490196078,1,-99.0,-99.0,3080,
2025-06-02 20:12:59.023282,512,27.450980392156865,72,-98.953125,-99.0390625,32,738.5,0,15.5,40,12.941176470588237,3,170.88,7,533,0,2950,52.156862745098046,255,13863,0.997802734375,262144,13.47,1.012054443359375,3.5294117647058822,13.725490196078432,15.294117647058824,7.8431372549019605,4.313725490196078,1,-99.0,-99.0,3080,
2025-06-02 20:12:59.052365,512,27.450980392156865,72,-98.953125,-99.0390625,32,738.5,0,15.5,40,12.941176470588237,3,170.88,7,533,0,2950,52.156862745098046,255,13863,0.997802734375,262144,13.47,1.012054443359375,3.5294117647058822,13.725490196078432,15.294117647058824,7.8431372549019605,4.313725490196078,1,-99.0,-99.0,3080,
2025-06-02 20:12:59.079650,512,27.450980392156865,72,-98.953125,-99.0390625,32,738.5,0,15.5,40,12.941176470588237,3,170.88,7,533,0,2950,52.156862745098046,255,13863,0.997802734375,262144,13.47,1.012054443359375,3.5294117647058822,13.725490196078432,15.294117647058824,7.8431372549019605,4.313725490196078,1,-99.0,-99.0,3060,
2025-06-02 20:12:59.107135,512,27.450980392156865,72,-98.953125,-99.0390625,32,738.5,0,15.5,40,12.941176470588237,3,170.88,7,533,0,2950,52.156862745098046,255,13863,0.997802734375,262144,13.47,1.012054443359375,3.5294117647058822,13.725490196078432,15.294117647058824,7.8431372549019605,4.313725490196078,1,-99.0,-99.0,3060,
2025-06-02 20:12:59.140605,512,27.450980392156865,72,-98.953125,-99.0390625,32,738.5,0,15.5,40,12.941176470588237,3,170.88,7,533,0,2950,52.156862745098046,255,13863,0.997802734375,262144,13.47,1.012054443359375,3.5294117647058822,13.725490196078432,15.294117647058824,7.8431372549019605,4.313725490196078,1,-99.0,-99.0,3060,
2025-06-02 20:12:59.175225,512,27.450980392156865,72,-98.953125,-99.0390625,32,738.5,0,15.5,40,12.941176470588237,3,170.88,7,533,0,2950,52.156862745098046,255,13863,0.997802734375,262144,13.47,1.012054443359375,3.5294117647058822,13.725490196078432,15.294117647058824,7.8431372549019605,4.313725490196078,1,-99.0,-99.0,3060,
2025-06-02 20:12:59.202393,512,27.450980392156865,72,-98.953125,-99.0390625,32,738.5,0,15.5,40,12.941176470588237,3,170.88,7,533,0,2950,52.156862745098046,255,13863,0.997802734375,262144,13.47,1.012054443359375,3.5294117647058822,13.725490196078432,15.294117647058824,7.8431372549019605,4.313725490196078,1,-99.0,-99.0,3060,
2025-06-02 20:12:59.229470,512,27.450980392156865,72,-98.953125,-99.0390625,33,747.5,0,15.5,40,12.941176470588237,3,170.88,7,533,0,2950,52.156862745098046,255,13863,0.997802734375,262144,13.47,1.012054443359375,3.5294117647058822,13.725490196078432,15.294117647058824,7.8431372549019605,4.313725490196078,1,-99.0,-99.0,3060,
2025-06-02 20:12:59.257502,512,27.450980392156865,72,-98.953125,-99.0390625,33,747.5,0,15.5,40,12.941176470588237,3,170.88,7,533,0,2950,52.156862745098046,255,13863,0.997802734375,262144,13.47,1.012054443359375,3.5294117647058822,13.725490196078432,15.294117647058824,7.8431372549019605,4.313725490196078,1,-99.0,-99.0,3060,
2025-06-02 20:12:59.286204,512,27.450980392156865,72,-98.953125,-99.0390625,33,747.5,0,15.5,41,12.941176470588237,3,170.88,7,533,0,2950,52.156862745098046,255,13863,0.997802734375,262144,13.47,1.012054443359375,3.5294117647058822,13.725490196078432,15.294117647058824,7.8431372549019605,4.313725490196078,1,-99.0,-99.0,3060,
2025-06-02 20:12:59.316232,512,27.450980392156865,72,-98.953125,-99.0390625,33,747.5,0,15.5,41,12.941176470588237,3,170.88,7,533,0,2950,52.156862745098046,255,13863,0.997802734375,262144,13.47,1.012054443359375,3.5294117647058822,13.725490196078432,15.294117647058824,7.8431372549019605,4.313725490196078,1,-99.0,-99.0,3060,
2025-06-02 20:12:59.344213,512,27.450980392156865,72,-98.953125,-99.0390625,33,747.5,0,15.5,41,12.941176470588237,3,170.88,7,533,0,2950,52.156862745098046,255,13863,0.997802734375,262144,13.47,1.012054443359375,3.5294117647058822,13.725490196078432,15.294117647058824,7.8431372549019605,4.313725490196078,1,-99.0,-99.0,3060,
2025-06-02 20:12:59.374939,512,27.450980392156865,72,-98.953125,-99.0390625,33,747.5,0,15.5,41,12.941176470588237,3,170.88,7,533,0,2950,52.156862745098046,255,13863,0.997802734375,262144,13.47,1.012054443359375,3.5294117647058822,13.725490196078432,15.294117647058824,7.8431372549019605,4.313725490196078,1,-99.0,-99.0,3060,
2025-06-02 20:12:59.403811,512,27.450980392156865,72,-98.953125,-99.0390625,33,747.5,0,15.5,41,12.941176470588237,3,170.88,7,533,0,2950,52.156862745098046,255,13863,0.997802734375,262144,13.47,1.012054443359375,3.5294117647058822,13.725490196078432,15.294117647058824,7.8431372549019605,4.313725490196078,1,-99.0,-99.0,3060,
2025-06-02 20:12:59.431652,512,27.450980392156865,72,-98.953125,-99.0390625,33,747.5,0,15.5,41,12.941176470588237,3,170.88,7,534,0,3090,52.156862745098046,255,13863,0.997802734375,262144,13.47,1.012054443359375,3.5294117647058822,13.725490196078432,15.294117647058824,7.8431372549019605,4.313725490196078,1,-99.0,-99.0,3060,
2025-06-02 20:12:59.464610,512,27.450980392156865,72,-98.953125,-99.0390625,33,747.5,0,15.5,41,12.941176470588237,3,170.88,7,534,0,3090,52.156862745098046,255,13863,0.997802734375,262144,13.47,1.012054443359375,3.5294117647058822,13.725490196078432,15.294117647058824,7.8431372549019605,4.313725490196078,1,-99.0,-99.0,3060,
2025-06-02 20:12:59.495595,512,27.450980392156865,72,-98.953125,-99.0390625,33,747.5,0,15.5,41,12.941176470588237,3,170.88,7,534,0,3090,52.156862745098046,255,13863,1.010589599609375,262144,13.446,1.012054443359375,3.5294117647058822,13.725490196078432,15.294117647058824,7.8431372549019605,4.313725490196078,1,-99.0,-99.0,3060,
2025-06-02 20:12:59.525997,512,27.450980392156865,72,-98.953125,-99.0390625,33,747.5,0,15.5,41,12.941176470588237,3,170.88,7,534,0,3090,52.156862745098046,255,13863,1.010589599609375,262144,13.446,1.012054443359375,3.5294117647058822,13.725490196078432,15.294117647058824,7.8431372549019605,4.313725490196078,1,-99.0,-99.0,3060,
2025-06-02 20:12:59.565341,512,27.450980392156865,72,-98.953125,-99.0390625,33,747.5,0,15.5,41,12.941176470588237,3,170.88,7,534,0,3090,52.156862745098046,255,13863,1.010589599609375,262144,13.446,1.012054443359375,3.5294117647058822,13.725490196078432,15.294117647058824,7.8431372549019605,4.313725490196078,1,-99.0,-99.0,3060,
2025-06-02 20:12:59.602573,512,27.84313725490196,72,-98.953125,-99.0390625,33,747.5,0,15.5,41,12.941176470588237,3,170.88,7,534,0,3090,52.156862745098046,255,13863,1.010589599609375,262144,13.446,1.012054443359375,3.5294117647058822,13.725490196078432,15.294117647058824,7.8431372549019605,4.313725490196078,1,-99.0,-99.0,3080,
2025-06-02 20:12:59.638638,512,27.84313725490196,72,-98.953125,-99.0390625,33,747.0,0,15.5,41,12.941176470588237,3,170.88,7,534,0,3090,52.156862745098046,255,13863,1.010589599609375,262144,13.446,1.012054443359375,3.5294117647058822,13.725490196078432,15.294117647058824,7.8431372549019605,4.313725490196078,1,-99.0,-99.0,3080,
2025-06-02 20:12:59.671640,512,27.84313725490196,72,-98.953125,-99.0390625,33,747.0,0,15.5,41,12.941176470588237,3,170.88,7,534,0,3090,52.156862745098046,255,13863,1.010589599609375,262144,13.446,1.012054443359375,3.5294117647058822,13.725490196078432,15.294117647058824,7.8431372549019605,4.313725490196078,1,-99.0,-99.0,3080,
2025-06-02 20:12:59.697684,512,27.84313725490196,72,-98.953125,-99.0390625,33,747.0,0,15.5,41,12.941176470588237,3,170.88,7,534,0,2940,52.156862745098046,255,13863,1.010589599609375,262144,13.446,1.012054443359375,3.5294117647058822,13.725490196078432,15.294117647058824,7.8431372549019605,4.313725490196078,1,-99.0,-99.0,3080,
2025-06-02 20:12:59.723986,512,27.84313725490196,72,-98.953125,-99.0390625,33,747.0,0,15.5,41,12.941176470588237,3,170.88,7,534,0,2940,52.156862745098046,255,13863,1.008544921875,262144,13.488,1.012054443359375,3.5294117647058822,13.725490196078432,15.294117647058824,7.8431372549019605,4.313725490196078,1,-99.0,-99.0,3080,
2025-06-02 20:12:59.756415,512,27.84313725490196,72,-98.953125,-99.0390625,33,747.0,0,15.5,41,12.941176470588237,3,170.88,7,534,0,2940,52.156862745098046,255,13863,1.008544921875,262144,13.488,1.012054443359375,3.5294117647058822,13.725490196078432,15.294117647058824,7.8431372549019605,4.313725490196078,1,-99.0,-99.0,3080,
2025-06-02 20:12:59.783798,512,27.84313725490196,72,-98.953125,-99.0390625,33,747.0,0,15.5,41,12.941176470588237,3,170.88,7,534,0,2940,52.156862745098046,255,13863,1.008544921875,262144,13.488,1.012054443359375,3.5294117647058822,13.725490196078432,15.294117647058824,7.8431372549019605,4.313725490196078,1,-99.0,-99.0,3040,
2025-06-02 20:12:59.812415,512,28.235294117647058,72,-98.953125,-99.0390625,33,747.0,0,15.5,41,12.941176470588237,3,170.88,7,534,0,2940,52.156862745098046,255,13863,1.008544921875,262144,13.488,1.012054443359375,3.5294117647058822,13.725490196078432,15.294117647058824,7.8431372549019605,4.313725490196078,1,-99.0,-99.0,3040,
2025-06-02 20:12:59.846119,512,28.235294117647058,72,-98.953125,-99.0390625,33,745.75,0,13.0,41,12.941176470588237,3,170.88,7,534,0,2940,52.156862745098046,255,13863,1.008544921875,262144,13.488,1.012054443359375,3.5294117647058822,13.725490196078432,15.294117647058824,7.8431372549019605,4.313725490196078,1,-99.0,-99.0,3040,
2025-06-02 20:12:59.885232,512,28.235294117647058,72,-98.953125,-99.0390625,33,745.75,0,13.0,41,12.941176470588237,3,170.88,5,534,0,2940,52.156862745098046,255,13863,1.009857177734375,262144,13.488,1.012054443359375,3.5294117647058822,13.725490196078432,15.294117647058824,7.8431372549019605,4.313725490196078,1,-99.0,-99.0,3040,
2025-06-02 20:12:59.913399,512,28.235294117647058,72,-98.953125,-99.0390625,33,745.75,0,13.0,41,12.941176470588237,3,170.88,5,534,0,2940,52.156862745098046,255,13863,1.009857177734375,262144,13.439,1.012054443359375,3.5294117647058822,13.725490196078432,15.294117647058824,7.8431372549019605,4.313725490196078,1,-99.0,-99.0,3040,
2025-06-02 20:12:59.939849,512,28.235294117647058,72,-98.953125,-99.0390625,33,745.75,0,13.0,41,12.941176470588237,3,170.88,5,534,0,2940,52.156862745098046,255,13863,1.009857177734375,262144,13.439,1.012054443359375,3.5294117647058822,13.725490196078432,15.294117647058824,7.8431372549019605,4.313725490196078,1,-99.0,-99.0,3040,
2025-06-02 20:12:59.976219,512,27.84313725490196,72,-98.953125,-99.0390625,33,745.75,0,13.0,41,12.941176470588237,3,170.88,5,534,0,2940,52.156862745098046,255,13863,1.009857177734375,262144,13.439,1.012054443359375,3.5294117647058822,13.725490196078432,15.294117647058824,7.8431372549019605,4.313725490196078,1,-99.0,-99.0,2940,
2025-06-02 20:13:00.013932,512,27.84313725490196,72,-98.953125,-99.0390625,33,742.75,0,13.0,41,12.941176470588237,3,170.88,7,534,0,2940,52.156862745098046,255,13863,1.009857177734375,262144,13.439,1.012054443359375,3.5294117647058822,13.725490196078432,15.294117647058824,7.8431372549019605,4.313725490196078,1,-99.0,-99.0,2940,
2025-06-02 20:13:00.049994,512,27.84313725490196,72,-98.953125,-99.0390625,33,742.75,0,13.0,41,12.941176470588237,3,170.88,7,534,0,2940,52.156862745098046,255,13863,1.009857177734375,262144,13.439,1.012054443359375,3.5294117647058822,13.725490196078432,15.294117647058824,7.8431372549019605,4.313725490196078,1,-99.0,-99.0,2940,
2025-06-02 20:13:00.074780,512,27.84313725490196,72,-98.953125,-99.0390625,33,742.75,0,13.0,41,12.941176470588237,3,170.88,7,534,0,2940,52.156862745098046,255,13863,1.009857177734375,262144,13.439,1.012054443359375,3.5294117647058822,13.725490196078432,15.294117647058824,7.8431372549019605,4.313725490196078,1,-99.0,-99.0,2940,
2025-06-02 20:13:00.104133,512,27.84313725490196,72,-98.953125,-99.0390625,33,742.75,0,13.0,41,12.941176470588237,3,170.88,7,534,0,2940,52.156862745098046,255,13863,1.009857177734375,262144,13.439,1.012054443359375,3.5294117647058822,13.725490196078432,15.294117647058824,7.8431372549019605,4.313725490196078,1,-99.0,-99.0,2940,
2025-06-02 20:13:00.131257,512,27.84313725490196,72,-98.953125,-99.0390625,33,742.75,0,13.0,41,12.941176470588237,3,170.88,7,534,0,2940,52.156862745098046,255,13863,1.009857177734375,262144,13.55,1.012054443359375,3.5294117647058822,13.725490196078432,15.294117647058824,7.8431372549019605,4.313725490196078,1,-99.0,-99.0,2940,
2025-06-02 20:13:00.163655,512,27.84313725490196,72,-98.953125,-99.0390625,33,742.75,0,13.0,41,12.941176470588237,3,170.88,7,534,0,2940,52.156862745098046,255,13863,1.009857177734375,262144,13.55,1.012054443359375,3.5294117647058822,13.725490196078432,15.294117647058824,7.8431372549019605,4.313725490196078,1,-99.0,-99.0,2940,
2025-06-02 20:13:00.191585,512,27.84313725490196,72,-98.953125,-99.0390625,33,742.75,0,13.0,41,12.941176470588237,3,170.88,7,534,0,2940,52.156862745098046,255,13863,1.009857177734375,262144,13.55,1.012054443359375,3.5294117647058822,13.725490196078432,15.294117647058824,7.8431372549019605,4.313725490196078,1,-99.0,-99.0,2940,
2025-06-02 20:13:00.220290,512,27.84313725490196,72,-98.953125,-99.0390625,33,742.75,0,13.0,41,12.941176470588237,3,170.88,7,534,0,2940,52.156862745098046,255,13863,1.009857177734375,262144,13.55,1.012054443359375,3.5294117647058822,13.725490196078432,15.294117647058824,7.8431372549019605,4.313725490196078,1,-99.0,-99.0,2940,
2025-06-02 20:13:00.250387,512,27.84313725490196,72,-98.953125,-99.0390625,33,742.75,0,13.0,41,12.941176470588237,3,170.88,7,534,0,2940,52.156862745098046,255,13863,1.009857177734375,262144,13.55,1.012054443359375,3.5294117647058822,13.725490196078432,15.294117647058824,7.8431372549019605,4.313725490196078,1,-99.0,-99.0,2940,
2025-06-02 20:13:00.285080,512,27.84313725490196,72,-98.953125,-99.0390625,33,742.75,0,13.0,41,12.941176470588237,3,170.88,7,534,0,2940,52.156862745098046,255,13863,1.009857177734375,262144,13.55,1.012054443359375,3.5294117647058822,13.725490196078432,15.294117647058824,7.8431372549019605,4.313725490196078,1,-99.0,-99.0,2940,
2025-06-02 20:13:00.313623,512,27.84313725490196,72,-98.953125,-99.0390625,33,742.75,0,13.0,41,12.941176470588237,3,170.88,7,534,0,2940,52.156862745098046,255,13863,1.009857177734375,262144,13.55,1.012054443359375,3.5294117647058822,13.725490196078432,15.294117647058824,7.8431372549019605,4.313725490196078,1,-99.0,-99.0,2940,
2025-06-02 20:13:00.345041,512,27.84313725490196,72,-98.953125,-99.0390625,34,743.0,0,12.5,41,12.941176470588237,3,170.88,7,534,0,2940,52.156862745098046,255,13863,1.009857177734375,262144,13.55,1.012054443359375,3.5294117647058822,13.725490196078432,15.294117647058824,7.8431372549019605,4.313725490196078,1,-99.0,-99.0,2940,
2025-06-02 20:13:00.373770,512,27.84313725490196,72,-98.953125,-99.0390625,34,743.0,0,12.5,41,12.941176470588237,3,170.88,7,535,0,2930,52.156862745098046,255,13863,1.014556884765625,262144,13.55,1.012054443359375,3.5294117647058822,13.725490196078432,15.294117647058824,7.8431372549019605,4.313725490196078,1,-99.0,-99.0,2940,
2025-06-02 20:13:00.400067,512,27.84313725490196,72,-98.953125,-99.0390625,34,743.0,0,12.5,41,12.941176470588237,3,170.88,7,535,0,2930,52.156862745098046,255,13720,1.014556884765625,262144,13.55,1.012054443359375,3.5294117647058822,13.725490196078432,15.294117647058824,7.8431372549019605,4.313725490196078,1,-99.0,-99.0,2940,
2025-06-02 20:13:00.429202,512,27.84313725490196,72,-98.953125,-99.0390625,34,743.0,0,12.5,41,12.941176470588237,3,170.88,7,535,0,2930,52.156862745098046,255,13720,1.014556884765625,262144,13.45,1.012054443359375,3.5294117647058822,13.725490196078432,15.294117647058824,7.8431372549019605,4.313725490196078,1,-99.0,-99.0,2940,
2025-06-02 20:13:00.457119,512,27.84313725490196,72,-98.953125,-99.0390625,34,743.0,0,12.5,41,12.941176470588237,3,170.88,7,535,0,2930,52.156862745098046,255,13720,1.014556884765625,262144,13.45,1.012054443359375,3.5294117647058822,13.725490196078432,15.294117647058824,7.8431372549019605,4.313725490196078,1,-99.0,-99.0,2940,
2025-06-02 20:13:00.484867,512,27.84313725490196,72,-98.953125,-99.0390625,34,743.0,0,12.5,41,12.941176470588237,3,170.88,7,535,0,2930,52.156862745098046,255,13720,1.014556884765625,262144,13.45,1.012054443359375,3.5294117647058822,13.725490196078432,15.294117647058824,7.8431372549019605,10.196078431372548,1,-99.0,-99.0,2940,
2025-06-02 20:13:00.511820,512,28.235294117647058,72,-98.953125,-99.0390625,34,743.0,0,12.5,41,12.941176470588237,3,170.88,7,535,0,2930,52.156862745098046,255,13720,1.014556884765625,262144,13.45,1.012054443359375,3.5294117647058822,13.725490196078432,15.294117647058824,7.8431372549019605,10.196078431372548,1,-99.0,-99.0,2940,
2025-06-02 20:13:00.539492,512,28.235294117647058,72,-98.9765625,-99.015625,39,743.0,0,11.5,41,14.117647058823529,3,170.88,7,535,0,2930,52.156862745098046,255,13720,1.014556884765625,262144,13.45,1.012054443359375,3.5294117647058822,13.725490196078432,15.294117647058824,7.8431372549019605,10.196078431372548,1,-99.0,-99.0,2940,
2025-06-02 20:13:00.567238,512,28.235294117647058,72,-98.9765625,-99.015625,39,743.0,0,11.5,41,14.117647058823529,3,170.88,5,535,0,2930,52.156862745098046,255,13720,1.014556884765625,262144,13.45,1.012054443359375,3.5294117647058822,13.725490196078432,15.294117647058824,7.8431372549019605,10.196078431372548,1,-99.0,-99.0,2940,
2025-06-02 20:13:00.595526,512,28.235294117647058,72,-98.9765625,-99.015625,39,743.0,0,11.5,41,14.117647058823529,3,170.88,5,535,0,2930,52.156862745098046,255,13720,1.014739990234375,516256,13.45,1.012054443359375,3.5294117647058822,13.725490196078432,15.294117647058824,7.8431372549019605,10.196078431372548,1,-99.0,-99.0,2940,
2025-06-02 20:13:00.624862,512,28.235294117647058,72,-98.9765625,-99.015625,39,743.0,0,11.5,41,14.117647058823529,3,170.88,5,535,0,2930,52.156862745098046,255,13720,1.014739990234375,516256,13.448,1.00201416015625,13.333333333333334,23.52941176470588,25.098039215686274,7.8431372549019605,10.196078431372548,1,-99.0,-99.0,2940,
2025-06-02 20:13:00.654833,512,35.294117647058826,72,-98.9765625,-99.015625,39,743.0,0,11.5,41,14.117647058823529,3,170.88,5,535,0,2930,52.156862745098046,255,13720,1.014739990234375,516256,13.448,1.00201416015625,13.333333333333334,23.52941176470588,25.098039215686274,7.8431372549019605,15.686274509803921,1,-99.0,-99.0,5670,
2025-06-02 20:13:00.681089,512,35.294117647058826,72,-98.96875,-99.015625,78,764.25,0,11.5,41,14.117647058823529,3,170.88,5,535,0,2930,52.156862745098046,255,13720,1.014739990234375,516256,13.448,1.00201416015625,13.333333333333334,23.52941176470588,25.098039215686274,7.8431372549019605,15.686274509803921,1,-99.0,-99.0,5670,
2025-06-02 20:13:00.712017,512,35.294117647058826,72,-98.96875,-99.015625,78,764.25,0,-2.5,41,25.098039215686274,3,170.88,5,535,0,2930,52.156862745098046,255,13720,1.014739990234375,516256,13.448,1.00201416015625,13.333333333333334,23.52941176470588,25.098039215686274,7.8431372549019605,15.686274509803921,1,-99.0,-99.0,5670,
2025-06-02 20:13:00.747064,512,35.294117647058826,72,-98.96875,-99.015625,78,764.25,0,-2.5,41,25.098039215686274,3,170.88,5,535,0,2930,52.156862745098046,255,13863,1.03057861328125,262144,13.448,1.00201416015625,13.333333333333334,23.52941176470588,25.098039215686274,7.8431372549019605,15.686274509803921,1,-99.0,-99.0,5670,
2025-06-02 20:13:00.773167,512,35.294117647058826,72,-98.96875,-99.015625,78,764.25,0,-2.5,41,25.098039215686274,3,170.88,5,535,0,2930,52.156862745098046,255,13863,1.03057861328125,262144,13.678,1.001922607421875,3.9215686274509802,13.725490196078432,25.098039215686274,7.8431372549019605,15.686274509803921,1,-99.0,-99.0,5670,
2025-06-02 20:13:00.801979,512,35.294117647058826,72,-98.96875,-99.015625,78,764.25,0,-2.5,41,25.098039215686274,3,170.88,5,535,0,2930,52.156862745098046,255,13863,1.03057861328125,262144,13.678,1.001922607421875,3.9215686274509802,13.725490196078432,25.098039215686274,7.8431372549019605,15.686274509803921,1,-99.0,-99.0,5670,
2025-06-02 20:13:00.831194,512,35.294117647058826,72,-98.96875,-99.015625,78,764.25,0,-2.5,41,25.098039215686274,3,170.88,5,535,0,2930,52.156862745098046,255,13863,1.03057861328125,262144,13.678,1.001922607421875,3.9215686274509802,13.725490196078432,25.098039215686274,7.8431372549019605,15.686274509803921,1,-99.0,-99.0,5670,
2025-06-02 20:13:00.859112,512,35.294117647058826,72,-98.96875,-99.015625,78,764.25,0,-2.5,41,25.098039215686274,3,170.88,5,535,0,2930,52.156862745098046,255,13863,1.03057861328125,262144,13.678,1.001922607421875,3.9215686274509802,13.725490196078432,25.098039215686274,7.8431372549019605,15.686274509803921,1,-99.0,-99.0,5670,
2025-06-02 20:13:00.887119,512,35.294117647058826,72,-98.96875,-99.015625,78,764.25,0,-2.5,41,25.098039215686274,3,170.88,5,535,0,2930,52.156862745098046,255,13863,1.03057861328125,262144,13.678,1.001922607421875,3.9215686274509802,13.725490196078432,25.098039215686274,7.8431372549019605,15.686274509803921,1,-99.0,-99.0,5670,
2025-06-02 20:13:00.915518,512,35.294117647058826,72,-98.96875,-99.015625,78,764.25,0,-2.5,41,25.098039215686274,3,170.88,5,535,0,2930,52.156862745098046,255,13863,1.03057861328125,262144,13.678,1.001922607421875,3.9215686274509802,13.725490196078432,25.098039215686274,7.8431372549019605,15.686274509803921,1,-99.0,-99.0,5670,
2025-06-02 20:13:00.947234,512,35.294117647058826,72,-98.96875,-99.015625,78,764.25,0,-2.5,41,25.098039215686274,3,170.88,5,535,0,2930,52.156862745098046,255,13863,1.03057861328125,262144,13.678,1.001922607421875,3.9215686274509802,13.725490196078432,25.098039215686274,7.8431372549019605,15.686274509803921,1,-99.0,-99.0,6000,
2025-06-02 20:13:00.974748,512,43.529411764705884,72,-99.0234375,-99.015625,78,764.25,0,-2.5,41,25.098039215686274,3,170.88,5,535,0,2930,52.156862745098046,255,13863,1.03057861328125,262144,13.678,1.001922607421875,3.9215686274509802,13.725490196078432,25.098039215686274,7.8431372549019605,15.686274509803921,1,-99.0,-99.0,6000,
2025-06-02 20:13:01.008796,512,43.529411764705884,72,-99.0234375,-99.015625,78,764.25,0,-2.5,41,25.098039215686274,3,170.88,5,535,0,2930,52.156862745098046,255,13863,1.03057861328125,262144,13.678,1.001922607421875,3.9215686274509802,13.725490196078432,25.098039215686274,7.8431372549019605,15.686274509803921,1,-99.0,-99.0,6000,
2025-06-02 20:13:01.036699,512,43.529411764705884,72,-99.0234375,-99.015625,78,764.25,0,-2.5,41,25.098039215686274,3,170.88,5,535,0,2930,52.156862745098046,255,13863,1.03057861328125,262144,13.678,1.001922607421875,3.9215686274509802,13.725490196078432,25.098039215686274,7.8431372549019605,15.686274509803921,1,-99.0,-99.0,6000,
2025-06-02 20:13:01.067695,512,43.529411764705884,72,-99.0234375,-99.015625,78,764.25,0,-2.5,41,25.098039215686274,3,170.88,5,535,0,2930,52.156862745098046,255,13863,1.03057861328125,262144,13.678,1.001922607421875,3.9215686274509802,13.725490196078432,25.098039215686274,7.8431372549019605,15.686274509803921,1,-99.0,-99.0,6000,
2025-06-02 20:13:01.094643,512,43.529411764705884,72,-99.0234375,-99.015625,78,764.25,0,-2.5,41,25.098039215686274,3,170.88,5,535,0,2930,52.156862745098046,255,13863,1.03057861328125,262144,13.678,1.001922607421875,3.9215686274509802,13.725490196078432,25.098039215686274,7.8431372549019605,15.686274509803921,1,-99.0,-99.0,6000,
2025-06-02 20:13:01.122146,512,43.529411764705884,72,-99.0234375,-99.015625,78,764.25,0,-2.5,41,25.098039215686274,3,170.88,5,535,0,2930,52.156862745098046,255,13863,1.03057861328125,262144,13.678,1.001922607421875,3.9215686274509802,13.725490196078432,25.098039215686274,7.8431372549019605,15.686274509803921,1,-99.0,-99.0,6000,
2025-06-02 20:13:01.154563,512,43.529411764705884,72,-99.0234375,-99.015625,78,764.25,0,-2.5,41,15.686274509803921,3,178.56,7,535,0,2930,52.156862745098046,255,13863,1.03057861328125,262144,13.678,1.001922607421875,3.9215686274509802,13.725490196078432,25.098039215686274,7.8431372549019605,15.686274509803921,1,-99.0,-99.0,6000,
2025-06-02 20:13:01.184113,512,43.529411764705884,72,-99.0234375,-99.015625,78,764.25,0,-2.5,41,15.686274509803921,3,178.56,7,535,0,9360,52.156862745098046,255,13720,1.03057861328125,262144,13.678,1.001922607421875,3.9215686274509802,13.725490196078432,25.098039215686274,7.8431372549019605,15.686274509803921,1,-99.0,-99.0,6000,
2025-06-02 20:13:01.214710,512,43.529411764705884,72,-99.0234375,-99.015625,78,764.25,0,-2.5,41,15.686274509803921,3,178.56,7,535,0,9360,52.156862745098046,255,13720,1.03057861328125,262144,13.678,1.001922607421875,3.9215686274509802,13.725490196078432,25.098039215686274,7.8431372549019605,15.686274509803921,1,-99.0,-99.0,6000,
2025-06-02 20:13:01.241022,512,43.529411764705884,72,-99.0234375,-99.015625,78,764.25,0,-2.5,41,15.686274509803921,3,178.56,7,535,0,9360,52.156862745098046,255,13720,1.03057861328125,262144,13.213,0.99761962890625,0.39215686274509803,13.725490196078432,25.098039215686274,7.8431372549019605,15.686274509803921,1,-99.0,-99.0,6000,
2025-06-02 20:13:01.270758,512,43.529411764705884,72,-99.0234375,-99.015625,78,764.25,0,-2.5,41,15.686274509803921,3,178.56,7,535,0,9360,52.156862745098046,255,13720,1.03057861328125,262144,13.213,0.99761962890625,0.39215686274509803,10.588235294117647,15.686274509803921,7.8431372549019605,15.686274509803921,1,-99.0,-99.0,6000,
2025-06-02 20:13:01.301884,512,43.529411764705884,72,-99.0234375,-99.015625,78,764.25,0,-2.5,41,15.686274509803921,3,178.56,7,535,0,9360,52.156862745098046,255,13720,1.03057861328125,262144,13.213,0.99761962890625,0.39215686274509803,10.588235294117647,15.686274509803921,7.8431372549019605,0.0,1,-99.0,-99.0,7730,
2025-06-02 20:13:01.330653,512,48.627450980392155,72,-99.0078125,-99.015625,48,1392.25,0,-2.5,41,15.686274509803921,3,178.56,7,535,0,9360,52.156862745098046,255,13720,1.03057861328125,262144,13.213,0.99761962890625,0.39215686274509803,10.588235294117647,15.686274509803921,7.8431372549019605,0.0,1,-99.0,-99.0,7730,
2025-06-02 20:13:01.359758,512,48.627450980392155,72,-99.0078125,-99.015625,48,1392.25,0,-2.5,41,15.686274509803921,3,178.56,7,535,0,9360,52.156862745098046,255,13720,1.03057861328125,262144,13.213,0.99761962890625,0.39215686274509803,10.588235294117647,15.686274509803921,7.8431372549019605,0.0,1,-99.0,-99.0,7730,
2025-06-02 20:13:01.391378,512,48.627450980392155,72,-99.0078125,-99.015625,48,1392.25,0,-2.5,41,15.686274509803921,3,178.56,7,535,0,9360,52.156862745098046,255,13720,1.03057861328125,262144,13.213,0.99761962890625,0.39215686274509803,10.588235294117647,15.686274509803921,7.8431372549019605,0.0,1,-99.0,-99.0,7730,
2025-06-02 20:13:01.424754,512,48.627450980392155,72,-99.0078125,-99.015625,48,1392.25,0,-2.5,41,15.686274509803921,3,178.56,7,535,0,9360,52.156862745098046,255,13720,1.03057861328125,262144,13.213,0.99761962890625,0.39215686274509803,10.588235294117647,15.686274509803921,7.8431372549019605,0.0,1,-99.0,-99.0,7730,
2025-06-02 20:13:01.460761,512,48.627450980392155,72,-99.0078125,-99.015625,48,1392.25,0,-2.5,41,15.686274509803921,3,178.56,7,535,0,9360,52.156862745098046,255,13720,1.03057861328125,262144,13.213,0.99761962890625,0.39215686274509803,10.588235294117647,15.686274509803921,7.8431372549019605,0.0,1,-99.0,-99.0,7730,
2025-06-02 20:13:01.497148,512,48.627450980392155,72,-99.0078125,-99.015625,48,1392.25,0,-2.5,41,15.686274509803921,3,178.56,7,535,0,9360,52.156862745098046,255,13720,1.03057861328125,262144,13.213,0.99761962890625,0.39215686274509803,10.588235294117647,15.686274509803921,7.8431372549019605,0.0,1,-99.0,-99.0,7730,
2025-06-02 20:13:01.532051,512,48.627450980392155,72,-99.0078125,-99.015625,48,1392.25,0,-2.5,41,15.686274509803921,3,178.56,7,535,0,9360,52.156862745098046,255,13720,1.03057861328125,262144,13.213,0.99761962890625,0.39215686274509803,10.588235294117647,15.686274509803921,7.8431372549019605,0.0,1,-99.0,-99.0,7730,
2025-06-02 20:13:01.566817,512,48.627450980392155,72,-99.0078125,-99.015625,48,1392.25,0,-2.5,41,15.686274509803921,3,178.56,7,535,0,9360,52.156862745098046,255,13720,1.03057861328125,262144,13.213,0.99761962890625,0.39215686274509803,10.588235294117647,15.686274509803921,7.8431372549019605,0.0,1,-99.0,-99.0,7730,
2025-06-02 20:13:01.600868,512,48.627450980392155,72,-99.0078125,-99.015625,48,1392.25,0,-2.5,41,15.686274509803921,3,178.56,7,536,0,5920,52.156862745098046,255,13720,1.03057861328125,262144,13.213,0.99761962890625,0.39215686274509803,10.588235294117647,15.686274509803921,7.8431372549019605,0.0,1,-99.0,-99.0,7730,
2025-06-02 20:13:01.634548,512,48.627450980392155,72,-99.0078125,-99.015625,48,1392.25,0,-2.5,41,15.686274509803921,3,178.56,7,536,0,5920,52.156862745098046,255,13720,0.925811767578125,516256,12.882,1.00164794921875,0.39215686274509803,10.588235294117647,15.686274509803921,7.8431372549019605,0.0,1,-99.0,-99.0,7730,
2025-06-02 20:13:01.661369,512,48.627450980392155,72,-99.0078125,-99.015625,48,1392.25,0,-2.5,41,15.686274509803921,3,178.56,7,536,0,5920,52.156862745098046,255,13720,0.925811767578125,516256,12.882,1.00164794921875,0.39215686274509803,10.588235294117647,15.686274509803921,7.8431372549019605,0.0,1,-99.0,-99.0,7730,
2025-06-02 20:13:01.695032,512,48.627450980392155,72,-99.0078125,-99.015625,48,1392.25,0,-2.5,41,15.686274509803921,3,178.56,7,536,0,5920,52.156862745098046,255,13720,0.925811767578125,516256,12.882,1.00164794921875,0.39215686274509803,10.588235294117647,22.35294117647059,7.8431372549019605,0.0,1,-99.0,-99.0,7730,
2025-06-02 20:13:01.721594,512,48.627450980392155,72,-99.0078125,-99.015625,48,1392.25,0,-2.5,41,15.686274509803921,3,178.56,7,536,0,5920,52.156862745098046,255,13720,0.925811767578125,516256,12.882,1.00164794921875,0.39215686274509803,10.588235294117647,22.35294117647059,7.8431372549019605,0.0,1,-99.0,-99.0,7730,
2025-06-02 20:13:01.754548,512,48.627450980392155,72,-99.0078125,-99.015625,48,1392.25,0,-2.5,41,15.686274509803921,3,178.56,7,536,0,5920,52.156862745098046,255,13720,0.925811767578125,516256,12.882,1.00164794921875,0.39215686274509803,10.588235294117647,22.35294117647059,7.8431372549019605,0.0,1,-99.0,-99.0,7730,
2025-06-02 20:13:01.788724,512,48.627450980392155,72,-99.0078125,-99.015625,48,1392.25,0,-2.5,41,15.686274509803921,3,178.56,7,536,0,5920,52.156862745098046,255,13720,0.925811767578125,516256,12.882,1.00164794921875,0.39215686274509803,10.588235294117647,22.35294117647059,7.8431372549019605,0.0,1,-99.0,-99.0,7730,
2025-06-02 20:13:01.822802,512,87.05882352941177,72,-98.9453125,-99.015625,48,1392.25,0,-2.5,41,15.686274509803921,3,178.56,7,536,0,5920,52.156862745098046,255,13720,0.925811767578125,516256,12.882,1.00164794921875,0.39215686274509803,10.588235294117647,22.35294117647059,7.8431372549019605,0.0,1,-99.0,-99.0,7400,
2025-06-02 20:13:01.852749,512,87.05882352941177,72,-98.9453125,-99.015625,90,1117.0,0,-2.5,41,15.686274509803921,3,178.56,7,536,0,5920,52.156862745098046,255,13720,0.925811767578125,516256,12.882,1.00164794921875,0.39215686274509803,10.588235294117647,22.35294117647059,7.8431372549019605,0.0,1,-99.0,-99.0,7400,
2025-06-02 20:13:01.883543,512,87.05882352941177,72,-98.9453125,-99.015625,90,1117.0,0,-2.5,41,15.686274509803921,3,178.56,7,536,0,5920,52.156862745098046,255,13720,0.925811767578125,516256,12.882,1.00164794921875,0.39215686274509803,10.588235294117647,22.35294117647059,7.8431372549019605,0.0,1,-99.0,-99.0,7400,
2025-06-02 20:13:01.907514,512,87.05882352941177,72,-98.9453125,-99.015625,90,1117.0,0,-2.5,41,26.666666666666668,3,186.24,7,536,0,9030,52.156862745098046,255,13720,0.925811767578125,516256,12.882,1.00164794921875,0.39215686274509803,10.588235294117647,22.35294117647059,7.8431372549019605,0.0,1,-99.0,-99.0,7400,
2025-06-02 20:13:01.936675,512,87.05882352941177,72,-98.9453125,-99.015625,90,1117.0,0,-2.5,41,26.666666666666668,3,186.24,7,536,0,9030,52.156862745098046,255,13720,1.029449462890625,262144,12.882,1.00164794921875,0.39215686274509803,10.588235294117647,22.35294117647059,7.8431372549019605,0.0,1,-99.0,-99.0,7400,
2025-06-02 20:13:01.962499,512,87.05882352941177,72,-98.9453125,-99.015625,90,1117.0,0,-2.5,41,26.666666666666668,3,186.24,7,536,0,9030,52.156862745098046,255,13720,1.029449462890625,262144,12.882,1.00164794921875,0.39215686274509803,10.588235294117647,22.35294117647059,7.8431372549019605,0.0,1,-99.0,-99.0,7400,
2025-06-02 20:13:01.989431,512,87.05882352941177,72,-98.9453125,-99.015625,90,1117.0,0,-2.5,41,26.666666666666668,3,186.24,7,536,0,9030,52.156862745098046,255,13720,1.029449462890625,262144,12.882,1.00164794921875,0.0,10.588235294117647,22.35294117647059,7.8431372549019605,0.0,1,-99.0,-99.0,7400,
2025-06-02 20:13:02.024485,512,87.05882352941177,72,-98.9453125,-99.015625,90,1117.0,0,-2.5,41,26.666666666666668,3,186.24,7,536,0,9030,52.156862745098046,255,13720,1.029449462890625,262144,12.882,1.00164794921875,0.0,10.588235294117647,15.294117647058824,7.8431372549019605,0.0,1,-99.0,-99.0,7400,
2025-06-02 20:13:02.056268,512,87.05882352941177,72,-98.9453125,-99.015625,90,1117.0,0,-2.5,41,26.666666666666668,3,186.24,7,536,0,9030,52.156862745098046,255,13720,1.029449462890625,262144,12.882,1.00164794921875,0.0,10.588235294117647,15.294117647058824,7.8431372549019605,0.0,1,-99.0,-99.0,7580,
2025-06-02 20:13:02.085447,512,87.05882352941177,72,-98.9453125,-99.015625,90,1117.0,0,-2.5,41,26.666666666666668,3,186.24,7,536,0,9030,52.156862745098046,255,13720,1.029449462890625,262144,12.882,1.00164794921875,0.0,10.588235294117647,15.294117647058824,7.8431372549019605,0.0,1,-99.0,-99.0,7580,
2025-06-02 20:13:02.113285,512,87.05882352941177,72,-99.03125,-99.015625,43,1220.25,0,-2.5,41,26.666666666666668,3,186.24,7,536,0,9030,52.156862745098046,255,13720,1.029449462890625,262144,12.882,1.00164794921875,0.0,10.588235294117647,15.294117647058824,7.8431372549019605,0.0,1,-99.0,-99.0,7580,
2025-06-02 20:13:02.143252,512,87.05882352941177,72,-99.03125,-99.015625,43,1220.25,0,-18.5,40,9.411764705882353,3,186.24,5,537,0,9030,52.156862745098046,255,13720,1.029449462890625,262144,12.882,1.00164794921875,0.0,10.588235294117647,15.294117647058824,7.8431372549019605,0.0,1,-99.0,-99.0,7580,
2025-06-02 20:13:02.176606,512,87.05882352941177,72,-99.03125,-99.015625,43,1220.25,0,-18.5,40,9.411764705882353,3,186.24,5,537,0,9030,52.156862745098046,255,13720,1.029449462890625,262144,12.882,1.00164794921875,0.0,10.588235294117647,15.294117647058824,7.8431372549019605,0.0,1,-99.0,-99.0,7580,
2025-06-02 20:13:02.212253,512,87.05882352941177,72,-99.03125,-99.015625,43,1220.25,0,-18.5,40,9.411764705882353,3,186.24,5,537,0,9030,52.156862745098046,255,13720,0.936187744140625,262144,13.015,1.001373291015625,0.0,10.588235294117647,15.294117647058824,7.8431372549019605,0.0,1,-99.0,-99.0,7580,
2025-06-02 20:13:02.243685,512,87.05882352941177,72,-99.03125,-99.015625,43,1220.25,0,-18.5,40,9.411764705882353,3,186.24,5,537,0,9030,52.156862745098046,255,13720,0.936187744140625,262144,13.015,1.001373291015625,14.50980392156863,25.098039215686274,25.882352941176475,7.8431372549019605,25.49019607843137,1,-99.0,-99.0,7580,
2025-06-02 20:13:02.269261,512,87.05882352941177,72,-99.03125,-99.015625,43,1220.25,0,-18.5,40,9.411764705882353,3,186.24,5,537,0,9030,52.156862745098046,255,13720,0.936187744140625,262144,13.015,1.001373291015625,14.50980392156863,25.098039215686274,25.882352941176475,7.8431372549019605,25.49019607843137,1,-99.0,-99.0,7580,
2025-06-02 20:13:02.301343,512,67.45098039215686,72,-99.03125,-99.015625,43,1220.25,0,-18.5,40,9.411764705882353,3,186.24,5,537,0,9030,52.156862745098046,255,13720,0.936187744140625,262144,13.015,1.001373291015625,14.50980392156863,25.098039215686274,25.882352941176475,7.8431372549019605,25.49019607843137,1,-99.0,-99.0,7920,
2025-06-02 20:13:02.329674,512,67.45098039215686,72,-99.046875,-99.015625,94,1197.25,0,0.0,40,9.411764705882353,3,186.24,5,537,0,9030,52.156862745098046,255,13720,0.936187744140625,262144,13.015,1.001373291015625,14.50980392156863,25.098039215686274,25.882352941176475,7.8431372549019605,25.49019607843137,1,-99.0,-99.0,7920,
2025-06-02 20:13:02.358723,512,67.45098039215686,72,-99.046875,-99.015625,94,1197.25,0,0.0,40,9.411764705882353,3,183.68,7,537,0,9160,52.156862745098046,255,13720,0.9989013671875,262144,13.015,1.001373291015625,14.50980392156863,25.098039215686274,25.882352941176475,7.8431372549019605,25.49019607843137,1,-99.0,-99.0,7920,
2025-06-02 20:13:02.386539,512,67.45098039215686,72,-99.046875,-99.015625,94,1197.25,0,0.0,40,9.411764705882353,3,183.68,7,537,0,9160,52.156862745098046,255,13720,0.9989013671875,516256,12.915,1.001373291015625,14.50980392156863,25.098039215686274,25.882352941176475,7.8431372549019605,25.49019607843137,1,-99.0,-99.0,7920,
2025-06-02 20:13:02.417485,512,67.45098039215686,72,-99.046875,-99.015625,94,1197.25,0,0.0,40,9.411764705882353,3,183.68,7,537,0,9160,52.156862745098046,255,13720,0.9989013671875,516256,12.915,1.001373291015625,14.50980392156863,25.098039215686274,25.882352941176475,7.8431372549019605,25.49019607843137,1,-99.0,-99.0,7920,
2025-06-02 20:13:02.443690,512,67.45098039215686,72,-99.046875,-99.015625,94,1197.25,0,0.0,40,9.411764705882353,3,183.68,7,537,0,9160,52.156862745098046,255,13720,0.9989013671875,516256,12.915,1.001373291015625,14.50980392156863,30.58823529411765,38.03921568627451,7.8431372549019605,25.49019607843137,1,-99.0,-99.0,7920,
2025-06-02 20:13:02.469843,512,67.45098039215686,72,-99.046875,-99.015625,94,1197.25,0,0.0,40,9.411764705882353,3,183.68,7,537,0,9160,52.156862745098046,255,13720,0.9989013671875,516256,12.915,1.001373291015625,14.50980392156863,30.58823529411765,38.03921568627451,7.8431372549019605,25.49019607843137,1,-99.0,-99.0,7920,
2025-06-02 20:13:02.498247,512,67.45098039215686,72,-99.046875,-99.015625,94,1197.25,0,0.0,40,9.411764705882353,3,183.68,7,537,0,9160,52.156862745098046,255,13720,0.9989013671875,516256,12.915,1.001373291015625,14.50980392156863,30.58823529411765,38.03921568627451,7.8431372549019605,0.0,1,-99.0,-99.0,7920,
2025-06-02 20:13:02.528001,512,67.45098039215686,72,-99.046875,-99.015625,94,1197.25,0,0.0,40,9.411764705882353,3,183.68,7,537,0,9160,52.156862745098046,255,13720,0.9989013671875,516256,12.915,1.001373291015625,14.50980392156863,30.58823529411765,38.03921568627451,7.8431372549019605,0.0,1,-99.0,-99.0,7920,
2025-06-02 20:13:02.555513,512,73.33333333333333,72,-99.046875,-99.015625,94,1197.25,0,0.0,40,9.411764705882353,3,183.68,7,537,0,9160,52.156862745098046,255,13720,0.9989013671875,516256,12.915,1.001373291015625,14.50980392156863,30.58823529411765,38.03921568627451,7.8431372549019605,0.0,1,-99.0,-99.0,11750,
2025-06-02 20:13:02.583162,512,73.33333333333333,72,-99.015625,-99.0078125,65,1586.5,0,0.0,40,9.411764705882353,3,183.68,7,537,0,9160,52.156862745098046,255,13720,0.9989013671875,516256,12.915,1.001373291015625,14.50980392156863,30.58823529411765,38.03921568627451,7.8431372549019605,0.0,1,-99.0,-99.0,11750,
2025-06-02 20:13:02.612396,512,73.33333333333333,72,-99.015625,-99.0078125,65,1586.5,0,0.0,40,9.803921568627452,3,150.4,5,537,0,9160,52.156862745098046,255,13720,0.9989013671875,516256,12.915,1.001373291015625,14.50980392156863,30.58823529411765,38.03921568627451,7.8431372549019605,0.0,1,-99.0,-99.0,11750,
2025-06-02 20:13:02.638444,512,73.33333333333333,72,-99.015625,-99.0078125,65,1586.5,0,0.0,40,9.803921568627452,3,150.4,5,537,0,10800,52.156862745098046,255,13720,0.9989013671875,262144,13.121,1.001373291015625,14.50980392156863,30.58823529411765,38.03921568627451,7.8431372549019605,0.0,1,-99.0,-99.0,11750,
2025-06-02 20:13:02.668471,512,73.33333333333333,72,-99.015625,-99.0078125,65,1586.5,0,0.0,40,9.803921568627452,3,150.4,5,537,0,10800,52.156862745098046,255,13720,0.9989013671875,262144,13.121,0.999420166015625,0.39215686274509803,10.588235294117647,17.647058823529413,7.8431372549019605,0.0,1,-99.0,-99.0,11750,
2025-06-02 20:13:02.695500,512,73.33333333333333,72,-99.015625,-99.0078125,65,1586.5,0,0.0,40,9.803921568627452,3,150.4,5,537,0,10800,52.156862745098046,255,13720,0.9989013671875,262144,13.121,0.999420166015625,0.39215686274509803,10.588235294117647,17.647058823529413,7.8431372549019605,0.0,1,-99.0,-99.0,11750,
2025-06-02 20:13:02.722580,512,38.43137254901961,72,-99.0546875,-99.0078125,65,1586.5,0,0.0,40,9.803921568627452,3,150.4,5,537,0,10800,52.156862745098046,255,13720,0.9989013671875,262144,13.121,0.999420166015625,0.39215686274509803,10.588235294117647,17.647058823529413,7.8431372549019605,0.0,1,-99.0,-99.0,9510,
2025-06-02 20:13:02.750078,512,38.43137254901961,72,-99.0546875,-99.015625,65,1743.75,0,-13.5,40,9.803921568627452,3,150.4,5,537,0,10800,52.156862745098046,255,13720,0.9989013671875,262144,13.121,0.999420166015625,0.39215686274509803,10.588235294117647,17.647058823529413,7.8431372549019605,0.0,1,-99.0,-99.0,9510,
2025-06-02 20:13:02.776165,512,38.43137254901961,72,-99.0546875,-99.015625,65,1743.75,0,-13.5,40,9.803921568627452,3,150.4,5,537,0,10800,52.156862745098046,255,13720,0.9989013671875,262144,13.121,0.999420166015625,0.39215686274509803,10.588235294117647,17.647058823529413,7.8431372549019605,0.0,1,-99.0,-99.0,9510,
2025-06-02 20:13:02.803985,512,38.43137254901961,72,-99.0546875,-99.015625,65,1743.75,0,-13.5,40,9.803921568627452,3,183.68,5,537,0,10800,52.156862745098046,255,13720,0.9989013671875,262144,13.121,0.999420166015625,0.39215686274509803,10.588235294117647,17.647058823529413,7.8431372549019605,0.0,1,-99.0,-99.0,9510,
2025-06-02 20:13:02.832381,512,38.43137254901961,72,-99.0546875,-99.015625,65,1743.75,0,-13.5,40,9.803921568627452,3,183.68,5,537,0,8630,52.156862745098046,255,13720,0.9287109375,262144,13.437,0.999420166015625,0.39215686274509803,10.588235294117647,17.647058823529413,7.8431372549019605,0.0,1,-99.0,-99.0,9510,
2025-06-02 20:13:02.858181,512,38.43137254901961,72,-99.0546875,-99.015625,65,1743.75,0,-13.5,40,9.803921568627452,3,183.68,5,537,0,8630,52.156862745098046,255,13720,0.9287109375,262144,13.437,0.999420166015625,0.39215686274509803,10.588235294117647,17.647058823529413,7.8431372549019605,0.0,1,-99.0,-99.0,9510,
2025-06-02 20:13:02.884225,512,38.43137254901961,72,-99.0546875,-99.015625,65,1743.75,0,-13.5,40,9.803921568627452,3,183.68,5,537,0,8630,52.156862745098046,255,13720,0.9287109375,262144,13.437,0.999420166015625,0.39215686274509803,10.588235294117647,17.647058823529413,7.8431372549019605,0.0,1,-99.0,-99.0,9510,
2025-06-02 20:13:02.914142,512,38.43137254901961,72,-99.0546875,-99.015625,65,1743.75,0,-13.5,40,9.803921568627452,3,183.68,5,537,0,8630,52.156862745098046,255,13720,0.9287109375,262144,13.437,0.999420166015625,0.39215686274509803,10.588235294117647,15.294117647058824,7.8431372549019605,4.705882352941177,1,-99.0,-99.0,9510,
2025-06-02 20:13:02.941317,512,20.392156862745097,72,-99.0546875,-99.015625,65,1743.75,0,-13.5,40,9.803921568627452,3,183.68,5,537,0,8630,52.156862745098046,255,13720,0.9287109375,262144,13.437,0.999420166015625,0.39215686274509803,10.588235294117647,15.294117647058824,7.8431372549019605,4.705882352941177,1,-99.0,-99.0,7910,
2025-06-02 20:13:02.972590,512,20.392156862745097,72,-99.0546875,-99.015625,65,1743.75,0,-13.5,40,9.803921568627452,3,183.68,5,537,0,8630,52.156862745098046,255,13720,0.9287109375,262144,13.437,0.999420166015625,0.39215686274509803,10.588235294117647,15.294117647058824,7.8431372549019605,4.705882352941177,1,-99.0,-99.0,7910,
2025-06-02 20:13:03.007036,512,20.392156862745097,72,-99.0546875,-99.015625,65,1743.75,0,-13.5,40,9.803921568627452,3,183.68,5,537,0,8630,52.156862745098046,255,13720,0.9287109375,262144,13.437,0.999420166015625,0.39215686274509803,10.588235294117647,15.294117647058824,7.8431372549019605,4.705882352941177,1,-99.0,-99.0,7910,
2025-06-02 20:13:03.035623,512,20.392156862745097,72,-99.0546875,-99.015625,65,1209.75,0,-13.5,40,9.803921568627452,3,183.68,5,537,0,8630,52.156862745098046,255,13720,0.9287109375,262144,13.437,0.999420166015625,0.39215686274509803,10.588235294117647,15.294117647058824,7.8431372549019605,4.705882352941177,1,-99.0,-99.0,7910,
2025-06-02 20:13:03.071159,512,20.392156862745097,72,-99.0546875,-99.015625,65,1209.75,0,14.0,40,13.333333333333334,3,184.96,7,537,0,8630,52.156862745098046,255,13720,0.9287109375,262144,13.437,0.999420166015625,0.39215686274509803,10.588235294117647,15.294117647058824,7.8431372549019605,4.705882352941177,1,-99.0,-99.0,7910,
2025-06-02 20:13:03.099300,512,20.392156862745097,72,-99.0546875,-99.015625,65,1209.75,0,14.0,40,13.333333333333334,3,184.96,7,537,0,7340,52.156862745098046,255,13863,0.992095947265625,262144,13.437,0.999420166015625,0.39215686274509803,10.588235294117647,15.294117647058824,7.8431372549019605,4.705882352941177,1,-99.0,-99.0,7910,
2025-06-02 20:13:03.132893,512,20.392156862745097,72,-99.0546875,-99.015625,65,1209.75,0,14.0,40,13.333333333333334,3,184.96,7,537,0,7340,52.156862745098046,255,13863,0.992095947265625,262144,13.42,1.00115966796875,18.03921568627451,29.01960784313726,22.35294117647059,7.8431372549019605,4.705882352941177,1,-99.0,-99.0,7910,
2025-06-02 20:13:03.168603,512,15.294117647058824,72,-99.0546875,-99.015625,65,1209.75,0,14.0,40,13.333333333333334,3,184.96,7,537,0,7340,52.156862745098046,255,13863,0.992095947265625,262144,13.42,1.00115966796875,18.03921568627451,29.01960784313726,22.35294117647059,7.8431372549019605,28.235294117647058,1,-99.0,-99.0,6570,
2025-06-02 20:13:03.194166,512,15.294117647058824,72,-99.0546875,-99.015625,85,1055.75,0,14.0,40,13.333333333333334,3,184.96,7,537,0,7340,52.156862745098046,255,13863,0.992095947265625,262144,13.42,1.00115966796875,18.03921568627451,29.01960784313726,22.35294117647059,7.8431372549019605,28.235294117647058,1,-99.0,-99.0,6570,
2025-06-02 20:13:03.221538,512,15.294117647058824,72,-99.0546875,-99.015625,85,1055.75,0,31.0,40,13.333333333333334,3,184.96,7,537,0,7340,52.156862745098046,255,13863,0.992095947265625,262144,13.42,1.00115966796875,18.03921568627451,29.01960784313726,22.35294117647059,7.8431372549019605,28.235294117647058,1,-99.0,-99.0,6570,
2025-06-02 20:13:03.251486,512,15.294117647058824,72,-99.0546875,-99.015625,85,1055.75,0,31.0,40,13.333333333333334,3,184.96,7,537,0,7340,52.156862745098046,255,13863,0.992095947265625,262144,13.42,1.00115966796875,18.03921568627451,29.01960784313726,22.35294117647059,7.8431372549019605,28.235294117647058,1,-99.0,-99.0,6570,
2025-06-02 20:13:03.281961,512,15.294117647058824,72,-99.0546875,-99.015625,85,1055.75,0,31.0,40,13.333333333333334,3,184.96,7,537,0,7340,52.156862745098046,255,13863,0.992095947265625,262144,13.42,1.00115966796875,18.03921568627451,29.01960784313726,22.35294117647059,7.8431372549019605,28.235294117647058,1,-99.0,-99.0,6570,
2025-06-02 20:13:03.312993,512,15.294117647058824,72,-99.0546875,-99.015625,85,1055.75,0,31.0,40,13.333333333333334,3,183.68,5,538,0,8560,52.156862745098046,255,13863,0.992095947265625,262144,13.42,1.00115966796875,18.03921568627451,29.01960784313726,22.35294117647059,7.8431372549019605,28.235294117647058,1,-99.0,-99.0,6570,
2025-06-02 20:13:03.340786,512,15.294117647058824,72,-99.0546875,-99.015625,85,1055.75,0,31.0,40,13.333333333333334,3,183.68,5,538,0,8560,52.156862745098046,255,13863,1.058197021484375,262144,13.441,1.00115966796875,17.647058823529413,29.01960784313726,22.35294117647059,7.8431372549019605,28.235294117647058,1,-99.0,-99.0,6570,
2025-06-02 20:13:03.374571,512,15.294117647058824,72,-99.0546875,-99.015625,85,1055.75,0,31.0,40,13.333333333333334,3,183.68,5,538,0,8560,52.156862745098046,255,13863,1.058197021484375,262144,13.441,1.00115966796875,17.647058823529413,28.235294117647058,38.03921568627451,7.8431372549019605,28.235294117647058,1,-99.0,-99.0,6570,
2025-06-02 20:13:03.402387,512,15.294117647058824,72,-99.0546875,-99.015625,85,1055.75,0,31.0,40,13.333333333333334,3,183.68,5,538,0,8560,52.156862745098046,255,13863,1.058197021484375,262144,13.441,1.00115966796875,17.647058823529413,28.235294117647058,38.03921568627451,7.8431372549019605,28.235294117647058,1,-99.0,-99.0,6570,
2025-06-02 20:13:03.437139,512,15.294117647058824,72,-99.0546875,-99.015625,85,1055.75,0,31.0,40,13.333333333333334,3,183.68,5,538,0,8560,52.156862745098046,255,13863,1.058197021484375,262144,13.441,1.00115966796875,17.647058823529413,28.235294117647058,38.03921568627451,7.8431372549019605,28.235294117647058,1,-99.0,-99.0,6570,
2025-06-02 20:13:03.468550,512,88.62745098039215,72,-98.984375,-99.015625,85,1055.75,0,31.0,40,13.333333333333334,3,183.68,5,538,0,8560,52.156862745098046,255,13863,1.058197021484375,262144,13.441,1.00115966796875,17.647058823529413,28.235294117647058,38.03921568627451,7.8431372549019605,28.235294117647058,1,-99.0,-99.0,10450,
2025-06-02 20:13:03.500433,512,88.62745098039215,72,-98.984375,-99.0078125,67,1403.25,0,-13.5,40,9.803921568627452,3,183.68,5,538,0,8560,52.156862745098046,255,13863,1.058197021484375,262144,13.441,1.00115966796875,17.647058823529413,28.235294117647058,38.03921568627451,7.8431372549019605,28.235294117647058,1,-99.0,-99.0,10450,
2025-06-02 20:13:03.533459,512,88.62745098039215,72,-98.984375,-99.0078125,67,1403.25,0,-13.5,40,9.803921568627452,3,188.8,5,538,0,8560,52.156862745098046,255,13863,1.058197021484375,262144,13.441,1.00115966796875,17.647058823529413,28.235294117647058,38.03921568627451,7.8431372549019605,28.235294117647058,1,-99.0,-99.0,10450,
2025-06-02 20:13:03.566121,512,88.62745098039215,72,-98.984375,-99.0078125,67,1403.25,0,-13.5,40,9.803921568627452,3,188.8,5,538,0,9680,52.156862745098046,255,13720,1.058197021484375,262144,13.441,1.00115966796875,17.647058823529413,28.235294117647058,38.03921568627451,7.8431372549019605,28.235294117647058,1,-99.0,-99.0,10450,
2025-06-02 20:13:03.595898,512,88.62745098039215,72,-98.984375,-99.0078125,67,1403.25,0,-13.5,40,9.803921568627452,3,188.8,5,538,0,9680,52.156862745098046,255,13720,1.058197021484375,516256,13.617,1.00115966796875,17.647058823529413,28.235294117647058,38.03921568627451,7.8431372549019605,28.235294117647058,1,-99.0,-99.0,10450,
2025-06-02 20:13:03.626235,512,88.62745098039215,72,-98.984375,-99.0078125,67,1403.25,0,-13.5,40,9.803921568627452,3,188.8,5,538,0,9680,52.156862745098046,255,13720,1.058197021484375,516256,13.617,0.998382568359375,0.39215686274509803,11.372549019607844,23.137254901960784,11.76470588235294,18.823529411764707,1,-99.0,-99.0,10450,
2025-06-02 20:13:03.657334,512,88.62745098039215,72,-98.984375,-99.0078125,67,1403.25,0,-13.5,40,9.803921568627452,3,188.8,5,538,0,9680,52.156862745098046,255,13720,1.058197021484375,516256,13.617,0.998382568359375,0.39215686274509803,11.372549019607844,23.137254901960784,11.76470588235294,18.823529411764707,1,-99.0,-99.0,10450,
2025-06-02 20:13:03.687913,512,88.62745098039215,72,-98.984375,-99.0078125,67,1403.25,0,-13.5,40,9.803921568627452,3,188.8,5,538,0,9680,52.156862745098046,255,13720,1.058197021484375,516256,13.617,0.998382568359375,0.39215686274509803,11.372549019607844,23.137254901960784,11.76470588235294,18.823529411764707,1,-99.0,-99.0,10450,
2025-06-02 20:13:03.717762,512,38.03921568627451,72,-99.0,-99.015625,65,1519.25,0,-13.5,40,9.803921568627452,3,188.8,5,538,0,9680,52.156862745098046,255,13720,1.058197021484375,516256,13.617,0.998382568359375,0.39215686274509803,11.372549019607844,23.137254901960784,11.76470588235294,18.823529411764707,1,-99.0,-99.0,10450,
2025-06-02 20:13:03.746030,512,38.03921568627451,72,-99.0,-99.015625,65,1519.25,0,24.5,40,24.313725490196077,3,188.8,7,538,0,9680,52.156862745098046,255,13720,1.058197021484375,516256,13.617,0.998382568359375,0.39215686274509803,11.372549019607844,23.137254901960784,11.76470588235294,18.823529411764707,1,-99.0,-99.0,10450,
2025-06-02 20:13:03.772264,512,38.03921568627451,72,-99.0,-99.015625,65,1519.25,0,24.5,40,24.313725490196077,3,188.8,7,538,0,7330,52.156862745098046,255,13720,0.93060302734375,516256,13.617,0.998382568359375,0.39215686274509803,11.372549019607844,23.137254901960784,11.76470588235294,18.823529411764707,1,-99.0,-99.0,10450,
2025-06-02 20:13:03.801606,512,38.03921568627451,72,-99.0,-99.015625,65,1519.25,0,24.5,40,24.313725490196077,3,188.8,7,538,0,7330,52.156862745098046,255,13720,0.93060302734375,516256,13.501,0.99664306640625,0.39215686274509803,11.372549019607844,23.137254901960784,11.76470588235294,18.823529411764707,1,-99.0,-99.0,10450,
2025-06-02 20:13:03.830603,512,38.03921568627451,72,-99.0,-99.015625,65,1519.25,0,24.5,40,24.313725490196077,3,188.8,7,538,0,7330,52.156862745098046,255,13720,0.93060302734375,516256,13.501,0.99664306640625,0.39215686274509803,11.372549019607844,23.137254901960784,11.76470588235294,18.823529411764707,1,-99.0,-99.0,10450,
2025-06-02 20:13:03.858297,512,38.03921568627451,72,-99.0,-99.015625,65,1519.25,0,24.5,40,24.313725490196077,3,188.8,7,538,0,7330,52.156862745098046,255,13720,0.93060302734375,516256,13.501,0.99664306640625,0.39215686274509803,11.372549019607844,39.21568627450981,19.607843137254903,30.980392156862745,1,-99.0,-99.0,10450,
2025-06-02 20:13:03.887679,512,55.68627450980392,72,-98.9453125,-99.015625,65,1519.25,0,24.5,40,24.313725490196077,3,188.8,7,538,0,7330,52.156862745098046,255,13720,0.93060302734375,516256,13.501,0.99664306640625,0.39215686274509803,11.372549019607844,39.21568627450981,19.607843137254903,30.980392156862745,1,-99.0,-99.0,12360,
2025-06-02 20:13:03.915125,512,55.68627450980392,72,-98.9453125,-99.015625,65,1519.25,0,24.5,40,24.313725490196077,3,188.8,7,538,0,7330,52.156862745098046,255,13720,0.93060302734375,516256,13.501,0.99664306640625,0.39215686274509803,11.372549019607844,39.21568627450981,19.607843137254903,30.980392156862745,1,-99.0,-99.0,12360,
2025-06-02 20:13:03.945816,512,55.68627450980392,72,-98.9453125,-99.015625,65,1993.25,0,24.5,40,24.313725490196077,3,188.8,7,538,0,7330,52.156862745098046,255,13720,0.93060302734375,516256,13.501,0.99664306640625,0.39215686274509803,11.372549019607844,39.21568627450981,19.607843137254903,30.980392156862745,1,-99.0,-99.0,12360,
2025-06-02 20:13:03.971314,512,55.68627450980392,72,-98.9453125,-99.015625,65,1993.25,0,2.5,40,19.215686274509807,3,184.96,5,538,0,7330,52.156862745098046,255,13720,0.93060302734375,516256,13.501,0.99664306640625,0.39215686274509803,11.372549019607844,39.21568627450981,19.607843137254903,30.980392156862745,1,-99.0,-99.0,12360,
2025-06-02 20:13:04.002812,512,55.68627450980392,72,-98.9453125,-99.015625,65,1993.25,0,2.5,40,19.215686274509807,3,184.96,5,538,0,7330,52.156862745098046,255,13863,1.0142822265625,319648,13.501,0.99664306640625,0.39215686274509803,11.372549019607844,39.21568627450981,19.607843137254903,30.980392156862745,1,-99.0,-99.0,12360,
2025-06-02 20:13:04.031270,512,55.68627450980392,72,-98.9453125,-99.015625,65,1993.25,0,2.5,40,19.215686274509807,3,184.96,5,538,0,7330,52.156862745098046,255,13863,1.0142822265625,262144,13.494,0.997833251953125,1.5686274509803921,11.76470588235294,21.96078431372549,19.607843137254903,30.980392156862745,1,-99.0,-99.0,12360,
2025-06-02 20:13:04.063285,512,55.68627450980392,72,-98.9453125,-99.015625,65,1993.25,0,2.5,40,19.215686274509807,3,184.96,5,538,0,7330,52.156862745098046,255,13863,1.0142822265625,262144,13.494,0.997833251953125,1.5686274509803921,11.76470588235294,21.96078431372549,19.607843137254903,30.980392156862745,1,-99.0,-99.0,12360,
2025-06-02 20:13:04.092150,512,55.68627450980392,72,-98.9453125,-99.015625,65,1993.25,0,2.5,40,19.215686274509807,3,184.96,5,538,0,7330,52.156862745098046,255,13863,1.0142822265625,262144,13.494,0.997833251953125,1.5686274509803921,11.76470588235294,21.96078431372549,19.607843137254903,30.980392156862745,1,-99.0,-99.0,12360,
2025-06-02 20:13:04.119986,1024,42.745098039215684,72,-98.9453125,-99.015625,65,1993.25,0,2.5,40,19.215686274509807,3,184.96,5,538,0,7330,52.156862745098046,255,13863,1.0142822265625,262144,13.494,0.997833251953125,1.5686274509803921,11.76470588235294,21.96078431372549,19.607843137254903,30.980392156862745,1,-99.0,-99.0,13620,
2025-06-02 20:13:04.147519,1024,42.745098039215684,72,-99.0,-99.015625,33,2201.75,0,2.5,40,19.215686274509807,3,184.96,5,538,0,7330,52.156862745098046,255,13863,1.0142822265625,262144,13.494,0.997833251953125,1.5686274509803921,11.76470588235294,21.96078431372549,19.607843137254903,30.980392156862745,1,-99.0,-99.0,13620,
2025-06-02 20:13:04.176558,1024,42.745098039215684,72,-99.0,-99.015625,33,2201.75,0,2.5,40,19.215686274509807,3,184.96,5,538,0,7330,52.156862745098046,255,13863,1.0142822265625,262144,13.494,0.997833251953125,1.5686274509803921,11.76470588235294,21.96078431372549,19.607843137254903,30.980392156862745,1,-99.0,-99.0,13620,
2025-06-02 20:13:04.209525,1024,42.745098039215684,72,-99.0,-99.015625,33,2201.75,0,2.5,40,9.411764705882353,3,188.8,7,538,0,7330,52.156862745098046,255,13863,1.0142822265625,262144,13.494,0.997833251953125,1.5686274509803921,11.76470588235294,21.96078431372549,19.607843137254903,30.980392156862745,1,-99.0,-99.0,13620,
2025-06-02 20:13:04.244398,1024,42.745098039215684,72,-99.0,-99.015625,33,2201.75,0,2.5,40,9.411764705882353,3,188.8,7,538,0,13620,52.156862745098046,255,13720,1.958404541015625,262144,13.494,0.997833251953125,1.5686274509803921,11.76470588235294,21.96078431372549,19.607843137254903,30.980392156862745,1,-99.0,-99.0,13620,
2025-06-02 20:13:04.277181,1024,42.745098039215684,72,-99.0,-99.015625,33,2201.75,0,2.5,40,9.411764705882353,3,188.8,7,538,0,13620,52.156862745098046,255,13720,1.958404541015625,262144,13.494,0.997833251953125,1.5686274509803921,11.76470588235294,21.96078431372549,19.607843137254903,30.980392156862745,1,-99.0,-99.0,13620,
2025-06-02 20:13:04.307768,1024,42.745098039215684,72,-99.0,-99.015625,33,2201.75,0,2.5,40,9.411764705882353,3,188.8,7,538,0,13620,52.156862745098046,255,13720,1.958404541015625,262144,13.494,0.997833251953125,0.39215686274509803,10.588235294117647,15.294117647058824,19.607843137254903,30.980392156862745,1,-99.0,-99.0,13620,
2025-06-02 20:13:04.333270,1024,42.745098039215684,72,-99.0,-99.015625,33,2201.75,0,2.5,40,9.411764705882353,3,188.8,7,538,0,13620,52.156862745098046,255,13720,1.958404541015625,262144,13.494,0.997833251953125,0.39215686274509803,10.588235294117647,15.294117647058824,19.607843137254903,30.980392156862745,1,-99.0,-99.0,13620,
2025-06-02 20:13:04.363794,1024,42.745098039215684,72,-99.0,-99.015625,33,2201.75,0,2.5,40,9.411764705882353,3,188.8,7,538,0,13620,52.156862745098046,255,13720,1.958404541015625,262144,13.494,0.997833251953125,0.39215686274509803,10.588235294117647,15.294117647058824,19.607843137254903,9.019607843137255,1,-99.0,-99.0,12480,
2025-06-02 20:13:04.392286,256,22.745098039215687,72,-99.0,-99.0390625,19,1747.0,0,2.5,40,9.411764705882353,3,188.8,7,538,0,13620,52.156862745098046,255,13720,1.958404541015625,262144,13.494,0.997833251953125,0.39215686274509803,10.588235294117647,15.294117647058824,19.607843137254903,9.019607843137255,1,-99.0,-99.0,12480,
2025-06-02 20:13:04.425838,256,22.745098039215687,72,-99.0,-99.0390625,19,1747.0,0,2.5,40,9.411764705882353,3,188.8,7,538,0,13620,52.156862745098046,255,13720,1.958404541015625,262144,13.494,0.997833251953125,0.39215686274509803,10.588235294117647,15.294117647058824,19.607843137254903,9.019607843137255,1,-99.0,-99.0,12480,
2025-06-02 20:13:04.460510,256,22.745098039215687,72,-99.0,-99.0390625,19,1747.0,0,2.5,40,9.411764705882353,3,188.8,7,538,0,13620,52.156862745098046,255,13720,1.958404541015625,262144,13.494,0.997833251953125,0.39215686274509803,10.588235294117647,15.294117647058824,19.607843137254903,9.019607843137255,1,-99.0,-99.0,12480,
2025-06-02 20:13:04.487541,256,22.745098039215687,72,-99.0,-99.0390625,19,1747.0,0,2.5,40,9.411764705882353,3,188.8,7,538,0,13620,52.156862745098046,255,13720,1.958404541015625,262144,13.494,0.997833251953125,0.39215686274509803,10.588235294117647,15.294117647058824,19.607843137254903,9.019607843137255,1,-99.0,-99.0,12480,
2025-06-02 20:13:04.521463,256,22.745098039215687,72,-99.0,-99.0390625,19,1747.0,0,2.5,40,14.117647058823529,3,186.24,5,539,0,13620,52.156862745098046,255,13720,1.958404541015625,262144,13.494,0.997833251953125,0.39215686274509803,10.588235294117647,15.294117647058824,19.607843137254903,9.019607843137255,1,-99.0,-99.0,12480,
2025-06-02 20:13:04.555811,256,22.745098039215687,72,-99.0,-99.0390625,19,1747.0,0,2.5,40,14.117647058823529,3,186.24,5,539,0,11420,52.156862745098046,255,13720,1.999969482421875,262144,13.494,0.997833251953125,0.39215686274509803,10.588235294117647,15.294117647058824,19.607843137254903,9.019607843137255,1,-99.0,-99.0,12480,
2025-06-02 20:13:04.590461,256,22.745098039215687,72,-99.0,-99.0390625,19,1747.0,0,2.5,40,14.117647058823529,3,186.24,5,539,0,11420,52.156862745098046,255,13720,1.999969482421875,262144,13.494,0.997833251953125,0.39215686274509803,10.588235294117647,15.294117647058824,19.607843137254903,9.019607843137255,1,-99.0,-99.0,12480,
2025-06-02 20:13:04.625080,256,22.745098039215687,72,-99.0,-99.0390625,19,1747.0,0,2.5,40,14.117647058823529,3,186.24,5,539,0,11420,52.156862745098046,255,13720,1.999969482421875,262144,13.494,0.997833251953125,5.490196078431373,15.686274509803921,15.294117647058824,19.607843137254903,9.019607843137255,1,-99.0,-99.0,12480,
2025-06-02 20:13:04.656329,256,22.745098039215687,72,-99.0,-99.0390625,19,1747.0,0,2.5,40,14.117647058823529,3,186.24,5,539,0,11420,52.156862745098046,255,13720,1.999969482421875,262144,13.494,0.997833251953125,5.490196078431373,15.686274509803921,15.294117647058824,19.607843137254903,9.019607843137255,1,-99.0,-99.0,12480,
2025-06-02 20:13:04.683572,256,22.745098039215687,72,-99.0,-99.0390625,19,1747.0,0,2.5,40,14.117647058823529,3,186.24,5,539,0,11420,52.156862745098046,255,13720,1.999969482421875,262144,13.494,0.997833251953125,5.490196078431373,15.686274509803921,15.294117647058824,19.607843137254903,9.019607843137255,1,-99.0,-99.0,12480,
2025-06-02 20:13:04.712612,256,22.745098039215687,72,-99.0,-99.0390625,19,1747.0,0,2.5,40,14.117647058823529,3,186.24,5,539,0,11420,52.156862745098046,255,13720,1.999969482421875,262144,13.494,0.997833251953125,5.490196078431373,15.686274509803921,15.294117647058824,19.607843137254903,9.019607843137255,1,-99.0,-99.0,12480,
2025-06-02 20:13:04.742441,256,22.745098039215687,72,-99.0,-99.0390625,19,1747.0,0,2.5,40,14.117647058823529,3,186.24,5,539,0,11420,52.156862745098046,255,13720,1.999969482421875,262144,13.494,0.997833251953125,5.490196078431373,15.686274509803921,15.294117647058824,19.607843137254903,9.019607843137255,1,-99.0,-99.0,12480,
2025-06-02 20:13:04.771788,256,22.745098039215687,72,-99.0,-99.0390625,19,1747.0,0,2.5,40,14.117647058823529,3,186.24,5,539,0,11420,52.156862745098046,255,13720,1.999969482421875,262144,13.494,0.997833251953125,5.490196078431373,15.686274509803921,15.294117647058824,19.607843137254903,9.019607843137255,1,-99.0,-99.0,12480,
2025-06-02 20:13:04.802249,256,22.745098039215687,72,-99.0,-99.0390625,19,1747.0,0,2.5,40,14.117647058823529,3,186.24,5,539,0,11420,52.156862745098046,255,13720,1.999969482421875,262144,13.494,0.997833251953125,5.490196078431373,15.686274509803921,15.294117647058824,19.607843137254903,9.019607843137255,1,-99.0,-99.0,12480,
2025-06-02 20:13:04.830039,256,22.745098039215687,72,-99.0,-99.0390625,19,1747.0,0,2.5,40,14.117647058823529,3,186.24,5,539,0,11420,52.156862745098046,255,13720,1.999969482421875,262144,13.494,0.997833251953125,5.490196078431373,15.686274509803921,15.294117647058824,19.607843137254903,9.019607843137255,1,-99.0,-99.0,12480,
2025-06-02 20:13:04.859126,256,22.745098039215687,72,-99.0,-99.0390625,19,1747.0,0,2.5,40,14.117647058823529,3,186.24,5,539,0,11420,52.156862745098046,255,13720,1.999969482421875,262144,13.494,0.997833251953125,5.490196078431373,15.686274509803921,15.294117647058824,19.607843137254903,9.019607843137255,1,-99.0,-99.0,12480,
2025-06-02 20:13:04.888350,256,22.745098039215687,72,-99.0,-99.0390625,19,1747.0,0,2.5,40,14.117647058823529,3,186.24,5,539,0,11420,52.156862745098046,255,13720,1.999969482421875,262144,13.494,0.997833251953125,5.490196078431373,15.686274509803921,15.294117647058824,19.607843137254903,9.019607843137255,1,-99.0,-99.0,12480,
2025-06-02 20:13:04.917767,256,22.745098039215687,72,-99.0,-99.0390625,19,1747.0,0,2.5,40,14.117647058823529,3,186.24,5,539,0,11420,52.156862745098046,255,13720,1.999969482421875,262144,13.494,0.997833251953125,5.490196078431373,15.686274509803921,15.294117647058824,19.607843137254903,9.019607843137255,1,-99.0,-99.0,12480,
2025-06-02 20:13:04.944604,256,22.745098039215687,72,-99.0,-99.0390625,19,1747.0,0,2.5,40,14.117647058823529,3,186.24,5,539,0,11420,52.156862745098046,255,13720,1.999969482421875,262144,13.494,0.997833251953125,5.490196078431373,15.686274509803921,15.294117647058824,19.607843137254903,9.019607843137255,1,-99.0,-99.0,12480,
2025-06-02 20:13:04.970650,256,22.745098039215687,72,-99.0,-99.0390625,19,1747.0,0,2.5,40,14.117647058823529,3,186.24,5,539,0,11420,52.156862745098046,255,13720,1.999969482421875,262144,13.494,0.997833251953125,5.490196078431373,15.686274509803921,15.294117647058824,19.607843137254903,9.019607843137255,1,-99.0,-99.0,12480,
2025-06-02 20:13:05.000008,256,22.745098039215687,72,-99.0,-99.0390625,19,1747.0,0,2.5,40,14.117647058823529,3,186.24,5,539,0,11420,52.156862745098046,255,13720,1.999969482421875,262144,13.494,0.997833251953125,5.490196078431373,15.686274509803921,15.294117647058824,19.607843137254903,9.019607843137255,1,-99.0,-99.0,12480,
2025-06-02 20:13:05.027062,256,22.745098039215687,72,-99.0,-99.0390625,19,1747.0,0,2.5,40,14.117647058823529,3,186.24,5,539,0,11420,52.156862745098046,255,13720,1.999969482421875,262144,13.494,0.997833251953125,5.490196078431373,15.686274509803921,15.294117647058824,19.607843137254903,9.019607843137255,1,-99.0,-99.0,12480,
2025-06-02 20:13:05.057667,256,22.745098039215687,72,-99.0,-99.015625,87,902.75,0,2.5,40,14.117647058823529,3,186.24,5,539,0,11420,52.156862745098046,255,13720,1.999969482421875,262144,13.494,0.997833251953125,5.490196078431373,15.686274509803921,15.294117647058824,19.607843137254903,9.019607843137255,1,-99.0,-99.0,12480,
2025-06-02 20:13:05.091195,256,22.745098039215687,72,-99.0,-99.015625,87,902.75,0,2.0,40,28.627450980392155,3,3.2,7,539,0,11420,52.156862745098046,255,13720,1.999969482421875,262144,13.494,0.997833251953125,5.490196078431373,15.686274509803921,15.294117647058824,19.607843137254903,9.019607843137255,1,-99.0,-99.0,12480,
2025-06-02 20:13:05.117994,256,22.745098039215687,72,-99.0,-99.015625,87,902.75,0,2.0,40,28.627450980392155,3,3.2,7,539,0,7920,52.156862745098046,255,13720,0.859100341796875,262144,13.364,0.90802001953125,5.490196078431373,15.686274509803921,15.294117647058824,19.607843137254903,9.019607843137255,1,-99.0,-99.0,12480,
2025-06-02 20:13:05.146612,256,22.745098039215687,72,-99.0,-99.015625,87,902.75,0,2.0,40,28.627450980392155,3,3.2,7,539,0,7920,52.156862745098046,255,13720,0.859100341796875,262144,13.364,0.90802001953125,16.07843137254902,26.27450980392157,33.72549019607843,19.607843137254903,17.647058823529413,1,-99.0,-99.0,12480,
2025-06-02 20:13:05.173042,256,80.3921568627451,72,-99.0,-99.015625,87,902.75,0,2.0,40,28.627450980392155,3,3.2,7,539,0,7920,52.156862745098046,255,13720,0.859100341796875,262144,13.364,0.90802001953125,16.07843137254902,26.27450980392157,33.72549019607843,19.607843137254903,17.647058823529413,1,-99.0,-99.0,7870,
2025-06-02 20:13:05.206198,256,80.3921568627451,72,-99.0,-99.015625,89,902.75,0,2.0,40,28.627450980392155,3,3.2,7,539,0,7920,52.156862745098046,255,13720,0.859100341796875,262144,13.364,0.90802001953125,16.07843137254902,26.27450980392157,33.72549019607843,19.607843137254903,17.647058823529413,1,-99.0,-99.0,7870,
2025-06-02 20:13:05.245973,256,80.3921568627451,72,-99.0,-99.015625,89,902.75,0,2.0,40,28.627450980392155,3,3.2,7,539,0,7920,52.156862745098046,255,13720,0.859100341796875,262144,13.364,0.90802001953125,16.07843137254902,26.27450980392157,33.72549019607843,19.607843137254903,17.647058823529413,1,-99.0,-99.0,7870,
2025-06-02 20:13:05.275273,256,80.3921568627451,72,-99.0,-99.015625,89,902.75,0,-9.5,40,25.098039215686274,3,22.4,7,539,0,7920,52.156862745098046,255,13720,0.859100341796875,262144,13.364,0.90802001953125,16.07843137254902,26.27450980392157,33.72549019607843,19.607843137254903,17.647058823529413,1,-99.0,-99.0,7870,
2025-06-02 20:13:05.313314,256,80.3921568627451,72,-99.0,-99.015625,89,902.75,0,-9.5,40,25.098039215686274,3,22.4,7,539,0,7920,52.156862745098046,255,13720,0.965362548828125,262144,13.364,0.90802001953125,16.07843137254902,26.27450980392157,33.72549019607843,19.607843137254903,17.647058823529413,1,-99.0,-99.0,7870,
2025-06-02 20:13:05.352989,256,80.3921568627451,72,-99.0,-99.015625,89,902.75,0,-9.5,40,25.098039215686274,3,22.4,7,539,0,7920,52.156862745098046,255,13720,0.965362548828125,262144,13.722,0.907318115234375,0.39215686274509803,10.588235294117647,19.215686274509807,19.607843137254903,17.647058823529413,1,-99.0,-99.0,7870,
2025-06-02 20:13:05.384060,512,52.156862745098046,72,-99.0,-99.015625,89,902.75,0,-9.5,40,25.098039215686274,3,22.4,7,539,0,7920,52.156862745098046,255,13720,0.965362548828125,262144,13.722,0.907318115234375,0.39215686274509803,10.588235294117647,19.215686274509807,19.607843137254903,0.0,1,-99.0,-99.0,7920,
2025-06-02 20:13:05.422039,512,52.156862745098046,72,-99.015625,-99.015625,89,1324.0,0,-13.5,40,9.411764705882353,3,22.4,7,539,0,7920,52.156862745098046,255,13720,0.965362548828125,262144,13.722,0.907318115234375,0.39215686274509803,10.588235294117647,19.215686274509807,19.607843137254903,0.0,1,-99.0,-99.0,7920,
2025-06-02 20:13:05.464404,512,52.156862745098046,72,-99.015625,-99.015625,89,1324.0,0,-13.5,40,9.411764705882353,3,30.08,5,540,0,6890,52.156862745098046,255,13863,0.928253173828125,262144,13.722,0.907318115234375,0.39215686274509803,10.588235294117647,19.215686274509807,19.607843137254903,0.0,1,-99.0,-99.0,7920,
2025-06-02 20:13:05.500403,512,52.156862745098046,72,-99.015625,-99.015625,89,1324.0,0,-13.5,40,9.411764705882353,3,30.08,5,540,0,6890,52.156862745098046,255,13863,0.928253173828125,262144,13.76,0.91070556640625,0.39215686274509803,10.588235294117647,15.294117647058824,19.607843137254903,0.0,1,-99.0,-99.0,7920,
2025-06-02 20:13:05.527109,512,35.68627450980392,72,-99.015625,-99.015625,89,1324.0,0,-13.5,40,9.411764705882353,3,30.08,5,540,0,6890,52.156862745098046,255,13863,0.928253173828125,262144,13.76,0.91070556640625,0.39215686274509803,10.588235294117647,15.294117647058824,19.607843137254903,0.0,1,-99.0,-99.0,6310,
2025-06-02 20:13:05.557619,512,35.68627450980392,72,-99.015625,-99.015625,89,1188.25,0,-21.0,40,9.411764705882353,3,30.08,5,540,0,6890,52.156862745098046,255,13863,0.928253173828125,262144,13.76,0.91070556640625,0.39215686274509803,10.588235294117647,15.294117647058824,19.607843137254903,0.0,1,-99.0,-99.0,6310,
2025-06-02 20:13:05.585096,512,35.68627450980392,72,-99.015625,-99.015625,89,1188.25,0,-21.0,40,9.411764705882353,3,33.92,5,540,0,6890,52.156862745098046,255,13863,0.928253173828125,262144,13.76,0.91070556640625,0.39215686274509803,10.588235294117647,15.294117647058824,19.607843137254903,0.0,1,-99.0,-99.0,6310,
2025-06-02 20:13:05.620184,512,35.68627450980392,72,-99.015625,-99.015625,89,1188.25,0,-21.0,40,9.411764705882353,3,33.92,5,540,0,6890,52.156862745098046,255,13720,0.869354248046875,262144,13.395,0.91070556640625,0.39215686274509803,10.588235294117647,15.294117647058824,19.607843137254903,0.0,1,-99.0,-99.0,6310,
2025-06-02 20:13:05.647859,512,35.68627450980392,72,-99.015625,-99.015625,89,1188.25,0,-21.0,40,9.411764705882353,3,33.92,5,540,0,6890,52.156862745098046,255,13720,0.869354248046875,262144,13.395,0.91070556640625,5.88235294117647,16.862745098039216,16.07843137254902,19.607843137254903,24.313725490196077,1,-99.0,-99.0,6310,
2025-06-02 20:13:05.675576,512,29.80392156862745,72,-99.015625,-99.015625,89,1188.25,0,-21.0,40,9.411764705882353,3,33.92,5,540,0,6890,52.156862745098046,255,13720,0.869354248046875,262144,13.395,0.91070556640625,5.88235294117647,16.862745098039216,16.07843137254902,19.607843137254903,24.313725490196077,1,-99.0,-99.0,5660,
2025-06-02 20:13:05.703691,512,29.80392156862745,72,-99.015625,-99.015625,89,1188.25,0,-21.0,40,9.411764705882353,3,33.92,5,540,0,6890,52.156862745098046,255,13720,0.869354248046875,262144,13.395,0.91070556640625,5.88235294117647,16.862745098039216,16.07843137254902,19.607843137254903,24.313725490196077,1,-99.0,-99.0,5660,
2025-06-02 20:13:05.731118,512,29.80392156862745,72,-99.015625,-99.015625,89,1188.25,0,-21.0,40,9.411764705882353,3,33.92,5,540,0,6890,52.156862745098046,255,13720,0.869354248046875,262144,13.395,0.91070556640625,5.88235294117647,16.862745098039216,16.07843137254902,19.607843137254903,24.313725490196077,1,-99.0,-99.0,5660,
2025-06-02 20:13:05.765689,512,29.80392156862745,72,-99.015625,-99.015625,89,1188.25,0,-21.0,40,9.411764705882353,3,33.92,5,540,0,6890,52.156862745098046,255,13720,0.869354248046875,262144,13.395,0.91070556640625,5.88235294117647,16.862745098039216,16.07843137254902,19.607843137254903,24.313725490196077,1,-99.0,-99.0,5660,
2025-06-02 20:13:05.792788,512,29.80392156862745,72,-99.015625,-99.015625,89,1188.25,0,-21.0,40,9.411764705882353,3,33.92,5,540,0,6890,52.156862745098046,255,13720,0.869354248046875,262144,13.395,0.91070556640625,5.88235294117647,16.862745098039216,16.07843137254902,19.607843137254903,24.313725490196077,1,-99.0,-99.0,5660,
2025-06-02 20:13:05.822067,512,29.80392156862745,72,-99.015625,-99.015625,89,1188.25,0,-7.5,40,24.705882352941178,3,35.2,5,540,0,6890,52.156862745098046,255,13720,0.869354248046875,262144,13.395,0.91070556640625,5.88235294117647,16.862745098039216,16.07843137254902,19.607843137254903,24.313725490196077,1,-99.0,-99.0,5660,
2025-06-02 20:13:05.857330,512,29.80392156862745,72,-99.015625,-99.015625,89,1188.25,0,-7.5,40,24.705882352941178,3,35.2,5,540,0,7860,52.156862745098046,255,13720,0.869354248046875,262144,13.395,0.91070556640625,5.88235294117647,16.862745098039216,16.07843137254902,19.607843137254903,24.313725490196077,1,-99.0,-99.0,5660,
2025-06-02 20:13:05.886084,512,29.80392156862745,72,-99.015625,-99.015625,89,1188.25,0,-7.5,40,24.705882352941178,3,35.2,5,540,0,7860,52.156862745098046,255,13720,0.869354248046875,262144,13.395,0.91070556640625,5.88235294117647,16.862745098039216,16.07843137254902,19.607843137254903,24.313725490196077,1,-99.0,-99.0,5660,
2025-06-02 20:13:05.913494,512,29.80392156862745,72,-99.015625,-99.015625,89,1188.25,0,-7.5,40,24.705882352941178,3,35.2,5,540,0,7860,52.156862745098046,255,13720,0.869354248046875,262144,13.324,0.907501220703125,17.647058823529413,27.450980392156865,29.80392156862745,19.607843137254903,24.313725490196077,1,-99.0,-99.0,5660,
2025-06-02 20:13:05.944399,512,29.80392156862745,72,-99.015625,-99.015625,89,1188.25,0,-7.5,40,24.705882352941178,3,35.2,5,540,0,7860,52.156862745098046,255,13720,0.869354248046875,262144,13.324,0.907501220703125,17.647058823529413,27.450980392156865,29.80392156862745,14.901960784313726,0.0,1,-99.0,-99.0,5660,
2025-06-02 20:13:05.976216,512,29.80392156862745,72,-99.015625,-99.015625,89,1188.25,0,-7.5,40,24.705882352941178,3,35.2,5,540,0,7860,52.156862745098046,255,13720,0.869354248046875,262144,13.324,0.907501220703125,17.647058823529413,27.450980392156865,29.80392156862745,14.901960784313726,0.0,1,-99.0,-99.0,5660,
2025-06-02 20:13:06.007849,512,72.94117647058823,72,-99.0,-99.015625,89,1188.25,0,-7.5,40,24.705882352941178,3,35.2,5,540,0,7860,52.156862745098046,255,13720,0.869354248046875,262144,13.324,0.907501220703125,17.647058823529413,27.450980392156865,29.80392156862745,14.901960784313726,0.0,1,-99.0,-99.0,5660,
2025-06-02 20:13:06.038585,512,72.94117647058823,72,-99.0,-99.015625,65,1414.0,0,-16.0,40,10.980392156862745,3,35.2,5,540,0,7860,52.156862745098046,255,13720,0.869354248046875,262144,13.324,0.907501220703125,17.647058823529413,27.450980392156865,29.80392156862745,14.901960784313726,0.0,1,-99.0,-99.0,5660,
2025-06-02 20:13:06.069365,512,72.94117647058823,72,-99.0,-99.015625,65,1414.0,0,-16.0,40,10.980392156862745,3,209.28,7,540,0,7860,52.156862745098046,255,13720,0.869354248046875,262144,13.324,0.907501220703125,17.647058823529413,27.450980392156865,29.80392156862745,14.901960784313726,0.0,1,-99.0,-99.0,5660,
2025-06-02 20:13:06.103030,512,72.94117647058823,72,-99.0,-99.015625,65,1414.0,0,-16.0,40,10.980392156862745,3,209.28,7,540,0,8440,52.156862745098046,255,13720,0.92449951171875,262144,13.324,0.907501220703125,17.647058823529413,27.450980392156865,29.80392156862745,14.901960784313726,0.0,1,-99.0,-99.0,5660,
2025-06-02 20:13:06.131903,512,72.94117647058823,72,-99.0,-99.015625,65,1414.0,0,-16.0,40,10.980392156862745,3,209.28,7,540,0,8440,52.156862745098046,255,13720,0.92449951171875,516256,13.528,0.999053955078125,0.39215686274509803,27.450980392156865,29.80392156862745,14.901960784313726,0.0,1,-99.0,-99.0,5660,
2025-06-02 20:13:06.161742,512,72.94117647058823,72,-99.0,-99.015625,65,1414.0,0,-16.0,40,10.980392156862745,3,209.28,7,540,0,8440,52.156862745098046,255,13720,0.92449951171875,516256,13.528,0.999053955078125,0.39215686274509803,27.450980392156865,15.294117647058824,7.8431372549019605,0.0,1,-99.0,-99.0,5660,
2025-06-02 20:13:06.190685,512,49.80392156862745,72,-99.0,-99.015625,65,1414.0,0,-16.0,40,10.980392156862745,3,209.28,7,540,0,8440,52.156862745098046,255,13720,0.92449951171875,516256,13.528,0.999053955078125,0.39215686274509803,27.450980392156865,15.294117647058824,7.8431372549019605,0.0,1,-99.0,-99.0,7510,
2025-06-02 20:13:06.229815,512,49.80392156862745,72,-99.0,-99.015625,65,1414.0,0,-16.0,40,10.980392156862745,3,209.28,7,540,0,8440,52.156862745098046,255,13720,0.92449951171875,516256,13.528,0.999053955078125,0.39215686274509803,27.450980392156865,15.294117647058824,7.8431372549019605,0.0,1,-99.0,-99.0,7510,
2025-06-02 20:13:06.258146,512,49.80392156862745,72,-99.0,-99.015625,65,1216.25,0,-20.0,40,10.980392156862745,3,209.28,7,540,0,8440,52.156862745098046,255,13720,0.92449951171875,516256,13.528,0.999053955078125,0.39215686274509803,27.450980392156865,15.294117647058824,7.8431372549019605,0.0,1,-99.0,-99.0,7510,
2025-06-02 20:13:06.287140,512,49.80392156862745,72,-99.0,-99.015625,65,1216.25,0,-20.0,40,9.411764705882353,3,219.52,5,541,0,8440,52.156862745098046,255,13720,0.92449951171875,516256,13.528,0.999053955078125,0.39215686274509803,27.450980392156865,15.294117647058824,7.8431372549019605,0.0,1,-99.0,-99.0,7510,
2025-06-02 20:13:06.322040,512,49.80392156862745,72,-99.0,-99.015625,65,1216.25,0,-20.0,40,9.411764705882353,3,219.52,5,541,0,8440,52.156862745098046,255,13720,0.92449951171875,516256,13.528,0.999053955078125,0.39215686274509803,27.450980392156865,15.294117647058824,7.8431372549019605,0.0,1,-99.0,-99.0,7510,
2025-06-02 20:13:06.355547,512,49.80392156862745,72,-99.0,-99.015625,65,1216.25,0,-20.0,40,9.411764705882353,3,219.52,5,541,0,8440,52.156862745098046,255,13720,0.87615966796875,319648,13.528,0.999053955078125,0.39215686274509803,27.450980392156865,15.294117647058824,7.8431372549019605,0.0,1,-99.0,-99.0,7510,
2025-06-02 20:13:06.389949,512,49.80392156862745,72,-99.0,-99.015625,65,1216.25,0,-20.0,40,9.411764705882353,3,219.52,5,541,0,8440,52.156862745098046,255,13720,0.87615966796875,262144,13.383,1.001922607421875,8.627450980392156,19.215686274509807,15.294117647058824,7.8431372549019605,0.0,1,-99.0,-99.0,7510,
2025-06-02 20:13:06.426211,512,49.80392156862745,72,-99.0,-99.015625,65,1216.25,0,-20.0,40,9.411764705882353,3,219.52,5,541,0,8440,52.156862745098046,255,13720,0.87615966796875,262144,13.383,1.001922607421875,8.627450980392156,19.215686274509807,15.294117647058824,7.8431372549019605,0.0,1,-99.0,-99.0,7510,
2025-06-02 20:13:06.461234,512,49.80392156862745,72,-99.0,-99.015625,65,1216.25,0,-20.0,40,9.411764705882353,3,219.52,5,541,0,8440,52.156862745098046,255,13720,0.87615966796875,262144,13.383,1.001922607421875,8.627450980392156,19.215686274509807,15.294117647058824,7.8431372549019605,0.0,1,-99.0,-99.0,7510,
2025-06-02 20:13:06.494223,512,32.15686274509804,72,-98.9765625,-99.0390625,65,1216.25,0,-20.0,40,9.411764705882353,3,219.52,5,541,0,8440,52.156862745098046,255,13720,0.87615966796875,262144,13.383,1.001922607421875,8.627450980392156,19.215686274509807,15.294117647058824,7.8431372549019605,0.0,1,-99.0,-99.0,5920,
2025-06-02 20:13:06.524852,512,32.15686274509804,72,-98.9765625,-99.0390625,65,975.0,0,-4.0,40,17.254901960784313,3,220.8,5,541,0,8440,52.156862745098046,255,13720,0.87615966796875,262144,13.383,1.001922607421875,8.627450980392156,19.215686274509807,15.294117647058824,7.8431372549019605,0.0,1,-99.0,-99.0,5920,
2025-06-02 20:13:06.554658,512,32.15686274509804,72,-98.9765625,-99.0390625,65,975.0,0,-4.0,40,17.254901960784313,3,220.8,5,541,0,5470,52.156862745098046,255,13863,0.881927490234375,458752,13.383,1.001922607421875,8.627450980392156,19.215686274509807,15.294117647058824,7.8431372549019605,0.0,1,-99.0,-99.0,5920,
2025-06-02 20:13:06.581780,512,32.15686274509804,72,-98.9765625,-99.0390625,65,975.0,0,-4.0,40,17.254901960784313,3,220.8,5,541,0,5470,52.156862745098046,255,13863,0.881927490234375,516256,13.254,1.001922607421875,6.666666666666667,16.862745098039216,15.294117647058824,7.8431372549019605,0.0,1,-99.0,-99.0,5920,
2025-06-02 20:13:06.612873,512,32.15686274509804,72,-98.9765625,-99.0390625,65,975.0,0,-4.0,40,17.254901960784313,3,220.8,5,541,0,5470,52.156862745098046,255,13863,0.881927490234375,516256,13.254,1.001922607421875,6.666666666666667,16.862745098039216,15.294117647058824,7.8431372549019605,11.372549019607844,1,-99.0,-99.0,5920,
2025-06-02 20:13:06.638767,512,35.294117647058826,72,-98.9765625,-99.0390625,65,975.0,0,-4.0,40,17.254901960784313,3,220.8,5,541,0,5470,52.156862745098046,255,13863,0.881927490234375,516256,13.254,1.001922607421875,6.666666666666667,16.862745098039216,15.294117647058824,7.8431372549019605,11.372549019607844,1,-99.0,-99.0,5040,
2025-06-02 20:13:06.666508,512,35.294117647058826,72,-98.9765625,-99.0390625,52,975.0,0,0.0,40,16.07843137254902,3,220.8,5,541,0,5470,52.156862745098046,255,13863,0.881927490234375,516256,13.254,1.001922607421875,6.666666666666667,16.862745098039216,15.294117647058824,7.8431372549019605,11.372549019607844,1,-99.0,-99.0,5040,
2025-06-02 20:13:06.695481,512,35.294117647058826,72,-98.9765625,-99.0390625,52,975.0,0,0.0,40,16.07843137254902,3,222.08,5,541,0,5470,52.156862745098046,255,13863,0.881927490234375,516256,13.254,1.001922607421875,6.666666666666667,16.862745098039216,15.294117647058824,7.8431372549019605,11.372549019607844,1,-99.0,-99.0,5040,
2025-06-02 20:13:06.734851,512,35.294117647058826,72,-98.9765625,-99.0390625,52,975.0,0,0.0,40,16.07843137254902,3,222.08,5,541,0,5470,52.156862745098046,255,13720,0.91168212890625,516256,13.222,1.001922607421875,6.666666666666667,16.862745098039216,15.294117647058824,7.8431372549019605,11.372549019607844,1,-99.0,-99.0,5040,
2025-06-02 20:13:06.768615,512,35.294117647058826,72,-98.9765625,-99.0390625,52,975.0,0,0.0,40,16.07843137254902,3,222.08,5,541,0,5470,52.156862745098046,255,13720,0.91168212890625,516256,13.222,1.001922607421875,7.450980392156863,18.03921568627451,15.294117647058824,7.8431372549019605,9.411764705882353,1,-99.0,-99.0,5040,
2025-06-02 20:13:06.796093,512,38.43137254901961,72,-98.9765625,-99.0390625,58,975.0,0,0.0,40,16.07843137254902,3,222.08,5,541,0,5470,52.156862745098046,255,13720,0.91168212890625,516256,13.222,1.001922607421875,7.450980392156863,18.03921568627451,15.294117647058824,7.8431372549019605,9.411764705882353,1,-99.0,-99.0,4970,
2025-06-02 20:13:06.832083,512,38.43137254901961,72,-98.9765625,-99.0390625,58,975.0,0,-1.0,40,16.862745098039216,3,222.08,5,541,0,5470,52.156862745098046,255,13720,0.91168212890625,516256,13.222,1.001922607421875,7.450980392156863,18.03921568627451,15.294117647058824,7.8431372549019605,9.411764705882353,1,-99.0,-99.0,4970,
2025-06-02 20:13:06.857572,512,38.43137254901961,72,-98.9765625,-99.0390625,58,975.0,0,-1.0,40,16.862745098039216,3,224.64,5,541,0,5470,52.156862745098046,255,13720,0.91168212890625,516256,13.222,1.001922607421875,7.450980392156863,18.03921568627451,15.294117647058824,7.8431372549019605,9.411764705882353,1,-99.0,-99.0,4970,
2025-06-02 20:13:06.884641,512,38.43137254901961,72,-98.9765625,-99.0390625,58,975.0,0,-1.0,40,16.862745098039216,3,224.64,5,541,0,5670,52.156862745098046,255,13720,0.95892333984375,262144,13.222,1.001922607421875,7.450980392156863,18.03921568627451,15.294117647058824,7.8431372549019605,9.411764705882353,1,-99.0,-99.0,4970,
2025-06-02 20:13:06.914096,512,38.43137254901961,72,-98.9765625,-99.0390625,58,975.0,0,-1.0,40,16.862745098039216,3,224.64,5,541,0,5670,52.156862745098046,255,13720,0.95892333984375,262144,13.252,1.001922607421875,7.450980392156863,18.03921568627451,15.294117647058824,7.8431372549019605,9.411764705882353,1,-99.0,-99.0,4970,
2025-06-02 20:13:06.943479,512,38.43137254901961,72,-98.9765625,-99.0390625,58,975.0,0,-1.0,40,16.862745098039216,3,224.64,5,541,0,5670,52.156862745098046,255,13720,0.95892333984375,262144,13.252,1.001922607421875,7.450980392156863,18.03921568627451,15.294117647058824,7.8431372549019605,9.411764705882353,1,-99.0,-99.0,4970,
2025-06-02 20:13:06.976447,512,38.43137254901961,72,-98.9765625,-99.0390625,58,975.0,0,-1.0,40,16.862745098039216,3,224.64,5,541,0,5670,52.156862745098046,255,13720,0.95892333984375,262144,13.252,1.001922607421875,7.450980392156863,18.03921568627451,15.294117647058824,7.8431372549019605,7.8431372549019605,1,-99.0,-99.0,4970,
2025-06-02 20:13:07.011288,512,47.45098039215686,72,-98.9765625,-99.0390625,58,975.0,0,-1.0,40,16.862745098039216,3,224.64,5,541,0,5670,52.156862745098046,255,13720,0.95892333984375,262144,13.252,1.001922607421875,7.450980392156863,18.03921568627451,15.294117647058824,7.8431372549019605,7.8431372549019605,1,-99.0,-99.0,5900,
2025-06-02 20:13:07.047195,512,47.45098039215686,72,-98.9765625,-99.0390625,58,975.0,0,-1.0,40,16.862745098039216,3,224.64,5,541,0,5670,52.156862745098046,255,13720,0.95892333984375,262144,13.252,1.001922607421875,7.450980392156863,18.03921568627451,15.294117647058824,7.8431372549019605,7.8431372549019605,1,-99.0,-99.0,5900,
2025-06-02 20:13:07.075314,512,47.45098039215686,72,-98.9765625,-99.0390625,58,797.5,0,-3.0,40,15.686274509803921,3,227.2,5,541,0,5670,52.156862745098046,255,13720,0.95892333984375,262144,13.252,1.001922607421875,7.450980392156863,18.03921568627451,15.294117647058824,7.8431372549019605,7.8431372549019605,1,-99.0,-99.0,5900,
2025-06-02 20:13:07.102990,512,47.45098039215686,72,-98.9765625,-99.0390625,58,797.5,0,-3.0,40,15.686274509803921,3,227.2,5,542,0,5670,52.156862745098046,255,13720,0.95892333984375,262144,13.252,1.001922607421875,7.450980392156863,18.03921568627451,15.294117647058824,7.8431372549019605,7.8431372549019605,1,-99.0,-99.0,5900,
2025-06-02 20:13:07.130748,512,47.45098039215686,72,-98.9765625,-99.0390625,58,797.5,0,-3.0,40,15.686274509803921,3,227.2,5,542,0,5670,52.156862745098046,255,13720,0.95892333984375,262144,13.252,1.001922607421875,7.450980392156863,18.03921568627451,15.294117647058824,7.8431372549019605,7.8431372549019605,1,-99.0,-99.0,5900,
2025-06-02 20:13:07.157189,512,47.45098039215686,72,-98.9765625,-99.0390625,58,797.5,0,-3.0,40,15.686274509803921,3,227.2,5,542,0,5670,52.156862745098046,255,13720,0.95892333984375,262144,13.252,1.001922607421875,7.450980392156863,18.03921568627451,15.294117647058824,7.8431372549019605,7.8431372549019605,1,-99.0,-99.0,5900,
2025-06-02 20:13:07.187182,512,47.45098039215686,72,-98.9765625,-99.0390625,58,797.5,0,-3.0,40,15.686274509803921,3,227.2,5,542,0,5670,52.156862745098046,255,13720,0.95892333984375,262144,13.252,1.001922607421875,7.450980392156863,18.03921568627451,15.294117647058824,7.8431372549019605,7.8431372549019605,1,-99.0,-99.0,5900,
2025-06-02 20:13:07.218690,512,47.45098039215686,72,-98.9765625,-99.0390625,58,797.5,0,-3.0,40,15.686274509803921,3,227.2,5,542,0,5670,52.156862745098046,255,13720,0.95892333984375,262144,13.252,1.001922607421875,7.450980392156863,18.03921568627451,15.294117647058824,7.8431372549019605,7.8431372549019605,1,-99.0,-99.0,5900,
2025-06-02 20:13:07.246487,512,47.45098039215686,72,-98.9765625,-99.0390625,58,797.5,0,-3.0,40,15.686274509803921,3,227.2,5,542,0,5670,52.156862745098046,255,13720,0.95892333984375,262144,13.252,1.001922607421875,7.450980392156863,18.03921568627451,15.294117647058824,7.8431372549019605,7.8431372549019605,1,-99.0,-99.0,5900,
2025-06-02 20:13:07.275284,512,47.45098039215686,72,-98.9765625,-99.0390625,58,797.5,0,-3.0,40,15.686274509803921,3,227.2,5,542,0,5670,52.156862745098046,255,13720,0.95892333984375,262144,13.252,1.001922607421875,7.450980392156863,18.03921568627451,15.294117647058824,7.8431372549019605,7.8431372549019605,1,-99.0,-99.0,5900,
2025-06-02 20:13:07.306816,512,47.45098039215686,72,-98.9765625,-99.0390625,58,797.5,0,-3.0,40,15.686274509803921,3,227.2,5,542,0,5670,52.156862745098046,255,13720,0.95892333984375,262144,13.252,1.001922607421875,7.450980392156863,18.03921568627451,15.294117647058824,7.8431372549019605,7.8431372549019605,1,-99.0,-99.0,5900,
2025-06-02 20:13:07.335649,512,47.45098039215686,72,-98.9765625,-99.0390625,58,797.5,0,-3.0,40,15.686274509803921,3,227.2,5,542,0,5670,52.156862745098046,255,13720,0.95892333984375,262144,13.252,1.001922607421875,7.450980392156863,18.03921568627451,15.294117647058824,7.8431372549019605,7.8431372549019605,1,-99.0,-99.0,5900,
2025-06-02 20:13:07.360261,512,47.45098039215686,72,-98.9765625,-99.0390625,58,797.5,0,-3.0,40,15.686274509803921,3,227.2,5,542,0,5670,52.156862745098046,255,13720,0.95892333984375,262144,13.44,1.001922607421875,0.39215686274509803,10.588235294117647,15.294117647058824,7.8431372549019605,7.8431372549019605,1,-99.0,-99.0,5900,
2025-06-02 20:13:07.387132,512,47.45098039215686,72,-98.9765625,-99.0390625,58,797.5,0,-3.0,40,15.686274509803921,3,227.2,5,542,0,5670,52.156862745098046,255,13720,0.95892333984375,262144,13.44,1.001922607421875,0.39215686274509803,10.588235294117647,15.294117647058824,7.8431372549019605,7.8431372549019605,1,-99.0,-99.0,5900,
2025-06-02 20:13:07.418069,512,47.45098039215686,72,-98.9765625,-99.0390625,58,797.5,0,-3.0,40,15.686274509803921,3,227.2,5,542,0,5670,52.156862745098046,255,13720,0.95892333984375,262144,13.44,1.001922607421875,0.39215686274509803,10.588235294117647,15.294117647058824,7.8431372549019605,7.8431372549019605,1,-99.0,-99.0,5900,
2025-06-02 20:13:07.448955,512,47.45098039215686,72,-98.9765625,-99.0390625,58,797.5,0,-3.0,40,15.686274509803921,3,227.2,5,542,0,5670,52.156862745098046,255,13720,0.95892333984375,262144,13.44,1.001922607421875,0.39215686274509803,10.588235294117647,15.294117647058824,7.8431372549019605,7.8431372549019605,1,-99.0,-99.0,5900,
2025-06-02 20:13:07.483596,512,35.68627450980392,72,-98.9765625,-99.0390625,58,797.5,0,-3.0,40,15.686274509803921,3,227.2,5,542,0,5670,52.156862745098046,255,13720,0.95892333984375,262144,13.44,1.001922607421875,0.39215686274509803,10.588235294117647,15.294117647058824,7.8431372549019605,7.8431372549019605,1,-99.0,-99.0,5050,
2025-06-02 20:13:07.519008,512,35.68627450980392,72,-98.953125,-99.0390625,39,769.5,0,-3.0,40,15.686274509803921,3,227.2,5,542,0,5670,52.156862745098046,255,13720,0.95892333984375,262144,13.44,1.001922607421875,0.39215686274509803,10.588235294117647,15.294117647058824,7.8431372549019605,7.8431372549019605,1,-99.0,-99.0,5050,
2025-06-02 20:13:07.545373,512,35.68627450980392,72,-98.953125,-99.0390625,39,769.5,0,-3.0,40,15.686274509803921,3,227.2,5,542,0,5670,52.156862745098046,255,13720,0.95892333984375,262144,13.44,1.001922607421875,0.39215686274509803,10.588235294117647,15.294117647058824,7.8431372549019605,7.8431372549019605,1,-99.0,-99.0,5050,
2025-06-02 20:13:07.576905,512,35.68627450980392,72,-98.953125,-99.0390625,39,769.5,0,-3.0,40,12.549019607843137,3,222.08,7,542,0,5670,52.156862745098046,255,13720,0.95892333984375,262144,13.44,1.001922607421875,0.39215686274509803,10.588235294117647,15.294117647058824,7.8431372549019605,7.8431372549019605,1,-99.0,-99.0,5050,
2025-06-02 20:13:07.604325,512,35.68627450980392,72,-98.953125,-99.0390625,39,769.5,0,-3.0,40,12.549019607843137,3,222.08,7,542,0,4490,52.156862745098046,255,13720,0.95892333984375,262144,13.44,1.001922607421875,0.39215686274509803,10.588235294117647,15.294117647058824,7.8431372549019605,7.8431372549019605,1,-99.0,-99.0,5050,
2025-06-02 20:13:07.630730,512,35.68627450980392,72,-98.953125,-99.0390625,39,769.5,0,-3.0,40,12.549019607843137,3,222.08,7,542,0,4490,52.156862745098046,255,13863,1.02069091796875,262144,13.642,1.001922607421875,0.39215686274509803,10.588235294117647,15.294117647058824,7.8431372549019605,7.8431372549019605,1,-99.0,-99.0,5050,
2025-06-02 20:13:07.660129,512,35.68627450980392,72,-98.953125,-99.0390625,39,769.5,0,-3.0,40,12.549019607843137,3,222.08,7,542,0,4490,52.156862745098046,255,13863,1.02069091796875,262144,13.642,1.001922607421875,3.5294117647058822,13.725490196078432,15.294117647058824,7.8431372549019605,7.8431372549019605,1,-99.0,-99.0,5050,
2025-06-02 20:13:07.688720,512,35.68627450980392,72,-98.953125,-99.0390625,39,769.5,0,-3.0,40,12.549019607843137,3,222.08,7,542,0,4490,52.156862745098046,255,13863,1.02069091796875,262144,13.642,1.001922607421875,3.5294117647058822,13.725490196078432,15.294117647058824,7.8431372549019605,7.8431372549019605,1,-99.0,-99.0,5050,
2025-06-02 20:13:07.720858,512,35.68627450980392,72,-98.953125,-99.0390625,39,769.5,0,-3.0,40,12.549019607843137,3,222.08,7,542,0,4490,52.156862745098046,255,13863,1.02069091796875,262144,13.642,1.001922607421875,3.5294117647058822,13.725490196078432,15.294117647058824,7.8431372549019605,7.8431372549019605,1,-99.0,-99.0,4080,
2025-06-02 20:13:07.758323,512,35.68627450980392,72,-98.953125,-99.0390625,39,769.5,0,-3.0,40,12.549019607843137,3,222.08,7,542,0,4490,52.156862745098046,255,13863,1.02069091796875,262144,13.642,1.001922607421875,3.5294117647058822,13.725490196078432,15.294117647058824,7.8431372549019605,7.8431372549019605,1,-99.0,-99.0,4080,
2025-06-02 20:13:07.792301,512,30.58823529411765,72,-98.9765625,-99.0390625,36,782.25,0,1.5,40,12.549019607843137,3,222.08,7,542,0,4490,52.156862745098046,255,13863,1.02069091796875,262144,13.642,1.001922607421875,3.5294117647058822,13.725490196078432,15.294117647058824,7.8431372549019605,7.8431372549019605,1,-99.0,-99.0,4080,
2025-06-02 20:13:07.833386,512,30.58823529411765,72,-98.9765625,-99.0390625,36,782.25,0,1.5,40,12.941176470588237,3,222.08,7,542,0,4490,52.156862745098046,255,13863,1.02069091796875,262144,13.642,1.001922607421875,3.5294117647058822,13.725490196078432,15.294117647058824,7.8431372549019605,7.8431372549019605,1,-99.0,-99.0,4080,
2025-06-02 20:13:07.871248,512,30.58823529411765,72,-98.9765625,-99.0390625,36,782.25,0,1.5,40,12.941176470588237,3,222.08,7,542,0,3720,52.156862745098046,255,13863,1.02069091796875,262144,13.642,1.001922607421875,3.5294117647058822,13.725490196078432,15.294117647058824,7.8431372549019605,7.8431372549019605,1,-99.0,-99.0,4080,
2025-06-02 20:13:07.916812,512,30.58823529411765,72,-98.9765625,-99.0390625,36,782.25,0,1.5,40,12.941176470588237,3,222.08,7,542,0,3720,52.156862745098046,255,13863,0.99835205078125,262144,13.642,1.001922607421875,3.5294117647058822,13.725490196078432,15.294117647058824,7.8431372549019605,7.8431372549019605,1,-99.0,-99.0,4080,
2025-06-02 20:13:07.952509,512,30.58823529411765,72,-98.9765625,-99.0390625,36,782.25,0,1.5,40,12.941176470588237,3,222.08,7,542,0,3720,52.156862745098046,255,13863,0.99835205078125,262144,13.642,1.001922607421875,3.5294117647058822,13.725490196078432,15.294117647058824,7.8431372549019605,7.8431372549019605,1,-99.0,-99.0,4080,
2025-06-02 20:13:07.991313,512,30.58823529411765,72,-98.9765625,-99.0390625,36,782.25,0,1.5,40,12.941176470588237,3,222.08,7,542,0,3720,52.156862745098046,255,13863,0.99835205078125,262144,13.642,1.001922607421875,3.5294117647058822,13.725490196078432,15.294117647058824,7.8431372549019605,7.8431372549019605,1,-99.0,-99.0,4080,
2025-06-02 20:13:08.030458,512,30.58823529411765,72,-98.9765625,-99.0390625,36,782.25,0,1.5,40,12.941176470588237,3,222.08,7,542,0,3720,52.156862745098046,255,13863,0.99835205078125,262144,13.642,1.001922607421875,3.5294117647058822,13.725490196078432,15.294117647058824,7.8431372549019605,7.8431372549019605,1,-99.0,-99.0,4080,
2025-06-02 20:13:08.065676,512,30.58823529411765,72,-98.9765625,-99.0390625,36,782.25,0,1.5,40,12.941176470588237,3,222.08,7,542,0,3720,52.156862745098046,255,13863,0.99835205078125,262144,13.642,1.001922607421875,3.5294117647058822,13.725490196078432,15.294117647058824,7.8431372549019605,7.8431372549019605,1,-99.0,-99.0,4080,
2025-06-02 20:13:08.092645,512,30.58823529411765,72,-98.9765625,-99.0390625,36,782.25,0,1.5,40,12.941176470588237,3,222.08,7,542,0,3720,52.156862745098046,255,13863,0.99835205078125,262144,13.642,1.001922607421875,3.5294117647058822,13.725490196078432,15.294117647058824,7.8431372549019605,7.8431372549019605,1,-99.0,-99.0,4080,
2025-06-02 20:13:08.122880,512,30.58823529411765,72,-98.9765625,-99.0390625,36,782.25,0,1.5,40,12.941176470588237,3,222.08,7,542,0,3720,52.156862745098046,255,13863,0.99835205078125,262144,13.642,1.001922607421875,3.5294117647058822,13.725490196078432,15.294117647058824,7.8431372549019605,7.8431372549019605,1,-99.0,-99.0,4080,
2025-06-02 20:13:08.151525,512,30.58823529411765,72,-98.9765625,-99.0390625,36,782.25,0,1.5,40,12.941176470588237,3,222.08,7,542,0,3720,52.156862745098046,255,13863,0.99835205078125,262144,13.642,1.001922607421875,3.5294117647058822,13.725490196078432,15.294117647058824,7.8431372549019605,7.8431372549019605,1,-99.0,-99.0,4080,
2025-06-02 20:13:08.177910,512,30.58823529411765,72,-98.9765625,-99.0390625,36,782.25,0,1.5,40,12.941176470588237,3,222.08,7,542,0,3720,52.156862745098046,255,13863,0.99835205078125,262144,13.642,1.001922607421875,3.5294117647058822,13.725490196078432,15.294117647058824,7.8431372549019605,7.8431372549019605,1,-99.0,-99.0,4080,
2025-06-02 20:13:08.207707,512,30.58823529411765,72,-98.9765625,-99.0390625,36,782.25,0,1.5,40,12.941176470588237,3,222.08,7,542,0,3720,52.156862745098046,255,13863,0.99835205078125,262144,13.642,1.001922607421875,3.5294117647058822,13.725490196078432,15.294117647058824,7.8431372549019605,7.8431372549019605,1,-99.0,-99.0,4080,
2025-06-02 20:13:08.237746,512,30.58823529411765,72,-98.9765625,-99.0390625,36,782.25,0,1.5,40,12.941176470588237,3,222.08,7,542,0,3720,52.156862745098046,255,13863,0.99835205078125,262144,13.642,1.001922607421875,3.5294117647058822,13.725490196078432,15.294117647058824,7.8431372549019605,7.8431372549019605,1,-99.0,-99.0,4080,
2025-06-02 20:13:08.271731,512,30.58823529411765,72,-98.9765625,-99.0390625,36,782.25,0,1.5,40,12.941176470588237,3,222.08,7,542,0,3720,52.156862745098046,255,13863,0.99835205078125,262144,13.642,1.001922607421875,3.5294117647058822,13.725490196078432,15.294117647058824,7.8431372549019605,7.8431372549019605,1,-99.0,-99.0,4080,
2025-06-02 20:13:08.298875,512,30.58823529411765,72,-98.9765625,-99.0390625,36,782.25,0,1.5,40,12.941176470588237,3,222.08,7,542,0,3720,52.156862745098046,255,13863,0.99835205078125,262144,13.642,1.001922607421875,3.5294117647058822,13.725490196078432,15.294117647058824,7.8431372549019605,7.8431372549019605,1,-99.0,-99.0,4080,
2025-06-02 20:13:08.332149,512,30.58823529411765,72,-98.9765625,-99.0390625,36,782.25,0,1.5,40,12.941176470588237,3,222.08,7,542,0,3720,52.156862745098046,255,13863,0.99835205078125,262144,13.642,1.001922607421875,3.5294117647058822,13.725490196078432,15.294117647058824,7.8431372549019605,7.8431372549019605,1,-99.0,-99.0,2880,
2025-06-02 20:13:08.362193,512,30.58823529411765,72,-98.9765625,-99.0390625,36,782.25,0,1.5,40,12.941176470588237,3,222.08,7,542,0,3720,52.156862745098046,255,13863,0.99835205078125,262144,13.642,1.001922607421875,3.5294117647058822,13.725490196078432,15.294117647058824,7.8431372549019605,7.8431372549019605,1,-99.0,-99.0,2880,
2025-06-02 20:13:08.393446,512,30.58823529411765,72,-98.9765625,-99.0390625,36,782.25,0,1.5,40,12.941176470588237,3,222.08,7,542,0,3720,52.156862745098046,255,13863,0.99835205078125,262144,13.642,1.001922607421875,3.5294117647058822,13.725490196078432,15.294117647058824,7.8431372549019605,7.8431372549019605,1,-99.0,-99.0,2880,
2025-06-02 20:13:08.428330,512,30.58823529411765,72,-98.984375,-99.0390625,35,763.0,0,6.5,40,12.941176470588237,3,222.08,7,542,0,3720,52.156862745098046,255,13863,0.99835205078125,262144,13.642,1.001922607421875,3.5294117647058822,13.725490196078432,15.294117647058824,7.8431372549019605,7.8431372549019605,1,-99.0,-99.0,2880,
2025-06-02 20:13:08.455975,512,30.58823529411765,72,-98.984375,-99.0390625,35,763.0,0,6.5,40,13.333333333333334,3,222.08,7,542,0,3720,52.156862745098046,255,13863,0.99835205078125,262144,13.642,1.001922607421875,3.5294117647058822,13.725490196078432,15.294117647058824,7.8431372549019605,7.8431372549019605,1,-99.0,-99.0,2880,
2025-06-02 20:13:08.484522,512,30.58823529411765,72,-98.984375,-99.0390625,35,763.0,0,6.5,40,13.333333333333334,3,222.08,7,542,0,3720,52.156862745098046,255,13863,0.99835205078125,262144,13.642,1.001922607421875,3.5294117647058822,13.725490196078432,15.294117647058824,7.8431372549019605,7.8431372549019605,1,-99.0,-99.0,2880,
2025-06-02 20:13:08.510043,512,30.58823529411765,72,-98.984375,-99.0390625,35,763.0,0,6.5,40,13.333333333333334,3,222.08,7,543,0,3020,52.156862745098046,255,13863,0.99835205078125,262144,13.642,1.001922607421875,3.5294117647058822,13.725490196078432,15.294117647058824,7.8431372549019605,7.8431372549019605,1,-99.0,-99.0,2880,
2025-06-02 20:13:08.540476,512,30.58823529411765,72,-98.984375,-99.0390625,35,763.0,0,6.5,40,13.333333333333334,3,222.08,7,543,0,3020,52.156862745098046,255,13863,0.9775390625,516256,13.642,1.001922607421875,3.5294117647058822,13.725490196078432,15.294117647058824,7.8431372549019605,7.8431372549019605,1,-99.0,-99.0,2880,
2025-06-02 20:13:08.568262,512,30.58823529411765,72,-98.984375,-99.0390625,35,763.0,0,6.5,40,13.333333333333334,3,222.08,7,543,0,3020,52.156862745098046,255,13863,0.9775390625,516256,13.391,1.001922607421875,3.5294117647058822,13.725490196078432,15.294117647058824,7.8431372549019605,7.8431372549019605,1,-99.0,-99.0,2880,
2025-06-02 20:13:08.595826,512,30.58823529411765,72,-98.984375,-99.0390625,35,763.0,0,6.5,40,13.333333333333334,3,222.08,7,543,0,3020,52.156862745098046,255,13863,0.9775390625,516256,13.391,1.001922607421875,3.5294117647058822,13.725490196078432,15.294117647058824,7.8431372549019605,7.8431372549019605,1,-99.0,-99.0,2880,
2025-06-02 20:13:08.625246,512,30.58823529411765,72,-98.984375,-99.0390625,35,763.0,0,6.5,40,13.333333333333334,3,222.08,7,543,0,3020,52.156862745098046,255,13863,0.9775390625,516256,13.391,1.001922607421875,3.5294117647058822,13.725490196078432,15.294117647058824,7.8431372549019605,5.098039215686274,1,-99.0,-99.0,2880,
2025-06-02 20:13:08.653241,512,30.58823529411765,72,-98.984375,-99.0390625,35,763.0,0,6.5,40,13.333333333333334,3,222.08,7,543,0,3020,52.156862745098046,255,13863,0.9775390625,516256,13.391,1.001922607421875,3.5294117647058822,13.725490196078432,15.294117647058824,7.8431372549019605,5.098039215686274,1,-99.0,-99.0,2880,
2025-06-02 20:13:08.683010,512,29.01960784313726,72,-98.984375,-99.0390625,35,763.0,0,6.5,40,13.333333333333334,3,222.08,7,543,0,3020,52.156862745098046,255,13863,0.9775390625,516256,13.391,1.001922607421875,3.5294117647058822,13.725490196078432,15.294117647058824,7.8431372549019605,5.098039215686274,1,-99.0,-99.0,2920,
2025-06-02 20:13:08.717498,512,29.01960784313726,72,-98.9765625,-99.0390625,34,763.0,0,6.5,40,13.333333333333334,3,222.08,7,543,0,3020,52.156862745098046,255,13863,0.9775390625,516256,13.391,1.001922607421875,3.5294117647058822,13.725490196078432,15.294117647058824,7.8431372549019605,5.098039215686274,1,-99.0,-99.0,2920,
2025-06-02 20:13:08.751979,512,29.01960784313726,72,-98.9765625,-99.0390625,34,760.25,0,8.5,40,13.333333333333334,3,211.84,7,543,0,3020,52.156862745098046,255,13863,0.9775390625,516256,13.391,1.001922607421875,3.5294117647058822,13.725490196078432,15.294117647058824,7.8431372549019605,5.098039215686274,1,-99.0,-99.0,2920,
2025-06-02 20:13:08.778758,512,29.01960784313726,72,-98.9765625,-99.0390625,34,760.25,0,8.5,40,13.333333333333334,3,211.84,7,543,0,3020,52.156862745098046,255,13720,0.979278564453125,516256,13.408,1.001922607421875,3.5294117647058822,13.725490196078432,15.294117647058824,7.8431372549019605,5.098039215686274,1,-99.0,-99.0,2920,
2025-06-02 20:13:08.812416,512,29.01960784313726,72,-98.9765625,-99.0390625,34,760.25,0,8.5,40,13.333333333333334,3,211.84,7,543,0,3020,52.156862745098046,255,13720,0.979278564453125,516256,13.408,1.001922607421875,3.9215686274509802,13.725490196078432,15.294117647058824,7.8431372549019605,5.098039215686274,1,-99.0,-99.0,2920,
2025-06-02 20:13:08.848140,512,29.01960784313726,72,-98.9765625,-99.0390625,34,760.25,0,8.5,40,13.333333333333334,3,211.84,7,543,0,3020,52.156862745098046,255,13720,0.979278564453125,516256,13.408,1.001922607421875,3.9215686274509802,14.50980392156863,15.294117647058824,7.8431372549019605,5.098039215686274,1,-99.0,-99.0,2920,
2025-06-02 20:13:08.883172,512,29.01960784313726,72,-98.9765625,-99.0390625,34,760.25,0,8.5,40,13.333333333333334,3,211.84,7,543,0,3020,52.156862745098046,255,13720,0.979278564453125,516256,13.408,1.001922607421875,3.9215686274509802,14.50980392156863,15.294117647058824,7.8431372549019605,5.098039215686274,1,-99.0,-99.0,2970,
2025-06-02 20:13:08.913068,512,29.01960784313726,72,-98.9765625,-99.0390625,34,760.25,0,8.5,40,13.333333333333334,3,211.84,7,543,0,3020,52.156862745098046,255,13720,0.979278564453125,516256,13.408,1.001922607421875,3.9215686274509802,14.50980392156863,15.294117647058824,7.8431372549019605,5.098039215686274,1,-99.0,-99.0,2970,
2025-06-02 20:13:08.939294,512,29.01960784313726,72,-98.9765625,-99.0390625,34,757.0,0,7.5,40,13.333333333333334,3,211.84,7,543,0,3020,52.156862745098046,255,13720,0.979278564453125,516256,13.408,1.001922607421875,3.9215686274509802,14.50980392156863,15.294117647058824,7.8431372549019605,5.098039215686274,1,-99.0,-99.0,2970,
2025-06-02 20:13:08.966618,512,29.01960784313726,72,-98.9765625,-99.0390625,34,757.0,0,7.5,40,13.333333333333334,3,209.28,7,543,0,3020,52.156862745098046,255,13720,0.979278564453125,516256,13.408,1.001922607421875,3.9215686274509802,14.50980392156863,15.294117647058824,7.8431372549019605,5.098039215686274,1,-99.0,-99.0,2970,
2025-06-02 20:13:08.995482,512,29.01960784313726,72,-98.9765625,-99.0390625,34,757.0,0,7.5,40,13.333333333333334,3,209.28,7,543,0,3020,52.156862745098046,255,13720,0.979278564453125,516256,13.408,1.001922607421875,3.9215686274509802,14.50980392156863,15.294117647058824,7.8431372549019605,5.098039215686274,1,-99.0,-99.0,2970,
2025-06-02 20:13:09.022535,512,29.01960784313726,72,-98.9765625,-99.0390625,34,757.0,0,7.5,40,13.333333333333334,3,209.28,7,543,0,3020,52.156862745098046,255,13720,0.979278564453125,516256,13.408,1.001922607421875,3.9215686274509802,14.50980392156863,15.294117647058824,7.8431372549019605,5.098039215686274,1,-99.0,-99.0,2970,
2025-06-02 20:13:09.050952,512,29.01960784313726,72,-98.9765625,-99.0390625,34,757.0,0,7.5,40,13.333333333333334,3,209.28,7,543,0,3020,52.156862745098046,255,13720,0.979278564453125,516256,13.408,1.001922607421875,3.9215686274509802,14.50980392156863,15.294117647058824,7.8431372549019605,5.098039215686274,1,-99.0,-99.0,2970,
2025-06-02 20:13:09.082160,512,29.01960784313726,72,-98.9765625,-99.0390625,34,757.0,0,7.5,40,13.333333333333334,3,209.28,7,543,0,3020,52.156862745098046,255,13863,0.98248291015625,516256,13.444,1.002349853515625,3.9215686274509802,14.50980392156863,15.294117647058824,7.8431372549019605,5.098039215686274,1,-99.0,-99.0,2970,
2025-06-02 20:13:09.112154,512,29.01960784313726,72,-98.9765625,-99.0390625,34,757.0,0,7.5,40,13.333333333333334,3,209.28,7,543,0,3020,52.156862745098046,255,13863,0.98248291015625,516256,13.444,1.002349853515625,17.647058823529413,27.84313725490196,34.11764705882353,16.862745098039216,5.098039215686274,1,-99.0,-99.0,2970,
2025-06-02 20:13:09.139582,512,29.01960784313726,72,-98.9765625,-99.0390625,34,757.0,0,7.5,40,13.333333333333334,3,209.28,7,543,0,3020,52.156862745098046,255,13863,0.98248291015625,516256,13.444,1.002349853515625,17.647058823529413,27.84313725490196,34.11764705882353,16.862745098039216,5.098039215686274,1,-99.0,-99.0,2970,
2025-06-02 20:13:09.166071,512,29.01960784313726,72,-98.9765625,-99.0390625,34,757.0,0,7.5,40,13.333333333333334,3,209.28,7,543,0,3020,52.156862745098046,255,13863,0.98248291015625,516256,13.444,1.002349853515625,17.647058823529413,27.84313725490196,34.11764705882353,16.862745098039216,5.098039215686274,1,-99.0,-99.0,7740,
2025-06-02 20:13:09.205903,512,92.54901960784314,72,-99.0078125,-99.015625,85,775.5,0,7.5,40,13.333333333333334,3,209.28,7,543,0,3020,52.156862745098046,255,13863,0.98248291015625,516256,13.444,1.002349853515625,17.647058823529413,27.84313725490196,34.11764705882353,16.862745098039216,5.098039215686274,1,-99.0,-99.0,7740,
2025-06-02 20:13:09.241497,512,92.54901960784314,72,-99.0078125,-99.015625,85,775.5,0,7.5,40,18.43137254901961,3,205.44,5,544,0,3020,52.156862745098046,255,13863,0.98248291015625,516256,13.444,1.002349853515625,17.647058823529413,27.84313725490196,34.11764705882353,16.862745098039216,5.098039215686274,1,-99.0,-99.0,7740,
2025-06-02 20:13:09.272888,512,92.54901960784314,72,-99.0078125,-99.015625,85,775.5,0,7.5,40,18.43137254901961,3,205.44,5,544,0,7190,52.156862745098046,255,13720,0.98248291015625,262144,13.656,0.998138427734375,4.705882352941177,27.84313725490196,34.11764705882353,16.862745098039216,5.098039215686274,1,-99.0,-99.0,7740,
2025-06-02 20:13:09.304053,512,92.54901960784314,72,-99.0078125,-99.015625,85,775.5,0,7.5,40,18.43137254901961,3,205.44,5,544,0,7190,52.156862745098046,255,13720,0.98248291015625,262144,13.656,0.998138427734375,4.705882352941177,14.50980392156863,31.76470588235294,16.862745098039216,1.5686274509803921,1,-99.0,-99.0,7740,
2025-06-02 20:13:09.337078,512,92.54901960784314,72,-99.0078125,-99.015625,85,775.5,0,7.5,40,18.43137254901961,3,205.44,5,544,0,7190,52.156862745098046,255,13720,0.98248291015625,262144,13.656,0.998138427734375,4.705882352941177,14.50980392156863,31.76470588235294,16.862745098039216,1.5686274509803921,1,-99.0,-99.0,6850,
2025-06-02 20:13:09.366804,512,61.1764705882353,72,-98.9921875,-99.015625,85,1185.0,0,-3.0,40,18.43137254901961,3,205.44,5,544,0,7190,52.156862745098046,255,13720,0.98248291015625,262144,13.656,0.998138427734375,4.705882352941177,14.50980392156863,31.76470588235294,16.862745098039216,1.5686274509803921,1,-99.0,-99.0,6850,
2025-06-02 20:13:09.401020,512,61.1764705882353,72,-98.9921875,-99.015625,85,1185.0,0,-3.0,40,12.156862745098039,3,206.72,5,544,0,7190,52.156862745098046,255,13720,0.98248291015625,262144,13.656,0.998138427734375,4.705882352941177,14.50980392156863,31.76470588235294,16.862745098039216,1.5686274509803921,1,-99.0,-99.0,6850,
2025-06-02 20:13:09.435891,512,61.1764705882353,72,-98.9921875,-99.015625,85,1185.0,0,-3.0,40,12.156862745098039,3,206.72,5,544,0,6880,52.156862745098046,255,13863,0.99114990234375,262144,13.671,0.998138427734375,4.705882352941177,14.50980392156863,31.76470588235294,16.862745098039216,1.5686274509803921,1,-99.0,-99.0,6850,
2025-06-02 20:13:09.468043,512,61.1764705882353,72,-98.9921875,-99.015625,85,1185.0,0,-3.0,40,12.156862745098039,3,206.72,5,544,0,6880,52.156862745098046,255,13863,0.99114990234375,262144,13.671,0.998138427734375,20.392156862745097,30.980392156862745,34.11764705882353,16.862745098039216,1.5686274509803921,1,-99.0,-99.0,6850,
2025-06-02 20:13:09.494591,512,61.1764705882353,72,-98.9921875,-99.015625,85,1185.0,0,-3.0,40,12.156862745098039,3,206.72,5,544,0,6880,52.156862745098046,255,13863,0.99114990234375,262144,13.671,0.998138427734375,20.392156862745097,30.980392156862745,34.11764705882353,17.254901960784313,25.098039215686274,1,-99.0,-99.0,8770,
2025-06-02 20:13:09.523193,512,61.1764705882353,72,-98.9921875,-99.015625,85,1185.0,0,-3.0,40,12.156862745098039,3,206.72,5,544,0,6880,52.156862745098046,255,13863,0.99114990234375,262144,13.671,0.998138427734375,20.392156862745097,30.980392156862745,34.11764705882353,17.254901960784313,25.098039215686274,1,-99.0,-99.0,8770,
2025-06-02 20:13:09.549604,512,61.1764705882353,72,-98.9921875,-99.015625,85,1185.0,0,-3.0,40,12.156862745098039,3,206.72,5,544,0,6880,52.156862745098046,255,13863,0.99114990234375,262144,13.671,0.998138427734375,20.392156862745097,30.980392156862745,34.11764705882353,17.254901960784313,25.098039215686274,1,-99.0,-99.0,8770,
2025-06-02 20:13:09.578643,512,61.1764705882353,72,-99.0234375,-99.015625,87,1823.25,0,2.5,40,12.156862745098039,3,206.72,5,544,0,6880,52.156862745098046,255,13863,0.99114990234375,262144,13.671,0.998138427734375,20.392156862745097,30.980392156862745,34.11764705882353,17.254901960784313,25.098039215686274,1,-99.0,-99.0,8770,
2025-06-02 20:13:09.609218,512,61.1764705882353,72,-99.0234375,-99.015625,87,1823.25,0,2.5,40,14.117647058823529,3,213.12,7,544,0,6880,52.156862745098046,255,13863,0.99114990234375,262144,13.671,0.998138427734375,20.392156862745097,30.980392156862745,34.11764705882353,17.254901960784313,25.098039215686274,1,-99.0,-99.0,8770,
2025-06-02 20:13:09.636505,512,61.1764705882353,72,-99.0234375,-99.015625,87,1823.25,0,2.5,40,14.117647058823529,3,213.12,7,544,0,11150,52.156862745098046,255,13863,1.068023681640625,262144,13.671,0.998138427734375,20.392156862745097,30.980392156862745,34.11764705882353,17.254901960784313,25.098039215686274,1,-99.0,-99.0,8770,
2025-06-02 20:13:09.667942,512,61.1764705882353,72,-99.0234375,-99.015625,87,1823.25,0,2.5,40,14.117647058823529,3,213.12,7,544,0,11150,52.156862745098046,255,13863,1.068023681640625,262144,13.358,0.99578857421875,0.7843137254901961,30.980392156862745,28.235294117647058,17.254901960784313,25.098039215686274,1,-99.0,-99.0,8770,
2025-06-02 20:13:09.701374,512,61.1764705882353,72,-99.0234375,-99.015625,87,1823.25,0,2.5,40,14.117647058823529,3,213.12,7,544,0,11150,52.156862745098046,255,13863,1.068023681640625,262144,13.358,0.99578857421875,0.7843137254901961,30.980392156862745,28.235294117647058,17.254901960784313,25.098039215686274,1,-99.0,-99.0,8770,
2025-06-02 20:13:09.727882,512,61.1764705882353,72,-99.0234375,-99.015625,87,1823.25,0,2.5,40,14.117647058823529,3,213.12,7,544,0,11150,52.156862745098046,255,13863,1.068023681640625,262144,13.358,0.99578857421875,0.7843137254901961,30.980392156862745,28.235294117647058,17.254901960784313,0.0,1,-99.0,-99.0,8770,
2025-06-02 20:13:09.763298,1024,36.86274509803922,72,-99.0,-99.015625,87,1898.0,0,2.5,40,14.117647058823529,3,213.12,7,544,0,11150,52.156862745098046,255,13863,1.068023681640625,262144,13.358,0.99578857421875,0.7843137254901961,30.980392156862745,28.235294117647058,17.254901960784313,0.0,1,-99.0,-99.0,9980,
2025-06-02 20:13:09.792598,1024,36.86274509803922,72,-99.0,-99.015625,87,1898.0,0,29.5,40,9.411764705882353,3,210.56,7,544,0,11150,52.156862745098046,255,13863,1.068023681640625,262144,13.358,0.99578857421875,0.7843137254901961,30.980392156862745,28.235294117647058,17.254901960784313,0.0,1,-99.0,-99.0,9980,
2025-06-02 20:13:09.833118,1024,36.86274509803922,72,-99.0,-99.015625,87,1898.0,0,29.5,40,9.411764705882353,3,210.56,5,544,0,11150,52.156862745098046,255,13863,1.045379638671875,262144,13.358,0.99578857421875,0.7843137254901961,30.980392156862745,28.235294117647058,17.254901960784313,0.0,1,-99.0,-99.0,9980,
2025-06-02 20:13:09.867067,1024,36.86274509803922,72,-99.0,-99.015625,87,1898.0,0,29.5,40,9.411764705882353,3,210.56,5,544,0,11150,52.156862745098046,255,13863,1.045379638671875,262144,13.377,1.000579833984375,0.39215686274509803,10.588235294117647,15.294117647058824,7.8431372549019605,0.0,1,-99.0,-99.0,9980,
2025-06-02 20:13:09.894540,1024,28.627450980392155,72,-99.0,-99.015625,87,1898.0,0,29.5,40,9.411764705882353,3,210.56,5,544,0,11150,52.156862745098046,255,13863,1.045379638671875,262144,13.377,1.000579833984375,0.39215686274509803,10.588235294117647,15.294117647058824,7.8431372549019605,0.0,1,-99.0,-99.0,9990,
2025-06-02 20:13:09.928293,1024,28.627450980392155,72,-99.0,-99.015625,29,1898.0,0,34.0,40,9.411764705882353,3,210.56,5,544,0,11150,52.156862745098046,255,13863,1.045379638671875,262144,13.377,1.000579833984375,0.39215686274509803,10.588235294117647,15.294117647058824,7.8431372549019605,0.0,1,-99.0,-99.0,9990,
2025-06-02 20:13:09.958419,1024,28.627450980392155,72,-99.0,-99.015625,29,1898.0,0,34.0,40,9.411764705882353,3,209.28,7,544,0,9040,52.156862745098046,255,13863,1.045379638671875,262144,13.377,1.000579833984375,0.39215686274509803,10.588235294117647,15.294117647058824,7.8431372549019605,0.0,1,-99.0,-99.0,9990,
2025-06-02 20:13:09.989669,1024,28.627450980392155,72,-99.0,-99.015625,29,1898.0,0,34.0,40,9.411764705882353,3,209.28,7,544,0,9040,52.156862745098046,255,13863,1.045379638671875,262144,13.377,1.000579833984375,0.39215686274509803,10.588235294117647,15.294117647058824,7.8431372549019605,0.0,1,-99.0,-99.0,9990,
2025-06-02 20:13:10.024026,1024,28.627450980392155,72,-99.0,-99.015625,29,1898.0,0,34.0,40,9.411764705882353,3,209.28,7,544,0,9040,52.156862745098046,255,13863,1.045379638671875,516256,13.296,1.000579833984375,0.39215686274509803,10.588235294117647,15.294117647058824,7.8431372549019605,0.0,1,-99.0,-99.0,9990,
2025-06-02 20:13:10.057914,1024,28.627450980392155,72,-99.0,-99.015625,29,1898.0,0,34.0,40,9.411764705882353,3,209.28,7,544,0,9040,52.156862745098046,255,13863,1.045379638671875,516256,13.296,0.91070556640625,3.5294117647058822,13.333333333333334,15.294117647058824,7.8431372549019605,4.705882352941177,1,-99.0,-99.0,9990,
2025-06-02 20:13:10.090843,1024,28.627450980392155,72,-99.0,-99.015625,29,1898.0,0,34.0,40,9.411764705882353,3,209.28,7,544,0,9040,52.156862745098046,255,13863,1.045379638671875,516256,13.296,0.91070556640625,3.5294117647058822,13.333333333333334,15.294117647058824,7.8431372549019605,4.705882352941177,1,-99.0,-99.0,9990,
2025-06-02 20:13:10.121786,256,14.50980392156863,72,-99.0,-99.015625,29,1898.0,0,34.0,40,9.411764705882353,3,209.28,7,544,0,9040,52.156862745098046,255,13863,1.045379638671875,516256,13.296,0.91070556640625,3.5294117647058822,13.333333333333334,15.294117647058824,7.8431372549019605,4.705882352941177,1,-99.0,-99.0,9990,
2025-06-02 20:13:10.151396,256,14.50980392156863,72,-99.0,-99.015625,29,1898.0,0,34.0,40,9.411764705882353,3,209.28,7,544,0,9040,52.156862745098046,255,13863,1.045379638671875,516256,13.296,0.91070556640625,3.5294117647058822,13.333333333333334,15.294117647058824,7.8431372549019605,4.705882352941177,1,-99.0,-99.0,9990,
2025-06-02 20:13:10.178680,256,14.50980392156863,72,-99.0,-99.015625,21,1537.5,0,34.0,40,9.411764705882353,3,209.28,7,544,0,9040,52.156862745098046,255,13863,1.045379638671875,516256,13.296,0.91070556640625,3.5294117647058822,13.333333333333334,15.294117647058824,7.8431372549019605,4.705882352941177,1,-99.0,-99.0,9990,
2025-06-02 20:13:10.205890,256,14.50980392156863,72,-99.0,-99.015625,21,1537.5,0,13.0,40,12.941176470588237,3,209.28,7,544,0,9040,52.156862745098046,255,13863,1.045379638671875,516256,13.296,0.91070556640625,3.5294117647058822,13.333333333333334,15.294117647058824,7.8431372549019605,4.705882352941177,1,-99.0,-99.0,9990,
2025-06-02 20:13:10.238101,256,14.50980392156863,72,-99.0,-99.015625,21,1537.5,0,13.0,40,12.941176470588237,3,209.28,5,545,0,7620,52.156862745098046,255,13863,1.193603515625,319648,13.296,0.91070556640625,3.5294117647058822,13.333333333333334,15.294117647058824,7.8431372549019605,4.705882352941177,1,-99.0,-99.0,9990,
2025-06-02 20:13:10.266055,256,14.50980392156863,72,-99.0,-99.015625,21,1537.5,0,13.0,40,12.941176470588237,3,209.28,5,545,0,7620,52.156862745098046,255,13720,1.193603515625,262144,13.425,0.91064453125,3.5294117647058822,13.333333333333334,15.294117647058824,7.8431372549019605,4.705882352941177,1,-99.0,-99.0,9990,
2025-06-02 20:13:10.295642,256,14.50980392156863,72,-99.0,-99.015625,21,1537.5,0,13.0,40,12.941176470588237,3,209.28,5,545,0,7620,52.156862745098046,255,13720,1.193603515625,262144,13.425,0.91064453125,3.5294117647058822,13.333333333333334,15.294117647058824,7.8431372549019605,4.705882352941177,1,-99.0,-99.0,9990,
2025-06-02 20:13:10.324102,256,14.50980392156863,72,-99.0,-99.015625,21,1537.5,0,13.0,40,12.941176470588237,3,209.28,5,545,0,7620,52.156862745098046,255,13720,1.193603515625,262144,13.425,0.91064453125,3.5294117647058822,13.333333333333334,32.549019607843135,16.470588235294116,24.705882352941178,1,-99.0,-99.0,9990,
2025-06-02 20:13:10.350241,256,14.50980392156863,72,-99.0,-99.015625,21,1537.5,0,13.0,40,12.941176470588237,3,209.28,5,545,0,7620,52.156862745098046,255,13720,1.193603515625,262144,13.425,0.91064453125,3.5294117647058822,13.333333333333334,32.549019607843135,16.470588235294116,24.705882352941178,1,-99.0,-99.0,9990,
2025-06-02 20:13:10.381190,256,21.568627450980394,72,-99.0,-99.015625,21,1537.5,0,13.0,40,12.941176470588237,3,209.28,5,545,0,7620,52.156862745098046,255,13720,1.193603515625,262144,13.425,0.91064453125,3.5294117647058822,13.333333333333334,32.549019607843135,16.470588235294116,24.705882352941178,1,-99.0,-99.0,8980,
2025-06-02 20:13:10.412217,256,21.568627450980394,72,-99.0,-99.015625,21,1699.5,0,13.0,40,12.941176470588237,3,209.28,5,545,0,7620,52.156862745098046,255,13720,1.193603515625,262144,13.425,0.91064453125,3.5294117647058822,13.333333333333334,32.549019607843135,16.470588235294116,24.705882352941178,1,-99.0,-99.0,8980,
2025-06-02 20:13:10.445798,256,21.568627450980394,72,-99.0,-99.015625,21,1699.5,0,6.0,40,14.901960784313726,3,195.2,5,545,0,7620,52.156862745098046,255,13720,1.193603515625,262144,13.425,0.91064453125,3.5294117647058822,13.333333333333334,32.549019607843135,16.470588235294116,24.705882352941178,1,-99.0,-99.0,8980,
2025-06-02 20:13:10.478767,256,21.568627450980394,72,-99.0,-99.015625,21,1699.5,0,6.0,40,14.901960784313726,3,195.2,5,545,0,7620,52.156862745098046,255,13720,1.193603515625,262144,13.425,0.91064453125,3.5294117647058822,13.333333333333334,32.549019607843135,16.470588235294116,24.705882352941178,1,-99.0,-99.0,8980,
2025-06-02 20:13:10.505794,256,21.568627450980394,72,-99.0,-99.015625,21,1699.5,0,6.0,40,14.901960784313726,3,195.2,5,545,0,7620,52.156862745098046,255,13720,1.193603515625,262144,13.425,0.91064453125,3.5294117647058822,13.333333333333334,32.549019607843135,16.470588235294116,24.705882352941178,1,-99.0,-99.0,8980,
2025-06-02 20:13:10.540271,256,21.568627450980394,72,-99.0,-99.015625,21,1699.5,0,6.0,40,14.901960784313726,3,195.2,5,545,0,7620,52.156862745098046,255,13863,0.949462890625,516256,13.4,0.99755859375,3.5294117647058822,13.333333333333334,32.549019607843135,16.470588235294116,24.705882352941178,1,-99.0,-99.0,8980,
2025-06-02 20:13:10.574160,256,21.568627450980394,72,-99.0,-99.015625,21,1699.5,0,6.0,40,14.901960784313726,3,195.2,5,545,0,7620,52.156862745098046,255,13863,0.949462890625,516256,13.4,0.99755859375,0.39215686274509803,10.588235294117647,22.35294117647059,7.8431372549019605,0.0,1,-99.0,-99.0,8980,
2025-06-02 20:13:10.604652,256,21.568627450980394,72,-99.0,-99.015625,21,1699.5,0,6.0,40,14.901960784313726,3,195.2,5,545,0,7620,52.156862745098046,255,13863,0.949462890625,516256,13.4,0.99755859375,0.39215686274509803,10.588235294117647,22.35294117647059,7.8431372549019605,0.0,1,-99.0,-99.0,8980,
2025-06-02 20:13:10.635635,1024,21.568627450980394,72,-99.0,-99.015625,21,1699.5,0,6.0,40,14.901960784313726,3,195.2,5,545,0,7620,52.156862745098046,255,13863,0.949462890625,516256,13.4,0.99755859375,0.39215686274509803,10.588235294117647,22.35294117647059,7.8431372549019605,0.0,1,-99.0,-99.0,8160,
2025-06-02 20:13:10.665947,1024,21.568627450980394,73,-99.0,-99.015625,21,1699.5,0,6.0,40,14.901960784313726,3,195.2,5,545,0,7620,52.156862745098046,255,13863,0.949462890625,516256,13.4,0.99755859375,0.39215686274509803,10.588235294117647,22.35294117647059,7.8431372549019605,0.0,1,-99.0,-99.0,8160,
2025-06-02 20:13:10.696889,1024,21.568627450980394,73,-99.0,-99.015625,33,1843.25,0,6.0,40,14.901960784313726,3,195.2,5,545,0,7620,52.156862745098046,255,13863,0.949462890625,516256,13.4,0.99755859375,0.39215686274509803,10.588235294117647,22.35294117647059,7.8431372549019605,0.0,1,-99.0,-99.0,8160,
2025-06-02 20:13:10.730002,1024,21.568627450980394,73,-99.0,-99.015625,33,1843.25,0,32.5,40,9.411764705882353,3,195.2,5,545,0,7620,52.156862745098046,255,13863,0.949462890625,516256,13.4,0.99755859375,0.39215686274509803,10.588235294117647,22.35294117647059,7.8431372549019605,0.0,1,-99.0,-99.0,8160,
2025-06-02 20:13:10.757394,1024,21.568627450980394,73,-99.0,-99.015625,33,1843.25,0,32.5,40,9.411764705882353,3,195.2,5,545,0,7620,52.156862745098046,255,13863,0.949462890625,516256,13.4,0.99755859375,0.39215686274509803,10.588235294117647,22.35294117647059,7.8431372549019605,0.0,1,-99.0,-99.0,8160,
2025-06-02 20:13:10.796798,1024,21.568627450980394,73,-99.0,-99.015625,33,1843.25,0,32.5,40,9.411764705882353,3,195.2,5,545,0,7620,52.156862745098046,255,13863,0.949462890625,516256,13.4,0.99755859375,0.39215686274509803,10.588235294117647,22.35294117647059,7.8431372549019605,0.0,1,-99.0,-99.0,8160,
2025-06-02 20:13:10.828897,1024,21.568627450980394,73,-99.0,-99.015625,33,1843.25,0,32.5,40,9.411764705882353,3,195.2,5,545,0,7620,52.156862745098046,255,13863,0.949462890625,516256,13.4,0.91070556640625,3.1372549019607843,13.333333333333334,22.35294117647059,7.8431372549019605,0.0,1,-99.0,-99.0,8160,
2025-06-02 20:13:10.865378,1024,21.568627450980394,73,-99.0,-99.015625,33,1843.25,0,32.5,40,9.411764705882353,3,195.2,5,545,0,7620,52.156862745098046,255,13863,0.949462890625,516256,13.4,0.91070556640625,3.1372549019607843,13.333333333333334,22.35294117647059,7.8431372549019605,0.0,1,-99.0,-99.0,8160,
2025-06-02 20:13:10.900865,256,16.07843137254902,73,-99.0,-99.015625,31,1547.0,0,32.5,40,9.411764705882353,3,195.2,5,545,0,7620,52.156862745098046,255,13863,0.949462890625,516256,13.4,0.91070556640625,3.1372549019607843,13.333333333333334,22.35294117647059,11.76470588235294,23.92156862745098,1,-99.0,-99.0,8160,
2025-06-02 20:13:10.934402,256,16.07843137254902,73,-99.0,-99.015625,31,1547.0,0,35.0,40,31.372549019607842,3,195.2,5,545,0,7620,52.156862745098046,255,13863,0.949462890625,516256,13.4,0.91070556640625,3.1372549019607843,13.333333333333334,22.35294117647059,11.76470588235294,23.92156862745098,1,-99.0,-99.0,8160,
2025-06-02 20:13:10.974221,256,16.07843137254902,73,-99.0,-99.015625,31,1547.0,0,35.0,40,31.372549019607842,3,195.2,5,545,0,7620,52.156862745098046,255,13863,0.949462890625,516256,13.4,0.91070556640625,25.49019607843137,13.333333333333334,22.35294117647059,11.76470588235294,23.92156862745098,1,-99.0,-99.0,8160,
2025-06-02 20:13:11.016173,256,49.411764705882355,73,-99.0,-99.015625,31,1547.0,0,35.0,40,31.372549019607842,3,195.2,5,545,0,7620,52.156862745098046,255,13863,0.949462890625,516256,13.4,0.91070556640625,25.49019607843137,35.294117647058826,27.84313725490196,19.607843137254903,24.313725490196077,1,-99.0,-99.0,8160,
2025-06-02 20:13:11.057890,256,49.411764705882355,73,-99.0,-99.015625,31,1745.0,0,35.0,40,31.372549019607842,3,195.2,5,545,0,7620,52.156862745098046,255,13863,0.949462890625,516256,13.4,0.91070556640625,25.49019607843137,35.294117647058826,27.84313725490196,19.607843137254903,24.313725490196077,1,-99.0,-99.0,8160,
2025-06-02 20:13:11.089177,256,49.411764705882355,73,-99.0,-99.015625,31,1745.0,0,35.0,40,31.372549019607842,3,195.2,5,545,0,7620,52.156862745098046,255,13863,0.949462890625,516256,13.4,0.91070556640625,25.49019607843137,35.294117647058826,27.84313725490196,19.607843137254903,24.313725490196077,1,-99.0,-99.0,8160,
2025-06-02 20:13:11.128020,256,49.411764705882355,73,-99.0,-99.015625,31,1745.0,0,35.0,40,31.372549019607842,3,195.2,5,545,0,7620,52.156862745098046,255,13863,0.949462890625,516256,13.4,0.91070556640625,25.49019607843137,35.294117647058826,27.84313725490196,19.607843137254903,24.313725490196077,1,-99.0,-99.0,8160,
2025-06-02 20:13:11.164160,256,49.411764705882355,73,-99.0,-99.015625,31,1745.0,0,35.0,40,31.372549019607842,3,195.2,5,545,0,7620,52.156862745098046,255,13863,0.949462890625,516256,13.4,0.91070556640625,25.49019607843137,35.294117647058826,27.84313725490196,19.607843137254903,24.313725490196077,1,-99.0,-99.0,8160,
2025-06-02 20:13:11.195208,256,49.411764705882355,73,-99.0,-99.015625,31,1745.0,0,35.0,40,9.803921568627452,3,195.2,5,545,0,7620,52.156862745098046,255,13863,0.949462890625,516256,13.4,0.99737548828125,0.39215686274509803,10.588235294117647,29.80392156862745,19.607843137254903,24.313725490196077,1,-99.0,-99.0,8160,
2025-06-02 20:13:11.229149,256,49.411764705882355,73,-99.0,-99.015625,31,1745.0,0,35.0,40,9.803921568627452,3,195.2,5,545,0,7620,52.156862745098046,255,13863,0.949462890625,516256,13.4,0.99737548828125,0.39215686274509803,10.588235294117647,29.80392156862745,19.607843137254903,24.313725490196077,1,-99.0,-99.0,8160,
2025-06-02 20:13:11.263888,256,49.411764705882355,73,-99.0,-99.015625,31,1745.0,0,35.0,40,9.803921568627452,3,195.2,5,545,0,7620,52.156862745098046,255,13863,0.949462890625,516256,13.4,0.99737548828125,0.39215686274509803,10.588235294117647,29.80392156862745,19.607843137254903,24.313725490196077,1,-99.0,-99.0,8160,
2025-06-02 20:13:11.298844,1024,40.78431372549019,73,-99.0,-99.015625,37,1931.5,0,35.0,40,9.803921568627452,3,195.2,5,545,0,7620,52.156862745098046,255,13863,0.949462890625,516256,13.4,0.99737548828125,0.39215686274509803,10.588235294117647,29.80392156862745,19.607843137254903,24.313725490196077,1,-99.0,-99.0,8160,
2025-06-02 20:13:11.329948,1024,40.78431372549019,73,-99.0,-99.015625,37,1931.5,0,35.0,40,9.803921568627452,3,195.2,5,545,0,7620,52.156862745098046,255,13863,0.949462890625,516256,13.4,0.99737548828125,0.39215686274509803,10.588235294117647,29.80392156862745,19.607843137254903,24.313725490196077,1,-99.0,-99.0,8160,
2025-06-02 20:13:11.362302,1024,40.78431372549019,73,-99.0,-99.015625,37,1931.5,0,35.0,40,9.803921568627452,3,195.2,5,545,0,7620,52.156862745098046,255,13863,0.949462890625,516256,13.4,0.99737548828125,0.39215686274509803,10.588235294117647,29.80392156862745,19.607843137254903,24.313725490196077,1,-99.0,-99.0,8160,
2025-06-02 20:13:11.390612,1024,40.78431372549019,73,-99.0,-99.015625,37,1931.5,0,35.0,40,9.411764705882353,3,195.2,5,545,0,7620,52.156862745098046,255,13863,0.949462890625,516256,13.4,1.000579833984375,0.39215686274509803,10.588235294117647,15.294117647058824,7.8431372549019605,24.313725490196077,1,-99.0,-99.0,8160,
2025-06-02 20:13:11.418349,1024,40.78431372549019,73,-99.0,-99.015625,37,1931.5,0,35.0,40,9.411764705882353,3,195.2,5,545,0,7620,52.156862745098046,255,13863,0.949462890625,516256,13.4,1.000579833984375,0.39215686274509803,10.588235294117647,15.294117647058824,7.8431372549019605,24.313725490196077,1,-99.0,-99.0,8160,
2025-06-02 20:13:11.445353,1024,40.78431372549019,73,-99.0,-99.015625,37,1931.5,0,35.0,40,9.411764705882353,3,195.2,5,545,0,7620,52.156862745098046,255,13863,0.949462890625,516256,13.4,1.000579833984375,0.39215686274509803,10.588235294117647,15.294117647058824,7.8431372549019605,24.313725490196077,1,-99.0,-99.0,8160,
2025-06-02 20:13:11.472326,1024,28.627450980392155,73,-99.0,-99.015625,37,1931.5,0,35.0,40,9.411764705882353,3,195.2,5,545,0,7620,52.156862745098046,255,13863,0.949462890625,516256,13.4,1.000579833984375,0.39215686274509803,10.588235294117647,15.294117647058824,7.8431372549019605,24.313725490196077,1,-99.0,-99.0,8160,
2025-06-02 20:13:11.502366,1024,28.627450980392155,73,-99.0,-99.015625,37,1931.5,0,35.0,40,9.411764705882353,3,195.2,5,545,0,7620,52.156862745098046,255,13863,0.949462890625,516256,13.4,1.000579833984375,0.39215686274509803,10.588235294117647,15.294117647058824,7.8431372549019605,24.313725490196077,1,-99.0,-99.0,8160,
2025-06-02 20:13:11.535081,1024,28.627450980392155,73,-99.0,-99.015625,19,1650.25,0,-5.5,40,9.411764705882353,3,195.2,5,545,0,7620,52.156862745098046,255,13863,0.949462890625,516256,13.4,1.000579833984375,0.39215686274509803,10.588235294117647,15.294117647058824,7.8431372549019605,24.313725490196077,1,-99.0,-99.0,8160,
2025-06-02 20:13:11.562423,1024,28.627450980392155,73,-99.0,-99.015625,19,1650.25,0,-5.5,40,9.411764705882353,3,195.2,5,545,0,7620,52.156862745098046,255,13863,0.949462890625,516256,13.4,1.000579833984375,0.39215686274509803,10.588235294117647,15.294117647058824,7.8431372549019605,24.313725490196077,1,-99.0,-99.0,8160,
2025-06-02 20:13:11.597179,1024,28.627450980392155,73,-99.0,-99.015625,19,1650.25,0,-5.5,40,14.901960784313726,3,195.2,5,545,0,7620,52.156862745098046,255,13863,0.949462890625,516256,13.4,0.91070556640625,5.490196078431373,15.686274509803921,15.294117647058824,7.8431372549019605,24.313725490196077,1,-99.0,-99.0,8160,
2025-06-02 20:13:11.633544,256,13.333333333333334,73,-99.0,-99.015625,21,1650.25,0,-5.5,40,14.901960784313726,3,195.2,5,545,0,7620,52.156862745098046,255,13863,0.949462890625,516256,13.4,0.91070556640625,5.490196078431373,15.686274509803921,15.294117647058824,7.8431372549019605,24.313725490196077,1,-99.0,-99.0,8160,
2025-06-02 20:13:11.664005,256,13.333333333333334,73,-99.0,-99.015625,21,1616.5,0,11.0,40,14.901960784313726,3,195.2,5,545,0,7620,52.156862745098046,255,13863,0.949462890625,516256,13.4,0.91070556640625,5.490196078431373,15.686274509803921,15.294117647058824,7.8431372549019605,24.313725490196077,1,-99.0,-99.0,8160,
2025-06-02 20:13:11.696569,256,13.333333333333334,73,-99.0,-99.015625,21,1616.5,0,11.0,40,14.117647058823529,3,195.2,5,545,0,7620,52.156862745098046,255,13863,0.949462890625,516256,13.4,0.91070556640625,5.490196078431373,15.686274509803921,15.294117647058824,7.8431372549019605,24.313725490196077,1,-99.0,-99.0,8160,
2025-06-02 20:13:11.731404,256,13.333333333333334,73,-99.0,-99.015625,21,1616.5,0,11.0,40,14.117647058823529,3,195.2,5,545,0,7620,52.156862745098046,255,13863,0.949462890625,516256,13.4,0.91070556640625,5.490196078431373,15.686274509803921,15.294117647058824,7.8431372549019605,24.313725490196077,1,-99.0,-99.0,8160,
2025-06-02 20:13:11.760490,256,13.333333333333334,73,-99.0,-99.015625,21,1616.5,0,11.0,40,14.117647058823529,3,195.2,5,545,0,7620,52.156862745098046,255,13863,0.949462890625,516256,13.4,0.91070556640625,5.490196078431373,15.686274509803921,15.294117647058824,7.8431372549019605,24.313725490196077,1,-99.0,-99.0,8160,
2025-06-02 20:13:11.789817,256,12.941176470588237,73,-99.0,-99.015625,21,1616.5,0,11.0,40,14.117647058823529,3,195.2,5,545,0,7620,52.156862745098046,255,13863,0.949462890625,516256,13.4,0.91070556640625,5.490196078431373,15.686274509803921,15.294117647058824,7.8431372549019605,5.88235294117647,1,-99.0,-99.0,8160,
2025-06-02 20:13:11.819497,256,12.941176470588237,73,-99.0,-99.015625,21,1518.0,0,11.0,40,14.117647058823529,3,195.2,5,545,0,7620,52.156862745098046,255,13863,0.949462890625,516256,13.4,0.91070556640625,5.490196078431373,15.686274509803921,15.294117647058824,7.8431372549019605,5.88235294117647,1,-99.0,-99.0,8160,
2025-06-02 20:13:11.851753,256,12.941176470588237,73,-99.0,-99.015625,21,1518.0,0,10.0,40,14.117647058823529,3,195.2,5,545,0,7620,52.156862745098046,255,13863,0.949462890625,516256,13.4,0.91070556640625,5.490196078431373,15.686274509803921,15.294117647058824,7.8431372549019605,5.88235294117647,1,-99.0,-99.0,8160,
2025-06-02 20:13:11.885209,256,12.941176470588237,73,-99.0,-99.015625,21,1518.0,0,10.0,40,14.117647058823529,3,195.2,5,545,0,7620,52.156862745098046,255,13863,0.949462890625,516256,13.4,0.91070556640625,4.705882352941177,15.294117647058824,15.294117647058824,7.8431372549019605,5.88235294117647,1,-99.0,-99.0,8160,
2025-06-02 20:13:11.919593,256,12.941176470588237,73,-99.0,-99.015625,21,1518.0,0,10.0,40,14.117647058823529,3,195.2,5,545,0,7620,52.156862745098046,255,13863,0.949462890625,516256,13.4,0.91070556640625,4.705882352941177,15.294117647058824,15.294117647058824,7.8431372549019605,5.88235294117647,1,-99.0,-99.0,8160,
2025-06-02 20:13:11.956430,256,12.549019607843137,73,-99.0,-99.015625,21,1518.0,0,10.0,40,14.117647058823529,3,195.2,5,545,0,7620,52.156862745098046,255,13863,0.949462890625,516256,13.4,0.91070556640625,4.705882352941177,15.294117647058824,15.294117647058824,7.8431372549019605,5.88235294117647,1,-99.0,-99.0,8160,
2025-06-02 20:13:11.987415,256,12.549019607843137,73,-99.0,-99.015625,21,1418.5,0,13.0,40,14.117647058823529,3,195.2,5,545,0,7620,52.156862745098046,255,13863,0.949462890625,516256,13.4,0.91070556640625,4.705882352941177,15.294117647058824,15.294117647058824,7.8431372549019605,5.88235294117647,1,-99.0,-99.0,8160,
2025-06-02 20:13:12.020663,256,12.549019607843137,73,-99.0,-99.015625,21,1418.5,0,13.0,40,14.117647058823529,3,195.2,5,545,0,7620,52.156862745098046,255,13863,0.949462890625,516256,13.4,0.91070556640625,5.098039215686274,15.294117647058824,15.294117647058824,7.8431372549019605,5.88235294117647,1,-99.0,-99.0,8160,
2025-06-02 20:13:12.055163,256,12.549019607843137,73,-99.0,-99.015625,21,1418.5,0,13.0,40,14.117647058823529,3,195.2,5,545,0,7620,52.156862745098046,255,13863,0.949462890625,516256,13.4,0.91070556640625,5.098039215686274,15.294117647058824,15.294117647058824,7.8431372549019605,5.88235294117647,1,-99.0,-99.0,8160,
2025-06-02 20:13:12.088860,256,12.549019607843137,73,-99.0,-99.015625,21,1418.5,0,13.0,40,14.117647058823529,3,195.2,5,545,0,7620,52.156862745098046,255,13863,0.949462890625,516256,13.4,0.91070556640625,5.098039215686274,15.294117647058824,15.294117647058824,7.8431372549019605,5.88235294117647,1,-99.0,-99.0,8160,
2025-06-02 20:13:12.123121,256,12.549019607843137,73,-99.0,-99.015625,21,1418.5,0,14.5,40,14.117647058823529,3,195.2,5,545,0,7620,52.156862745098046,255,13863,0.949462890625,516256,13.4,0.91070556640625,5.098039215686274,15.294117647058824,15.294117647058824,7.8431372549019605,5.88235294117647,1,-99.0,-99.0,8160,
2025-06-02 20:13:12.157474,256,12.549019607843137,73,-99.0,-99.015625,21,1418.5,0,14.5,40,14.117647058823529,3,195.2,5,545,0,7620,52.156862745098046,255,13863,0.949462890625,516256,13.4,0.91070556640625,4.705882352941177,14.901960784313726,15.294117647058824,7.8431372549019605,5.88235294117647,1,-99.0,-99.0,8160,
2025-06-02 20:13:12.193443,256,12.549019607843137,73,-99.0,-99.015625,21,1418.5,0,14.5,40,14.117647058823529,3,195.2,5,545,0,7620,52.156862745098046,255,13863,0.949462890625,516256,13.4,0.91070556640625,4.705882352941177,14.901960784313726,15.294117647058824,7.8431372549019605,5.88235294117647,1,-99.0,-99.0,8160,
2025-06-02 20:13:12.233248,256,12.549019607843137,73,-99.0,-99.015625,21,1418.5,0,14.5,40,14.117647058823529,3,195.2,5,545,0,7620,52.156862745098046,255,13863,0.949462890625,516256,13.4,0.91070556640625,4.705882352941177,14.901960784313726,15.294117647058824,7.8431372549019605,5.490196078431373,1,-99.0,-99.0,8160,
2025-06-02 20:13:12.265784,256,12.549019607843137,73,-99.0,-99.015625,21,1418.5,0,14.5,40,14.117647058823529,3,195.2,5,545,0,7620,52.156862745098046,255,13863,0.949462890625,516256,13.4,0.91070556640625,4.705882352941177,14.901960784313726,15.294117647058824,7.8431372549019605,5.490196078431373,1,-99.0,-99.0,8160,
2025-06-02 20:13:12.295290,256,12.549019607843137,73,-99.0,-99.015625,21,1418.5,0,14.5,40,14.117647058823529,3,195.2,5,545,0,7620,52.156862745098046,255,13863,0.949462890625,516256,13.4,0.91070556640625,4.705882352941177,14.901960784313726,15.294117647058824,7.8431372549019605,5.490196078431373,1,-99.0,-99.0,8160,
2025-06-02 20:13:12.328407,256,12.549019607843137,73,-99.0,-99.015625,59,1255.75,0,14.5,40,14.117647058823529,3,195.2,5,545,0,7620,52.156862745098046,255,13863,0.949462890625,516256,13.4,0.91070556640625,4.705882352941177,14.901960784313726,15.294117647058824,7.8431372549019605,5.490196078431373,1,-99.0,-99.0,8160,
2025-06-02 20:13:12.364209,256,12.549019607843137,73,-99.0,-99.015625,59,1255.75,0,14.5,40,14.117647058823529,3,195.2,5,545,0,7620,52.156862745098046,255,13863,0.949462890625,516256,13.4,0.91070556640625,4.705882352941177,14.901960784313726,15.294117647058824,7.8431372549019605,5.490196078431373,1,-99.0,-99.0,8160,
2025-06-02 20:13:12.401182,256,12.549019607843137,73,-99.0,-99.015625,59,1255.75,0,21.0,40,14.117647058823529,3,195.2,5,545,0,7620,52.156862745098046,255,13863,0.949462890625,516256,13.4,0.91070556640625,4.705882352941177,14.901960784313726,15.294117647058824,7.8431372549019605,5.490196078431373,1,-99.0,-99.0,8160,
2025-06-02 20:13:12.434523,256,12.549019607843137,73,-99.0,-99.015625,59,1255.75,0,21.0,40,14.117647058823529,3,195.2,5,545,0,7620,52.156862745098046,255,13863,0.949462890625,516256,13.4,0.907318115234375,17.647058823529413,27.84313725490196,15.294117647058824,7.8431372549019605,5.490196078431373,1,-99.0,-99.0,8160,
2025-06-02 20:13:12.466108,256,12.549019607843137,73,-99.0,-99.015625,59,1255.75,0,21.0,40,14.117647058823529,3,195.2,5,545,0,7620,52.156862745098046,255,13863,0.949462890625,516256,13.4,0.907318115234375,17.647058823529413,27.84313725490196,26.666666666666668,7.8431372549019605,5.490196078431373,1,-99.0,-99.0,8160,
2025-06-02 20:13:12.498058,256,71.76470588235294,73,-99.0,-99.015625,59,1255.75,0,21.0,40,14.117647058823529,3,195.2,5,545,0,7620,52.156862745098046,255,13863,0.949462890625,516256,13.4,0.907318115234375,17.647058823529413,27.84313725490196,26.666666666666668,7.8431372549019605,0.0,1,-99.0,-99.0,8160,
2025-06-02 20:13:12.532052,256,71.76470588235294,73,-99.0,-99.015625,59,1495.25,0,-14.5,40,14.117647058823529,3,195.2,5,545,0,7620,52.156862745098046,255,13863,0.949462890625,516256,13.4,0.907318115234375,17.647058823529413,27.84313725490196,26.666666666666668,7.8431372549019605,0.0,1,-99.0,-99.0,8160,
2025-06-02 20:13:12.564044,256,71.76470588235294,73,-99.0,-99.015625,59,1495.25,0,-14.5,40,14.117647058823529,3,195.2,5,545,0,7620,52.156862745098046,255,13863,0.949462890625,516256,13.4,0.907318115234375,17.647058823529413,27.84313725490196,26.666666666666668,7.8431372549019605,0.0,1,-99.0,-99.0,8160,
2025-06-02 20:13:12.594599,256,71.76470588235294,73,-99.0,-99.015625,59,1495.25,0,-14.5,40,14.117647058823529,3,195.2,5,545,0,7620,52.156862745098046,255,13863,0.949462890625,516256,13.4,0.90704345703125,0.39215686274509803,27.84313725490196,26.666666666666668,7.8431372549019605,0.0,1,-99.0,-99.0,8160,
2025-06-02 20:13:12.627682,256,71.76470588235294,73,-99.0,-99.015625,59,1495.25,0,-14.5,40,14.117647058823529,3,195.2,5,545,0,7620,52.156862745098046,255,13863,0.949462890625,516256,13.4,0.90704345703125,0.39215686274509803,27.84313725490196,33.72549019607843,16.862745098039216,0.0,1,-99.0,-99.0,8160,
2025-06-02 20:13:12.662725,256,71.76470588235294,73,-99.0,-99.015625,59,1495.25,0,-14.5,40,14.117647058823529,3,195.2,5,545,0,7620,52.156862745098046,255,13863,0.949462890625,516256,13.4,0.90704345703125,0.39215686274509803,27.84313725490196,33.72549019607843,16.862745098039216,0.0,1,-99.0,-99.0,8160,
2025-06-02 20:13:12.695516,512,48.23529411764706,73,-99.0,-99.015625,59,1495.25,0,-14.5,40,14.117647058823529,3,195.2,5,545,0,7620,52.156862745098046,255,13863,0.949462890625,516256,13.4,0.90704345703125,0.39215686274509803,27.84313725490196,33.72549019607843,16.862745098039216,0.0,1,-99.0,-99.0,8160,
2025-06-02 20:13:12.727891,512,48.23529411764706,73,-99.0,-99.015625,98,1660.75,0,-14.5,40,14.117647058823529,3,195.2,5,545,0,7620,52.156862745098046,255,13863,0.949462890625,516256,13.4,0.90704345703125,0.39215686274509803,27.84313725490196,33.72549019607843,16.862745098039216,0.0,1,-99.0,-99.0,8160,
2025-06-02 20:13:12.766471,512,48.23529411764706,73,-99.0,-99.015625,98,1660.75,0,-14.5,40,14.117647058823529,3,195.2,5,545,0,7620,52.156862745098046,255,13863,0.949462890625,516256,13.4,0.90704345703125,0.39215686274509803,27.84313725490196,33.72549019607843,16.862745098039216,0.0,1,-99.0,-99.0,8160,
2025-06-02 20:13:12.796874,512,48.23529411764706,73,-99.0,-99.015625,98,1660.75,0,-2.5,40,14.117647058823529,3,195.2,5,545,0,7620,52.156862745098046,255,13863,0.949462890625,516256,13.4,0.90704345703125,0.39215686274509803,27.84313725490196,33.72549019607843,16.862745098039216,0.0,1,-99.0,-99.0,8160,
2025-06-02 20:13:12.823096,512,48.23529411764706,73,-99.0,-99.015625,98,1660.75,0,-2.5,40,14.117647058823529,3,195.2,5,545,0,7620,52.156862745098046,255,13863,0.949462890625,516256,13.4,0.906158447265625,6.2745098039215685,14.901960784313726,33.72549019607843,16.862745098039216,0.0,1,-99.0,-99.0,8160,
2025-06-02 20:13:12.851451,512,48.23529411764706,73,-99.0,-99.015625,98,1660.75,0,-2.5,40,14.117647058823529,3,195.2,5,545,0,7620,52.156862745098046,255,13863,0.949462890625,516256,13.4,0.906158447265625,6.2745098039215685,14.901960784313726,15.294117647058824,16.862745098039216,0.0,1,-99.0,-99.0,8160,
2025-06-02 20:13:12.881443,1024,61.1764705882353,73,-99.0,-99.015625,98,1660.75,0,-2.5,40,14.117647058823529,3,195.2,5,545,0,7620,52.156862745098046,255,13863,0.949462890625,516256,13.4,0.906158447265625,6.2745098039215685,14.901960784313726,15.294117647058824,16.862745098039216,0.0,1,-99.0,-99.0,8160,
2025-06-02 20:13:12.910502,1024,61.1764705882353,73,-99.0,-99.015625,98,1660.75,0,-2.5,40,14.117647058823529,3,195.2,5,545,0,7620,52.156862745098046,255,13863,0.949462890625,516256,13.4,0.906158447265625,6.2745098039215685,14.901960784313726,15.294117647058824,16.862745098039216,0.0,1,-99.0,-99.0,8160,
2025-06-02 20:13:12.944518,1024,61.1764705882353,73,-99.0,-99.015625,98,1774.25,0,-7.0,40,9.411764705882353,3,195.2,5,545,0,7620,52.156862745098046,255,13863,0.949462890625,516256,13.4,0.906158447265625,6.2745098039215685,14.901960784313726,15.294117647058824,16.862745098039216,0.0,1,-99.0,-99.0,8160,
2025-06-02 20:13:12.975914,1024,61.1764705882353,73,-99.0,-99.015625,98,1774.25,0,-7.0,40,9.411764705882353,3,195.2,5,545,0,7620,52.156862745098046,255,13863,0.949462890625,516256,13.4,1.000579833984375,6.2745098039215685,10.588235294117647,15.294117647058824,16.862745098039216,0.0,1,-99.0,-99.0,8160,
2025-06-02 20:13:13.010169,1024,61.1764705882353,73,-99.0,-99.015625,98,1774.25,0,-7.0,40,9.411764705882353,3,195.2,5,545,0,7620,52.156862745098046,255,13863,0.949462890625,516256,13.4,1.000579833984375,6.2745098039215685,10.588235294117647,15.294117647058824,16.862745098039216,0.0,1,-99.0,-99.0,8160,
2025-06-02 20:13:13.041186,256,61.1764705882353,73,-99.0,-99.015625,98,1774.25,0,-7.0,40,9.411764705882353,3,195.2,5,545,0,7620,52.156862745098046,255,13863,0.949462890625,516256,13.4,1.000579833984375,6.2745098039215685,10.588235294117647,15.294117647058824,16.862745098039216,0.0,1,-99.0,-99.0,8160,
2025-06-02 20:13:13.069790,256,61.1764705882353,73,-99.0,-99.015625,98,1774.25,0,-7.0,40,9.411764705882353,3,195.2,5,545,0,7620,52.156862745098046,255,13863,0.949462890625,516256,13.4,1.000579833984375,6.2745098039215685,10.588235294117647,15.294117647058824,16.862745098039216,0.0,1,-99.0,-99.0,8160,
2025-06-02 20:13:13.099684,256,61.1764705882353,73,-99.0,-99.015625,31,1637.5,0,-7.0,40,9.411764705882353,3,195.2,5,545,0,7620,52.156862745098046,255,13863,0.949462890625,516256,13.4,1.000579833984375,6.2745098039215685,10.588235294117647,15.294117647058824,16.862745098039216,0.0,1,-99.0,-99.0,8160,
2025-06-02 20:13:13.128796,256,61.1764705882353,73,-99.0,-99.015625,31,1637.5,0,-7.0,40,9.411764705882353,3,195.2,5,545,0,7620,52.156862745098046,255,13863,0.949462890625,516256,13.4,0.91070556640625,0.39215686274509803,10.588235294117647,15.294117647058824,16.862745098039216,0.0,1,-99.0,-99.0,8160,
2025-06-02 20:13:13.154739,256,61.1764705882353,73,-99.0,-99.015625,31,1637.5,0,-7.0,40,9.411764705882353,3,195.2,5,545,0,7620,52.156862745098046,255,13863,0.949462890625,516256,13.4,0.91070556640625,0.39215686274509803,10.588235294117647,15.294117647058824,16.862745098039216,0.0,1,-99.0,-99.0,8160,
2025-06-02 20:13:13.183034,256,61.1764705882353,73,-99.0,-99.015625,31,1637.5,0,-7.0,40,9.411764705882353,3,195.2,5,545,0,7620,52.156862745098046,255,13863,0.949462890625,516256,13.4,0.91070556640625,0.39215686274509803,10.588235294117647,15.294117647058824,16.862745098039216,4.313725490196078,1,-99.0,-99.0,8160,
2025-06-02 20:13:13.211538,256,61.1764705882353,73,-99.0,-99.015625,31,1637.5,0,-7.0,40,9.411764705882353,3,195.2,5,545,0,7620,52.156862745098046,255,13863,0.949462890625,516256,13.4,0.91070556640625,0.39215686274509803,10.588235294117647,15.294117647058824,16.862745098039216,4.313725490196078,1,-99.0,-99.0,8160,
2025-06-02 20:13:13.244893,256,61.1764705882353,73,-99.0,-99.015625,23,1342.25,0,-7.0,40,9.411764705882353,3,195.2,5,545,0,7620,52.156862745098046,255,13863,0.949462890625,516256,13.4,0.91070556640625,0.39215686274509803,10.588235294117647,15.294117647058824,16.862745098039216,4.313725490196078,1,-99.0,-99.0,8160,
2025-06-02 20:13:13.272942,256,61.1764705882353,73,-99.0,-99.015625,23,1342.25,0,-7.0,40,12.941176470588237,3,195.2,5,545,0,7620,52.156862745098046,255,13863,0.949462890625,516256,13.4,0.91070556640625,0.39215686274509803,10.588235294117647,15.294117647058824,16.862745098039216,4.313725490196078,1,-99.0,-99.0,8160,
2025-06-02 20:13:13.303796,256,61.1764705882353,73,-99.0,-99.015625,23,1342.25,0,-7.0,40,12.941176470588237,3,195.2,5,545,0,7620,52.156862745098046,255,13863,0.949462890625,516256,13.4,0.91070556640625,4.313725490196078,15.686274509803921,20.0,10.196078431372548,20.0,1,-99.0,-99.0,8160,
2025-06-02 20:13:13.332393,256,15.294117647058824,73,-99.0,-99.015625,28,1342.25,0,-7.0,40,12.941176470588237,3,195.2,5,545,0,7620,52.156862745098046,255,13863,0.949462890625,516256,13.4,0.91070556640625,4.313725490196078,15.686274509803921,20.0,10.196078431372548,20.0,1,-99.0,-99.0,8160,
2025-06-02 20:13:13.361183,256,15.294117647058824,73,-99.0,-99.015625,28,1342.25,0,-7.0,40,12.941176470588237,3,195.2,5,545,0,7620,52.156862745098046,255,13863,0.949462890625,516256,13.4,0.91070556640625,4.313725490196078,15.686274509803921,20.0,10.196078431372548,20.0,1,-99.0,-99.0,8160,
2025-06-02 20:13:13.392761,256,15.294117647058824,73,-99.0,-99.015625,28,1342.25,0,31.5,40,12.941176470588237,3,195.2,5,545,0,7620,52.156862745098046,255,13863,0.949462890625,516256,13.4,0.91070556640625,4.313725490196078,15.686274509803921,20.0,10.196078431372548,20.0,1,-99.0,-99.0,8160,
2025-06-02 20:13:13.422194,256,15.294117647058824,73,-99.0,-99.015625,28,1342.25,0,31.5,40,12.941176470588237,3,195.2,5,545,0,7620,52.156862745098046,255,13863,0.949462890625,516256,13.4,0.9091796875,4.313725490196078,15.686274509803921,20.0,10.196078431372548,20.0,1,-99.0,-99.0,8160,
2025-06-02 20:13:13.451620,256,15.294117647058824,73,-99.0,-99.015625,28,1342.25,0,31.5,40,12.941176470588237,3,195.2,5,545,0,7620,52.156862745098046,255,13863,0.949462890625,516256,13.4,0.9091796875,4.313725490196078,15.686274509803921,20.0,10.196078431372548,20.0,1,-99.0,-99.0,8160,
2025-06-02 20:13:13.488561,256,15.294117647058824,73,-99.0,-99.015625,28,1342.25,0,31.5,40,12.941176470588237,3,195.2,5,545,0,7620,52.156862745098046,255,13863,0.949462890625,516256,13.4,0.9091796875,4.313725490196078,27.84313725490196,33.33333333333333,16.470588235294116,20.0,1,-99.0,-99.0,8160,
2025-06-02 20:13:13.519724,256,79.2156862745098,73,-99.0,-99.015625,89,1328.5,0,31.5,40,12.941176470588237,3,195.2,5,545,0,7620,52.156862745098046,255,13863,0.949462890625,516256,13.4,0.9091796875,4.313725490196078,27.84313725490196,33.33333333333333,16.470588235294116,21.176470588235293,1,-99.0,-99.0,8160,
2025-06-02 20:13:13.552154,256,79.2156862745098,73,-99.0,-99.015625,89,1328.5,0,-9.0,40,20.392156862745097,3,195.2,5,545,0,7620,52.156862745098046,255,13863,0.949462890625,516256,13.4,0.9091796875,4.313725490196078,27.84313725490196,33.33333333333333,16.470588235294116,21.176470588235293,1,-99.0,-99.0,8160,
2025-06-02 20:13:13.579137,256,79.2156862745098,73,-99.0,-99.015625,89,1328.5,0,-9.0,40,20.392156862745097,3,195.2,5,545,0,7620,52.156862745098046,255,13863,0.949462890625,516256,13.4,0.9091796875,3.1372549019607843,12.941176470588237,20.392156862745097,16.470588235294116,21.176470588235293,1,-99.0,-99.0,8160,
2025-06-02 20:13:13.613854,256,79.2156862745098,73,-99.0,-99.015625,89,1328.5,0,-9.0,40,20.392156862745097,3,195.2,5,545,0,7620,52.156862745098046,255,13863,0.949462890625,516256,13.4,0.9091796875,3.1372549019607843,12.941176470588237,20.392156862745097,16.470588235294116,21.176470588235293,1,-99.0,-99.0,8160,
2025-06-02 20:13:13.644891,256,58.82352941176471,73,-99.0,-99.015625,60,1432.0,0,-9.0,40,20.392156862745097,3,195.2,5,545,0,7620,52.156862745098046,255,13863,0.949462890625,516256,13.4,0.9091796875,3.1372549019607843,12.941176470588237,20.392156862745097,16.470588235294116,0.0,1,-99.0,-99.0,8160,
2025-06-02 20:13:13.676462,256,58.82352941176471,73,-99.0,-99.015625,60,1432.0,0,-9.0,40,9.411764705882353,3,195.2,5,545,0,7620,52.156862745098046,255,13863,0.949462890625,516256,13.4,0.9091796875,3.1372549019607843,12.941176470588237,20.392156862745097,16.470588235294116,0.0,1,-99.0,-99.0,8160,
2025-06-02 20:13:13.710944,256,58.82352941176471,73,-99.0,-99.015625,60,1432.0,0,-9.0,40,9.411764705882353,3,195.2,5,545,0,7620,52.156862745098046,255,13863,0.949462890625,516256,13.4,0.907501220703125,0.39215686274509803,10.588235294117647,17.254901960784313,8.627450980392156,0.0,1,-99.0,-99.0,8160,
2025-06-02 20:13:13.743834,512,43.529411764705884,73,-99.0,-99.015625,60,1432.0,0,-9.0,40,9.411764705882353,3,195.2,5,545,0,7620,52.156862745098046,255,13863,0.949462890625,516256,13.4,0.907501220703125,0.39215686274509803,10.588235294117647,17.254901960784313,8.627450980392156,0.0,1,-99.0,-99.0,8160,
2025-06-02 20:13:13.776925,512,43.529411764705884,73,-99.0,-99.015625,60,1304.25,0,-9.0,40,9.411764705882353,3,195.2,5,545,0,7620,52.156862745098046,255,13863,0.949462890625,516256,13.4,0.907501220703125,0.39215686274509803,10.588235294117647,17.254901960784313,8.627450980392156,0.0,1,-99.0,-99.0,8160,
2025-06-02 20:13:13.809873,512,43.529411764705884,73,-99.0,-99.015625,60,1304.25,0,20.5,40,18.823529411764707,3,195.2,5,545,0,7620,52.156862745098046,255,13863,0.949462890625,516256,13.4,0.90911865234375,12.549019607843137,10.588235294117647,17.254901960784313,8.627450980392156,0.0,1,-99.0,-99.0,8160,
2025-06-02 20:13:13.845678,512,43.529411764705884,73,-99.0,-99.015625,60,1304.25,0,20.5,40,18.823529411764707,3,195.2,5,545,0,7620,52.156862745098046,255,13863,0.949462890625,516256,13.4,0.90911865234375,12.549019607843137,10.588235294117647,17.254901960784313,8.627450980392156,0.0,1,-99.0,-99.0,8160,
2025-06-02 20:13:13.892696,512,43.529411764705884,73,-99.0,-99.015625,60,1304.25,0,20.5,40,18.823529411764707,3,195.2,5,545,0,7620,52.156862745098046,255,13863,0.949462890625,516256,13.4,0.90911865234375,12.549019607843137,10.588235294117647,17.254901960784313,19.215686274509807,31.372549019607842,1,-99.0,-99.0,8160,
2025-06-02 20:13:13.921276,512,49.80392156862745,73,-99.0,-99.015625,60,1304.25,0,20.5,40,18.823529411764707,3,195.2,5,545,0,7620,52.156862745098046,255,13863,0.949462890625,516256,13.4,0.90911865234375,12.549019607843137,10.588235294117647,17.254901960784313,19.215686274509807,31.372549019607842,1,-99.0,-99.0,8160,
2025-06-02 20:13:13.949949,512,49.80392156862745,73,-99.0,-99.015625,60,1304.25,0,20.5,40,18.823529411764707,3,195.2,5,545,0,7620,52.156862745098046,255,13863,0.949462890625,516256,13.4,0.90911865234375,12.549019607843137,10.588235294117647,17.254901960784313,19.215686274509807,31.372549019607842,1,-99.0,-99.0,8160,
2025-06-02 20:13:13.977335,512,49.80392156862745,73,-99.0,-99.015625,60,1304.25,0,-7.5,40,18.823529411764707,3,195.2,5,545,0,7620,52.156862745098046,255,13863,0.949462890625,516256,13.4,0.90911865234375,12.549019607843137,10.588235294117647,17.254901960784313,19.215686274509807,31.372549019607842,1,-99.0,-99.0,8160,
2025-06-02 20:13:14.008199,512,49.80392156862745,73,-99.0,-99.015625,60,1304.25,0,-7.5,40,18.823529411764707,3,195.2,5,545,0,7620,52.156862745098046,255,13863,0.949462890625,516256,13.4,0.90911865234375,12.549019607843137,10.588235294117647,17.254901960784313,19.215686274509807,31.372549019607842,1,-99.0,-99.0,8160,
2025-06-02 20:13:14.033211,512,49.80392156862745,73,-99.0,-99.015625,60,1304.25,0,-7.5,40,18.823529411764707,3,195.2,5,545,0,7620,52.156862745098046,255,13863,0.949462890625,516256,13.4,0.90911865234375,12.549019607843137,10.588235294117647,17.254901960784313,19.215686274509807,31.372549019607842,1,-99.0,-99.0,8160,
2025-06-02 20:13:14.061006,512,49.80392156862745,73,-99.0,-99.015625,60,1304.25,0,-7.5,40,18.823529411764707,3,195.2,5,545,0,7620,52.156862745098046,255,13863,0.949462890625,516256,13.4,0.90911865234375,12.549019607843137,10.588235294117647,17.254901960784313,19.215686274509807,31.372549019607842,1,-99.0,-99.0,8160,
2025-06-02 20:13:14.089404,512,49.80392156862745,73,-99.0,-99.015625,60,1304.25,0,-7.5,40,18.823529411764707,3,195.2,5,545,0,7620,52.156862745098046,255,13863,0.949462890625,516256,13.4,0.90911865234375,1.1764705882352942,11.372549019607844,15.294117647058824,19.215686274509807,31.372549019607842,1,-99.0,-99.0,8160,
2025-06-02 20:13:14.115921,512,49.80392156862745,73,-99.0,-99.015625,60,1304.25,0,-7.5,40,18.823529411764707,3,195.2,5,545,0,7620,52.156862745098046,255,13863,0.949462890625,516256,13.4,0.90911865234375,1.1764705882352942,11.372549019607844,15.294117647058824,19.215686274509807,31.372549019607842,1,-99.0,-99.0,8160,
2025-06-02 20:13:14.144378,512,49.80392156862745,73,-99.0,-99.015625,60,1304.25,0,-7.5,40,18.823529411764707,3,195.2,5,545,0,7620,52.156862745098046,255,13863,0.949462890625,516256,13.4,0.90911865234375,1.1764705882352942,11.372549019607844,15.294117647058824,19.215686274509807,0.0,1,-99.0,-99.0,8160,
2025-06-02 20:13:14.170585,512,49.80392156862745,73,-99.0,-99.015625,60,1304.25,0,-7.5,40,18.823529411764707,3,195.2,5,545,0,7620,52.156862745098046,255,13863,0.949462890625,516256,13.4,0.90911865234375,1.1764705882352942,11.372549019607844,15.294117647058824,19.215686274509807,0.0,1,-99.0,-99.0,8160,
2025-06-02 20:13:14.200995,512,49.80392156862745,73,-99.0,-99.015625,60,1304.25,0,-7.5,40,18.823529411764707,3,195.2,5,545,0,7620,52.156862745098046,255,13863,0.949462890625,516256,13.4,0.90911865234375,1.1764705882352942,11.372549019607844,15.294117647058824,19.215686274509807,0.0,1,-99.0,-99.0,8160,
2025-06-02 20:13:14.231946,512,49.80392156862745,73,-99.0,-99.015625,37,1676.0,0,-7.5,40,18.823529411764707,3,195.2,5,545,0,7620,52.156862745098046,255,13863,0.949462890625,516256,13.4,0.90911865234375,1.1764705882352942,11.372549019607844,15.294117647058824,19.215686274509807,0.0,1,-99.0,-99.0,8160,
2025-06-02 20:13:14.262502,512,49.80392156862745,73,-99.0,-99.015625,37,1676.0,0,-7.5,40,18.823529411764707,3,195.2,5,545,0,7620,52.156862745098046,255,13863,0.949462890625,516256,13.4,0.90911865234375,1.1764705882352942,11.372549019607844,15.294117647058824,19.215686274509807,0.0,1,-99.0,-99.0,8160,
2025-06-02 20:13:14.291696,512,49.80392156862745,73,-99.0,-99.015625,37,1676.0,0,-7.5,40,9.411764705882353,3,195.2,5,545,0,7620,52.156862745098046,255,13863,0.949462890625,516256,13.4,0.90911865234375,1.1764705882352942,11.372549019607844,15.294117647058824,19.215686274509807,0.0,1,-99.0,-99.0,8160,
2025-06-02 20:13:14.320565,512,49.80392156862745,73,-99.0,-99.015625,37,1676.0,0,-7.5,40,9.411764705882353,3,195.2,5,545,0,7620,52.156862745098046,255,13863,0.949462890625,516256,13.4,0.90911865234375,0.39215686274509803,11.372549019607844,15.294117647058824,19.215686274509807,0.0,1,-99.0,-99.0,8160,
2025-06-02 20:13:14.349522,512,49.80392156862745,73,-99.0,-99.015625,37,1676.0,0,-7.5,40,9.411764705882353,3,195.2,5,545,0,7620,52.156862745098046,255,13863,0.949462890625,516256,13.4,0.90911865234375,0.39215686274509803,11.372549019607844,15.294117647058824,19.215686274509807,0.0,1,-99.0,-99.0,8160,
2025-06-02 20:13:14.377538,512,49.80392156862745,73,-99.0,-99.015625,37,1676.0,0,-7.5,40,9.411764705882353,3,195.2,5,545,0,7620,52.156862745098046,255,13863,0.949462890625,516256,13.4,0.90911865234375,0.39215686274509803,11.372549019607844,15.294117647058824,7.8431372549019605,0.0,1,-99.0,-99.0,8160,
2025-06-02 20:13:14.409769,512,49.80392156862745,73,-99.0,-99.015625,37,1676.0,0,-7.5,40,9.411764705882353,3,195.2,5,545,0,7620,52.156862745098046,255,13863,0.949462890625,516256,13.4,0.90911865234375,0.39215686274509803,11.372549019607844,15.294117647058824,7.8431372549019605,3.5294117647058822,1,-99.0,-99.0,8160,
2025-06-02 20:13:14.444074,512,49.80392156862745,73,-99.0,-99.015625,37,1676.0,0,-7.5,40,9.411764705882353,3,195.2,5,545,0,7620,52.156862745098046,255,13863,0.949462890625,516256,13.4,0.90911865234375,0.39215686274509803,11.372549019607844,15.294117647058824,7.8431372549019605,3.5294117647058822,1,-99.0,-99.0,8160,
2025-06-02 20:13:14.477092,512,49.80392156862745,73,-99.0,-99.015625,37,1272.5,0,-7.5,40,9.411764705882353,3,195.2,5,545,0,7620,52.156862745098046,255,13863,0.949462890625,516256,13.4,0.90911865234375,0.39215686274509803,11.372549019607844,15.294117647058824,7.8431372549019605,3.5294117647058822,1,-99.0,-99.0,8160,
2025-06-02 20:13:14.505261,512,49.80392156862745,73,-99.0,-99.015625,37,1272.5,0,-7.5,40,9.411764705882353,3,195.2,5,545,0,7620,52.156862745098046,255,13863,0.949462890625,516256,13.4,0.90911865234375,0.39215686274509803,11.372549019607844,15.294117647058824,7.8431372549019605,3.5294117647058822,1,-99.0,-99.0,8160,
2025-06-02 20:13:14.531030,512,49.80392156862745,73,-99.0,-99.015625,37,1272.5,0,-7.5,40,14.117647058823529,3,195.2,5,545,0,7620,52.156862745098046,255,13863,0.949462890625,516256,13.4,1.001922607421875,0.39215686274509803,11.372549019607844,15.294117647058824,7.8431372549019605,3.5294117647058822,1,-99.0,-99.0,8160,
2025-06-02 20:13:14.560802,512,49.80392156862745,73,-99.0,-99.015625,37,1272.5,0,-7.5,40,14.117647058823529,3,195.2,5,545,0,7620,52.156862745098046,255,13863,0.949462890625,516256,13.4,1.001922607421875,4.705882352941177,14.901960784313726,15.294117647058824,7.8431372549019605,5.098039215686274,1,-99.0,-99.0,8160,
2025-06-02 20:13:14.589099,512,49.80392156862745,73,-99.0,-99.015625,24,1272.5,0,-7.5,40,14.117647058823529,3,195.2,5,545,0,7620,52.156862745098046,255,13863,0.949462890625,516256,13.4,1.001922607421875,4.705882352941177,14.901960784313726,15.294117647058824,7.8431372549019605,5.098039215686274,1,-99.0,-99.0,8160,
2025-06-02 20:13:14.624584,512,49.80392156862745,73,-99.0,-99.015625,24,1272.5,0,-7.5,40,14.117647058823529,3,195.2,5,545,0,7620,52.156862745098046,255,13863,0.949462890625,516256,13.4,1.001922607421875,4.705882352941177,14.901960784313726,15.294117647058824,7.8431372549019605,5.098039215686274,1,-99.0,-99.0,8160,
2025-06-02 20:13:14.653638,512,49.80392156862745,73,-99.0,-99.015625,24,1272.5,0,-7.5,40,14.117647058823529,3,195.2,5,545,0,7620,52.156862745098046,255,13863,0.949462890625,516256,13.4,1.001922607421875,4.705882352941177,14.901960784313726,15.294117647058824,7.8431372549019605,5.098039215686274,1,-99.0,-99.0,8160,
2025-06-02 20:13:14.685089,512,49.80392156862745,73,-99.0,-99.015625,24,1272.5,0,-7.5,40,14.117647058823529,3,195.2,5,545,0,7620,52.156862745098046,255,13863,0.949462890625,516256,13.4,1.001922607421875,4.705882352941177,14.901960784313726,15.294117647058824,7.8431372549019605,5.098039215686274,1,-99.0,-99.0,8160,
2025-06-02 20:13:14.718183,512,49.80392156862745,73,-99.0,-99.015625,24,1272.5,0,-7.5,40,14.117647058823529,3,195.2,5,545,0,7620,52.156862745098046,255,13863,0.949462890625,516256,13.4,1.001922607421875,4.705882352941177,14.901960784313726,15.294117647058824,7.8431372549019605,5.098039215686274,1,-99.0,-99.0,8160,
2025-06-02 20:13:14.751754,512,49.80392156862745,73,-99.0,-99.015625,24,1272.5,0,-7.5,40,14.117647058823529,3,195.2,5,545,0,7620,52.156862745098046,255,13863,0.949462890625,516256,13.4,1.001922607421875,4.705882352941177,14.901960784313726,15.294117647058824,7.8431372549019605,5.098039215686274,1,-99.0,-99.0,8160,
2025-06-02 20:13:14.785174,512,49.80392156862745,73,-99.0,-99.015625,24,1272.5,0,-7.5,40,14.117647058823529,3,195.2,5,545,0,7620,52.156862745098046,255,13863,0.949462890625,516256,13.4,1.001922607421875,4.705882352941177,14.901960784313726,15.294117647058824,7.8431372549019605,5.098039215686274,1,-99.0,-99.0,8160,
2025-06-02 20:13:14.819580,512,49.80392156862745,73,-99.0,-99.015625,24,1272.5,0,-7.5,40,14.117647058823529,3,195.2,5,545,0,7620,52.156862745098046,255,13863,0.949462890625,516256,13.4,1.001922607421875,4.705882352941177,14.901960784313726,15.294117647058824,7.8431372549019605,5.098039215686274,1,-99.0,-99.0,8160,
2025-06-02 20:13:14.847335,512,49.80392156862745,73,-99.0,-99.015625,24,1272.5,0,-7.5,40,14.117647058823529,3,195.2,5,545,0,7620,52.156862745098046,255,13863,0.949462890625,516256,13.4,1.001922607421875,4.705882352941177,14.901960784313726,15.294117647058824,7.8431372549019605,5.098039215686274,1,-99.0,-99.0,8160,
2025-06-02 20:13:14.874949,512,49.80392156862745,73,-99.0,-99.015625,24,1272.5,0,-7.5,40,14.117647058823529,3,195.2,5,545,0,7620,52.156862745098046,255,13863,0.949462890625,516256,13.4,1.001922607421875,4.705882352941177,14.901960784313726,15.294117647058824,7.8431372549019605,5.098039215686274,1,-99.0,-99.0,8160,
2025-06-02 20:13:14.903452,512,49.80392156862745,73,-99.0,-99.015625,24,1272.5,0,-7.5,40,14.117647058823529,3,195.2,5,545,0,7620,52.156862745098046,255,13863,0.949462890625,516256,13.4,1.001922607421875,4.705882352941177,14.901960784313726,15.294117647058824,7.8431372549019605,5.098039215686274,1,-99.0,-99.0,8160,
2025-06-02 20:13:14.929735,512,49.80392156862745,73,-99.0,-99.015625,24,1272.5,0,-7.5,40,14.117647058823529,3,195.2,5,545,0,7620,52.156862745098046,255,13863,0.949462890625,516256,13.4,1.001922607421875,4.705882352941177,14.901960784313726,15.294117647058824,7.8431372549019605,5.098039215686274,1,-99.0,-99.0,8160,
2025-06-02 20:13:14.958149,512,49.80392156862745,73,-99.0,-99.015625,24,1272.5,0,-7.5,40,14.117647058823529,3,195.2,5,545,0,7620,52.156862745098046,255,13863,0.949462890625,516256,13.4,1.001922607421875,4.705882352941177,14.901960784313726,15.294117647058824,7.8431372549019605,5.098039215686274,1,-99.0,-99.0,8160,
2025-06-02 20:13:14.987180,512,49.80392156862745,73,-99.0,-99.015625,24,1272.5,0,-7.5,40,14.117647058823529,3,195.2,5,545,0,7620,52.156862745098046,255,13863,0.949462890625,516256,13.4,1.001922607421875,4.705882352941177,14.901960784313726,15.294117647058824,7.8431372549019605,5.098039215686274,1,-99.0,-99.0,8160,
2025-06-02 20:13:15.013853,512,49.80392156862745,73,-99.0,-99.015625,24,1272.5,0,-7.5,40,14.117647058823529,3,195.2,5,545,0,7620,52.156862745098046,255,13863,0.949462890625,516256,13.4,1.001922607421875,4.705882352941177,14.901960784313726,15.294117647058824,7.8431372549019605,5.098039215686274,1,-99.0,-99.0,8160,
2025-06-02 20:13:15.040944,512,49.80392156862745,73,-99.0,-99.015625,24,1272.5,0,-7.5,40,14.117647058823529,3,195.2,5,545,0,7620,52.156862745098046,255,13863,0.949462890625,516256,13.4,1.001922607421875,4.705882352941177,14.901960784313726,15.294117647058824,7.8431372549019605,5.098039215686274,1,-99.0,-99.0,8160,
2025-06-02 20:13:15.074846,512,49.80392156862745,73,-99.0,-99.015625,24,1272.5,0,-7.5,40,14.117647058823529,3,195.2,5,545,0,7620,52.156862745098046,255,13863,0.949462890625,516256,13.4,1.001922607421875,4.705882352941177,14.901960784313726,15.294117647058824,7.8431372549019605,5.098039215686274,1,-99.0,-99.0,8160,
2025-06-02 20:13:15.107114,512,49.80392156862745,73,-99.0,-99.015625,24,1272.5,0,-7.5,40,14.117647058823529,3,195.2,5,545,0,7620,52.156862745098046,255,13863,0.949462890625,516256,13.4,1.001922607421875,4.705882352941177,14.901960784313726,15.294117647058824,7.8431372549019605,5.098039215686274,1,-99.0,-99.0,8160,
2025-06-02 20:13:15.134770,512,49.80392156862745,73,-99.0,-99.015625,24,1272.5,0,-7.5,40,14.117647058823529,3,195.2,5,545,0,7620,52.156862745098046,255,13863,0.949462890625,516256,13.4,1.001922607421875,4.705882352941177,14.901960784313726,15.294117647058824,7.8431372549019605,5.098039215686274,1,-99.0,-99.0,8160,
2025-06-02 20:13:15.165060,512,49.80392156862745,73,-99.0,-99.015625,24,1272.5,0,-7.5,40,14.117647058823529,3,195.2,5,545,0,7620,52.156862745098046,255,13863,0.949462890625,516256,13.4,1.001922607421875,4.705882352941177,14.901960784313726,15.294117647058824,7.8431372549019605,5.098039215686274,1,-99.0,-99.0,8160,
2025-06-02 20:13:15.198056,512,49.80392156862745,73,-99.0,-99.015625,24,1272.5,0,-7.5,40,14.117647058823529,3,195.2,5,545,0,7620,52.156862745098046,255,13863,0.949462890625,516256,13.4,1.001922607421875,4.705882352941177,14.901960784313726,15.294117647058824,7.8431372549019605,5.098039215686274,1,-99.0,-99.0,8160,
2025-06-02 20:13:15.224883,512,49.80392156862745,73,-99.0,-99.015625,24,1272.5,0,-7.5,40,14.117647058823529,3,195.2,5,545,0,7620,52.156862745098046,255,13863,0.949462890625,516256,13.4,1.001922607421875,4.705882352941177,14.901960784313726,15.294117647058824,7.8431372549019605,5.098039215686274,1,-99.0,-99.0,8160,
2025-06-02 20:13:15.255442,512,49.80392156862745,73,-99.0,-99.015625,80,817.75,0,9.5,40,27.84313725490196,3,195.2,5,545,0,7620,52.156862745098046,255,13863,0.949462890625,516256,13.4,1.001922607421875,4.705882352941177,14.901960784313726,15.294117647058824,7.8431372549019605,5.098039215686274,1,-99.0,-99.0,8160,
2025-06-02 20:13:15.286105,512,49.80392156862745,73,-99.0,-99.015625,80,817.75,0,9.5,40,27.84313725490196,3,195.2,5,545,0,7620,52.156862745098046,255,13863,0.949462890625,516256,13.4,1.001007080078125,18.823529411764707,14.901960784313726,15.294117647058824,7.8431372549019605,5.098039215686274,1,-99.0,-99.0,8160,
2025-06-02 20:13:15.320571,512,49.80392156862745,73,-99.0,-99.015625,80,817.75,0,9.5,40,27.84313725490196,3,195.2,5,545,0,7620,52.156862745098046,255,13863,0.949462890625,516256,13.4,1.001007080078125,18.823529411764707,14.901960784313726,15.294117647058824,7.8431372549019605,5.098039215686274,1,-99.0,-99.0,8160,
2025-06-02 20:13:15.357115,512,92.15686274509804,73,-99.0,-99.015625,80,817.75,0,9.5,40,27.84313725490196,3,195.2,5,545,0,7620,52.156862745098046,255,13863,0.949462890625,516256,13.4,1.001007080078125,18.823529411764707,14.901960784313726,15.294117647058824,18.43137254901961,19.607843137254903,1,-99.0,-99.0,8160,
2025-06-02 20:13:15.385818,512,92.15686274509804,73,-99.0,-99.015625,91,1020.75,0,9.5,40,27.84313725490196,3,195.2,5,545,0,7620,52.156862745098046,255,13863,0.949462890625,516256,13.4,1.001007080078125,18.823529411764707,14.901960784313726,15.294117647058824,18.43137254901961,19.607843137254903,1,-99.0,-99.0,8160,
2025-06-02 20:13:15.420975,512,92.15686274509804,73,-99.0,-99.015625,91,1020.75,0,9.5,40,27.84313725490196,3,195.2,5,545,0,7620,52.156862745098046,255,13863,0.949462890625,516256,13.4,1.001007080078125,18.823529411764707,14.901960784313726,15.294117647058824,18.43137254901961,19.607843137254903,1,-99.0,-99.0,8160,
2025-06-02 20:13:15.455604,512,92.15686274509804,73,-99.0,-99.015625,91,1020.75,0,9.5,40,26.666666666666668,3,195.2,5,545,0,7620,52.156862745098046,255,13863,0.949462890625,516256,13.4,0.998016357421875,17.647058823529413,28.235294117647058,29.01960784313726,12.941176470588237,19.607843137254903,1,-99.0,-99.0,8160,
2025-06-02 20:13:15.490501,512,92.15686274509804,73,-99.0,-99.015625,91,1020.75,0,9.5,40,26.666666666666668,3,195.2,5,545,0,7620,52.156862745098046,255,13863,0.949462890625,516256,13.4,0.998016357421875,17.647058823529413,28.235294117647058,29.01960784313726,12.941176470588237,10.980392156862745,1,-99.0,-99.0,8160,
2025-06-02 20:13:15.521935,512,92.15686274509804,73,-99.0,-99.015625,91,1020.75,0,9.5,40,26.666666666666668,3,195.2,5,545,0,7620,52.156862745098046,255,13863,0.949462890625,516256,13.4,0.998016357421875,17.647058823529413,28.235294117647058,29.01960784313726,12.941176470588237,10.980392156862745,1,-99.0,-99.0,8160,
2025-06-02 20:13:15.552389,512,92.15686274509804,73,-99.0,-99.015625,91,1020.75,0,9.5,40,26.666666666666668,3,195.2,5,545,0,7620,52.156862745098046,255,13863,0.949462890625,516256,13.4,0.998016357421875,17.647058823529413,28.235294117647058,29.01960784313726,12.941176470588237,10.980392156862745,1,-99.0,-99.0,8160,
2025-06-02 20:13:15.587001,512,92.15686274509804,73,-99.0,-99.015625,91,1020.75,0,9.5,40,26.666666666666668,3,195.2,5,545,0,7620,52.156862745098046,255,13863,0.949462890625,516256,13.4,0.998016357421875,17.647058823529413,28.235294117647058,29.01960784313726,12.941176470588237,10.980392156862745,1,-99.0,-99.0,8160,
2025-06-02 20:13:15.622103,512,92.15686274509804,73,-99.0,-99.015625,91,1020.75,0,9.5,40,26.666666666666668,3,195.2,5,545,0,7620,52.156862745098046,255,13863,0.949462890625,516256,13.4,0.998016357421875,17.647058823529413,28.235294117647058,29.01960784313726,12.941176470588237,10.980392156862745,1,-99.0,-99.0,8160,
2025-06-02 20:13:15.661740,512,92.15686274509804,73,-99.0,-99.015625,91,1020.75,0,9.5,40,26.666666666666668,3,195.2,5,545,0,7620,52.156862745098046,255,13863,0.949462890625,516256,13.4,0.998016357421875,17.647058823529413,28.235294117647058,29.01960784313726,12.941176470588237,10.980392156862745,1,-99.0,-99.0,8160,
2025-06-02 20:13:15.697999,512,92.15686274509804,73,-99.0,-99.015625,91,1020.75,0,9.5,40,26.666666666666668,3,195.2,5,545,0,7620,52.156862745098046,255,13863,0.949462890625,516256,13.4,0.998016357421875,17.647058823529413,28.235294117647058,29.01960784313726,12.941176470588237,10.980392156862745,1,-99.0,-99.0,8160,
2025-06-02 20:13:15.728511,512,92.15686274509804,73,-99.0,-99.015625,91,1020.75,0,9.5,40,26.666666666666668,3,195.2,5,545,0,7620,52.156862745098046,255,13863,0.949462890625,516256,13.4,0.998016357421875,17.647058823529413,28.235294117647058,29.01960784313726,12.941176470588237,10.980392156862745,1,-99.0,-99.0,8160,
2025-06-02 20:13:15.753512,512,92.15686274509804,73,-99.0,-99.015625,91,1020.75,0,9.5,40,26.666666666666668,3,195.2,5,545,0,7620,52.156862745098046,255,13863,0.949462890625,516256,13.4,0.998016357421875,17.647058823529413,28.235294117647058,29.01960784313726,12.941176470588237,10.980392156862745,1,-99.0,-99.0,8160,
2025-06-02 20:13:15.780266,512,92.15686274509804,73,-99.0,-99.015625,91,1020.75,0,9.5,40,31.76470588235294,3,195.2,5,545,0,7620,52.156862745098046,255,13863,0.949462890625,516256,13.4,0.999237060546875,23.52941176470588,28.235294117647058,29.01960784313726,12.941176470588237,10.980392156862745,1,-99.0,-99.0,8160,
2025-06-02 20:13:15.818350,512,92.15686274509804,73,-99.0,-99.015625,91,1020.75,0,9.5,40,31.76470588235294,3,195.2,5,545,0,7620,52.156862745098046,255,13863,0.949462890625,516256,13.4,0.999237060546875,23.52941176470588,34.509803921568626,35.294117647058826,17.647058823529413,26.27450980392157,1,-99.0,-99.0,8160,
2025-06-02 20:13:15.856033,512,60.0,73,-99.0,-99.015625,91,1368.25,0,16.5,40,31.76470588235294,3,195.2,5,545,0,7620,52.156862745098046,255,13863,0.949462890625,516256,13.4,0.999237060546875,23.52941176470588,34.509803921568626,35.294117647058826,17.647058823529413,26.27450980392157,1,-99.0,-99.0,8160,
2025-06-02 20:13:15.884177,512,60.0,73,-99.0,-99.015625,91,1368.25,0,16.5,40,31.76470588235294,3,195.2,5,545,0,7620,52.156862745098046,255,13863,0.949462890625,516256,13.4,0.997039794921875,20.392156862745097,30.980392156862745,35.294117647058826,17.647058823529413,26.27450980392157,1,-99.0,-99.0,8160,
2025-06-02 20:13:15.920425,512,80.0,73,-99.0,-99.015625,91,1368.25,0,16.5,40,31.76470588235294,3,195.2,5,545,0,7620,52.156862745098046,255,13863,0.949462890625,516256,13.4,0.997039794921875,20.392156862745097,30.980392156862745,38.43137254901961,19.215686274509807,26.27450980392157,1,-99.0,-99.0,8160,
2025-06-02 20:13:15.954491,512,80.0,73,-99.0,-99.015625,93,1368.25,0,-3.5,40,30.980392156862745,3,195.2,5,545,0,7620,52.156862745098046,255,13863,0.949462890625,516256,13.4,0.997039794921875,20.392156862745097,30.980392156862745,38.43137254901961,19.215686274509807,26.27450980392157,1,-99.0,-99.0,8160,
2025-06-02 20:13:15.988754,512,80.0,73,-99.0,-99.015625,93,1368.25,0,-3.5,40,30.980392156862745,3,195.2,5,545,0,7620,52.156862745098046,255,13863,0.949462890625,516256,13.4,0.997039794921875,20.392156862745097,28.627450980392155,28.627450980392155,19.215686274509807,26.27450980392157,1,-99.0,-99.0,8160,
2025-06-02 20:13:16.015595,512,80.0,73,-99.0,-99.015625,93,1368.25,0,-3.5,40,30.980392156862745,3,195.2,5,545,0,7620,52.156862745098046,255,13863,0.949462890625,516256,13.4,0.997039794921875,20.392156862745097,28.627450980392155,28.627450980392155,12.549019607843137,0.0,1,-99.0,-99.0,8160,
2025-06-02 20:13:16.049196,512,80.0,73,-99.0,-99.015625,74,1881.75,0,-3.5,40,30.980392156862745,3,195.2,5,545,0,7620,52.156862745098046,255,13863,0.949462890625,516256,13.4,0.997039794921875,20.392156862745097,28.627450980392155,28.627450980392155,12.549019607843137,0.0,1,-99.0,-99.0,8160,
2025-06-02 20:13:16.076379,512,80.0,73,-99.0,-99.015625,74,1881.75,0,-3.5,40,30.980392156862745,3,195.2,5,545,0,7620,52.156862745098046,255,13863,0.949462890625,516256,13.4,0.997039794921875,20.392156862745097,28.627450980392155,28.627450980392155,12.549019607843137,0.0,1,-99.0,-99.0,8160,
2025-06-02 20:13:16.115309,512,80.0,73,-99.0,-99.015625,74,1881.75,0,-3.5,40,23.92156862745098,3,195.2,5,545,0,7620,52.156862745098046,255,13863,0.949462890625,516256,13.4,0.997039794921875,20.392156862745097,28.627450980392155,28.627450980392155,12.549019607843137,0.0,1,-99.0,-99.0,8160,
2025-06-02 20:13:16.147976,512,80.0,73,-99.0,-99.015625,74,1881.75,0,-3.5,40,23.92156862745098,3,195.2,5,545,0,7620,52.156862745098046,255,13863,0.949462890625,516256,13.4,0.997039794921875,0.39215686274509803,10.588235294117647,15.294117647058824,7.450980392156863,0.0,1,-99.0,-99.0,8160,
2025-06-02 20:13:16.179330,1024,47.45098039215686,73,-99.0,-99.015625,74,1717.25,0,-3.5,40,23.92156862745098,3,195.2,5,545,0,7620,52.156862745098046,255,13863,0.949462890625,516256,13.4,0.997039794921875,0.39215686274509803,10.588235294117647,15.294117647058824,7.450980392156863,0.0,1,-99.0,-99.0,8160,
2025-06-02 20:13:16.209023,1024,47.45098039215686,73,-99.0,-99.015625,74,1717.25,0,-0.5,40,9.411764705882353,3,195.2,5,545,0,7620,52.156862745098046,255,13863,0.949462890625,516256,13.4,0.91070556640625,0.39215686274509803,10.588235294117647,15.294117647058824,7.450980392156863,0.0,1,-99.0,-99.0,8160,
2025-06-02 20:13:16.241642,1024,47.45098039215686,73,-99.0,-99.015625,74,1717.25,0,-0.5,40,9.411764705882353,3,195.2,5,545,0,7620,52.156862745098046,255,13863,0.949462890625,516256,13.4,0.91070556640625,0.39215686274509803,10.588235294117647,15.294117647058824,7.8431372549019605,0.0,1,-99.0,-99.0,8160,
2025-06-02 20:13:16.271613,1024,47.45098039215686,73,-99.0,-99.015625,74,1717.25,0,-0.5,40,9.411764705882353,3,195.2,5,545,0,7620,52.156862745098046,255,13863,0.949462890625,516256,13.4,0.91070556640625,0.39215686274509803,10.588235294117647,15.294117647058824,7.8431372549019605,0.0,1,-99.0,-99.0,8160,
2025-06-02 20:13:16.299553,1024,27.450980392156865,73,-99.0,-99.015625,74,1717.25,0,-0.5,40,9.411764705882353,3,195.2,5,545,0,7620,52.156862745098046,255,13863,0.949462890625,516256,13.4,0.91070556640625,0.39215686274509803,10.588235294117647,15.294117647058824,7.8431372549019605,0.0,1,-99.0,-99.0,8160,
2025-06-02 20:13:16.330887,1024,27.450980392156865,73,-99.0,-99.015625,74,1549.5,0,-0.5,40,9.411764705882353,3,195.2,5,545,0,7620,52.156862745098046,255,13863,0.949462890625,516256,13.4,0.91070556640625,0.39215686274509803,10.588235294117647,15.294117647058824,7.8431372549019605,0.0,1,-99.0,-99.0,8160,
2025-06-02 20:13:16.361070,1024,27.450980392156865,73,-99.0,-99.015625,74,1549.5,0,-20.0,40,9.803921568627452,3,195.2,5,545,0,7620,52.156862745098046,255,13863,0.949462890625,516256,13.4,0.91070556640625,0.7843137254901961,11.76470588235294,15.294117647058824,7.8431372549019605,0.0,1,-99.0,-99.0,8160,
2025-06-02 20:13:16.394447,1024,27.450980392156865,73,-99.0,-99.015625,74,1549.5,0,-20.0,40,9.803921568627452,3,195.2,5,545,0,7620,52.156862745098046,255,13863,0.949462890625,516256,13.4,0.91070556640625,0.7843137254901961,11.76470588235294,15.294117647058824,7.8431372549019605,0.0,1,-99.0,-99.0,8160,
2025-06-02 20:13:16.421936,1024,27.450980392156865,73,-99.0,-99.015625,74,1549.5,0,-20.0,40,9.803921568627452,3,195.2,5,545,0,7620,52.156862745098046,255,13863,0.949462890625,516256,13.4,0.91070556640625,0.7843137254901961,11.76470588235294,15.294117647058824,7.8431372549019605,0.0,1,-99.0,-99.0,8160,
2025-06-02 20:13:16.453454,1024,15.686274509803921,73,-99.0,-99.015625,20,1330.0,0,-20.0,40,9.803921568627452,3,195.2,5,545,0,7620,52.156862745098046,255,13863,0.949462890625,516256,13.4,0.91070556640625,0.7843137254901961,11.76470588235294,15.294117647058824,7.8431372549019605,0.0,1,-99.0,-99.0,8160,
2025-06-02 20:13:16.484607,1024,15.686274509803921,73,-99.0,-99.015625,20,1330.0,0,9.5,40,9.803921568627452,3,195.2,5,545,0,7620,52.156862745098046,255,13863,0.949462890625,516256,13.4,0.91070556640625,0.7843137254901961,11.76470588235294,15.294117647058824,7.8431372549019605,0.0,1,-99.0,-99.0,8160,
2025-06-02 20:13:16.518560,1024,15.686274509803921,73,-99.0,-99.015625,20,1330.0,0,9.5,40,9.803921568627452,3,195.2,5,545,0,7620,52.156862745098046,255,13863,0.949462890625,516256,13.4,0.91070556640625,0.7843137254901961,11.76470588235294,15.294117647058824,7.8431372549019605,0.0,1,-99.0,-99.0,8160,
2025-06-02 20:13:16.552699,1024,15.686274509803921,73,-99.0,-99.015625,20,1330.0,0,9.5,40,9.803921568627452,3,195.2,5,545,0,7620,52.156862745098046,255,13863,0.949462890625,516256,13.4,1.001922607421875,4.705882352941177,15.294117647058824,15.294117647058824,7.8431372549019605,0.0,1,-99.0,-99.0,8160,
2025-06-02 20:13:16.586240,1024,15.686274509803921,73,-99.0,-99.015625,20,1330.0,0,9.5,40,9.803921568627452,3,195.2,5,545,0,7620,52.156862745098046,255,13863,0.949462890625,516256,13.4,1.001922607421875,4.705882352941177,15.294117647058824,15.294117647058824,7.8431372549019605,0.0,1,-99.0,-99.0,8160,
2025-06-02 20:13:16.622423,1024,15.686274509803921,73,-99.0,-99.015625,20,1330.0,0,9.5,40,9.803921568627452,3,195.2,5,545,0,7620,52.156862745098046,255,13863,0.949462890625,516256,13.4,1.001922607421875,4.705882352941177,15.294117647058824,15.294117647058824,7.8431372549019605,0.0,1,-99.0,-99.0,8160,
2025-06-02 20:13:16.656953,256,14.901960784313726,73,-99.0,-99.015625,24,1120.25,0,9.5,40,9.803921568627452,3,195.2,5,545,0,7620,52.156862745098046,255,13863,0.949462890625,516256,13.4,1.001922607421875,4.705882352941177,15.294117647058824,15.294117647058824,7.8431372549019605,0.0,1,-99.0,-99.0,8160,
2025-06-02 20:13:16.690574,256,14.901960784313726,73,-99.0,-99.015625,24,1120.25,0,13.5,40,9.803921568627452,3,195.2,5,545,0,7620,52.156862745098046,255,13863,0.949462890625,516256,13.4,1.001922607421875,4.705882352941177,15.294117647058824,15.294117647058824,7.8431372549019605,0.0,1,-99.0,-99.0,8160,
2025-06-02 20:13:16.718390,256,14.901960784313726,73,-99.0,-99.015625,24,1120.25,0,13.5,40,9.803921568627452,3,195.2,5,545,0,7620,52.156862745098046,255,13863,0.949462890625,516256,13.4,1.001922607421875,4.705882352941177,15.294117647058824,15.294117647058824,7.8431372549019605,0.0,1,-99.0,-99.0,8160,
2025-06-02 20:13:16.751667,256,14.901960784313726,73,-99.0,-99.015625,24,1120.25,0,13.5,40,9.803921568627452,3,195.2,5,545,0,7620,52.156862745098046,255,13863,0.949462890625,516256,13.4,1.001922607421875,3.9215686274509802,14.117647058823529,18.03921568627451,9.019607843137255,19.215686274509807,1,-99.0,-99.0,8160,
2025-06-02 20:13:16.788058,256,14.901960784313726,73,-99.0,-99.015625,30,953.25,0,13.5,40,9.803921568627452,3,195.2,5,545,0,7620,52.156862745098046,255,13863,0.949462890625,516256,13.4,1.001922607421875,3.9215686274509802,14.117647058823529,18.03921568627451,9.019607843137255,19.215686274509807,1,-99.0,-99.0,8160,
2025-06-02 20:13:16.822190,256,14.901960784313726,73,-99.0,-99.015625,30,953.25,0,13.5,40,9.803921568627452,3,195.2,5,545,0,7620,52.156862745098046,255,13863,0.949462890625,516256,13.4,1.001922607421875,3.9215686274509802,14.117647058823529,18.03921568627451,9.019607843137255,19.215686274509807,1,-99.0,-99.0,8160,
2025-06-02 20:13:16.857853,256,14.901960784313726,73,-99.0,-99.015625,30,953.25,0,13.5,40,30.58823529411765,3,195.2,5,545,0,7620,52.156862745098046,255,13863,0.949462890625,516256,13.4,1.0009765625,21.568627450980394,30.980392156862745,35.294117647058826,9.019607843137255,19.215686274509807,1,-99.0,-99.0,8160,
2025-06-02 20:13:16.893141,256,66.66666666666666,73,-99.0,-99.015625,30,953.25,0,13.5,40,30.58823529411765,3,195.2,5,545,0,7620,52.156862745098046,255,13863,0.949462890625,516256,13.4,1.0009765625,21.568627450980394,30.980392156862745,35.294117647058826,17.647058823529413,1.9607843137254901,1,-99.0,-99.0,8160,
2025-06-02 20:13:16.927767,256,66.66666666666666,73,-99.0,-99.015625,30,953.25,0,13.5,40,30.58823529411765,3,195.2,5,545,0,7620,52.156862745098046,255,13863,0.949462890625,516256,13.4,1.0009765625,21.568627450980394,30.980392156862745,35.294117647058826,17.647058823529413,1.9607843137254901,1,-99.0,-99.0,8160,
2025-06-02 20:13:16.962319,256,66.66666666666666,73,-99.0,-99.015625,30,846.25,0,-2.0,40,30.58823529411765,3,195.2,5,545,0,7620,52.156862745098046,255,13863,0.949462890625,516256,13.4,1.0009765625,21.568627450980394,30.980392156862745,35.294117647058826,17.647058823529413,1.9607843137254901,1,-99.0,-99.0,8160,
2025-06-02 20:13:16.990094,256,66.66666666666666,73,-99.0,-99.015625,30,846.25,0,-2.0,40,30.58823529411765,3,195.2,5,545,0,7620,52.156862745098046,255,13863,0.949462890625,516256,13.4,0.99908447265625,14.117647058823529,24.313725490196077,32.94117647058823,17.647058823529413,1.9607843137254901,1,-99.0,-99.0,8160,
2025-06-02 20:13:17.018999,256,85.49019607843137,73,-99.0,-99.015625,87,846.25,0,-2.0,40,30.58823529411765,3,195.2,5,545,0,7620,52.156862745098046,255,13863,0.949462890625,516256,13.4,0.99908447265625,14.117647058823529,24.313725490196077,32.94117647058823,16.470588235294116,16.470588235294116,1,-99.0,-99.0,8160,
2025-06-02 20:13:17.056827,256,85.49019607843137,73,-99.0,-99.015625,87,846.25,0,-9.5,40,24.313725490196077,3,195.2,5,545,0,7620,52.156862745098046,255,13863,0.949462890625,516256,13.4,0.9986572265625,15.686274509803921,24.313725490196077,32.94117647058823,16.470588235294116,16.470588235294116,1,-99.0,-99.0,8160,
2025-06-02 20:13:17.085830,256,85.49019607843137,73,-99.0,-99.015625,87,846.25,0,-9.5,40,24.313725490196077,3,195.2,5,545,0,7620,52.156862745098046,255,13863,0.949462890625,516256,13.4,0.9986572265625,15.686274509803921,26.27450980392157,23.92156862745098,16.470588235294116,0.0,1,-99.0,-99.0,8160,
2025-06-02 20:13:17.112997,256,86.66666666666667,73,-99.0,-99.015625,83,1150.0,0,-9.5,40,24.313725490196077,3,195.2,5,545,0,7620,52.156862745098046,255,13863,0.949462890625,516256,13.4,0.9986572265625,15.686274509803921,26.27450980392157,23.92156862745098,16.470588235294116,0.0,1,-99.0,-99.0,8160,
2025-06-02 20:13:17.141161,256,86.66666666666667,73,-99.0,-99.015625,83,1150.0,0,-9.5,40,24.313725490196077,3,195.2,5,545,0,7620,52.156862745098046,255,13863,0.949462890625,516256,13.4,0.9986572265625,15.686274509803921,26.27450980392157,23.92156862745098,16.470588235294116,0.0,1,-99.0,-99.0,8160,
2025-06-02 20:13:17.168348,256,86.66666666666667,73,-99.0,-99.015625,83,1150.0,0,-9.5,40,24.313725490196077,3,195.2,5,545,0,7620,52.156862745098046,255,13863,0.949462890625,516256,13.4,0.9986572265625,15.686274509803921,26.27450980392157,23.92156862745098,16.470588235294116,0.0,1,-99.0,-99.0,8160,
2025-06-02 20:13:17.200594,256,86.66666666666667,73,-99.0,-99.015625,83,1150.0,0,-9.5,40,24.313725490196077,3,195.2,5,545,0,7620,52.156862745098046,255,13863,0.949462890625,516256,13.4,0.9986572265625,0.39215686274509803,26.27450980392157,23.92156862745098,16.470588235294116,0.0,1,-99.0,-99.0,8160,
2025-06-02 20:13:17.235115,256,86.66666666666667,73,-99.0,-99.015625,83,1150.0,0,-9.5,40,24.313725490196077,3,195.2,5,545,0,7620,52.156862745098046,255,13863,0.949462890625,516256,13.4,0.9986572265625,0.39215686274509803,26.27450980392157,15.686274509803921,16.470588235294116,0.0,1,-99.0,-99.0,8160,
2025-06-02 20:13:17.263064,512,49.411764705882355,73,-99.0,-99.015625,56,1144.0,0,-9.5,40,24.313725490196077,3,195.2,5,545,0,7620,52.156862745098046,255,13863,0.949462890625,516256,13.4,0.9986572265625,0.39215686274509803,26.27450980392157,15.686274509803921,7.8431372549019605,0.0,1,-99.0,-99.0,8160,
2025-06-02 20:13:17.294052,512,49.411764705882355,73,-99.0,-99.015625,56,1144.0,0,-9.5,40,9.411764705882353,3,195.2,5,545,0,7620,52.156862745098046,255,13863,0.949462890625,516256,13.4,1.001922607421875,0.39215686274509803,26.27450980392157,15.686274509803921,7.8431372549019605,0.0,1,-99.0,-99.0,8160,
2025-06-02 20:13:17.325888,512,49.411764705882355,73,-99.0,-99.015625,56,1144.0,0,-9.5,40,9.411764705882353,3,195.2,5,545,0,7620,52.156862745098046,255,13863,0.949462890625,516256,13.4,1.001922607421875,0.39215686274509803,10.588235294117647,16.07843137254902,8.235294117647058,0.0,1,-99.0,-99.0,8160,
2025-06-02 20:13:17.356674,512,49.411764705882355,73,-99.0,-99.015625,50,1071.0,0,-9.5,40,9.411764705882353,3,195.2,5,545,0,7620,52.156862745098046,255,13863,0.949462890625,516256,13.4,1.001922607421875,0.39215686274509803,10.588235294117647,16.07843137254902,8.235294117647058,0.0,1,-99.0,-99.0,8160,
2025-06-02 20:13:17.390736,512,49.411764705882355,73,-99.0,-99.015625,50,1071.0,0,-9.0,40,9.411764705882353,3,195.2,5,545,0,7620,52.156862745098046,255,13863,0.949462890625,516256,13.4,1.001922607421875,0.39215686274509803,10.588235294117647,16.07843137254902,8.235294117647058,0.0,1,-99.0,-99.0,8160,
2025-06-02 20:13:17.419382,512,49.411764705882355,73,-99.0,-99.015625,50,1071.0,0,-9.0,40,18.03921568627451,3,195.2,5,545,0,7620,52.156862745098046,255,13863,0.949462890625,516256,13.4,1.001434326171875,13.333333333333334,25.098039215686274,29.01960784313726,14.50980392156863,0.0,1,-99.0,-99.0,8160,
2025-06-02 20:13:17.450161,512,49.411764705882355,73,-99.0,-99.015625,66,1014.5,0,-9.0,40,18.03921568627451,3,195.2,5,545,0,7620,52.156862745098046,255,13863,0.949462890625,516256,13.4,1.001434326171875,13.333333333333334,25.098039215686274,29.01960784313726,14.50980392156863,24.705882352941178,1,-99.0,-99.0,8160,
2025-06-02 20:13:17.482748,512,49.411764705882355,73,-99.0,-99.015625,66,1014.5,0,-9.0,40,30.980392156862745,3,195.2,5,545,0,7620,52.156862745098046,255,13863,0.949462890625,516256,13.4,1.001708984375,22.745098039215687,32.94117647058823,29.01960784313726,14.50980392156863,24.705882352941178,1,-99.0,-99.0,8160,
2025-06-02 20:13:17.515966,512,49.411764705882355,73,-99.0,-99.015625,66,1014.5,0,-9.0,40,30.980392156862745,3,195.2,5,545,0,7620,52.156862745098046,255,13863,0.949462890625,516256,13.4,1.001708984375,22.745098039215687,32.94117647058823,29.01960784313726,14.50980392156863,24.705882352941178,1,-99.0,-99.0,8160,
2025-06-02 20:13:17.551888,512,89.01960784313725,73,-99.0,-99.015625,66,1014.5,0,-9.0,40,30.980392156862745,3,195.2,5,545,0,7620,52.156862745098046,255,13863,0.949462890625,516256,13.4,1.001708984375,22.745098039215687,32.94117647058823,29.01960784313726,14.50980392156863,20.392156862745097,1,-99.0,-99.0,8160,
2025-06-02 20:13:17.582763,512,89.01960784313725,73,-99.0,-99.015625,93,1014.5,0,-9.0,40,30.980392156862745,3,195.2,5,545,0,7620,52.156862745098046,255,13863,0.949462890625,516256,13.4,1.001708984375,22.745098039215687,32.94117647058823,29.01960784313726,14.50980392156863,20.392156862745097,1,-99.0,-99.0,8160,
2025-06-02 20:13:17.617734,512,89.01960784313725,73,-99.0,-99.015625,93,1161.5,0,-9.0,40,30.980392156862745,3,195.2,5,545,0,7620,52.156862745098046,255,13863,0.949462890625,516256,13.4,1.001708984375,22.745098039215687,32.94117647058823,29.01960784313726,14.50980392156863,20.392156862745097,1,-99.0,-99.0,8160,
2025-06-02 20:13:17.657431,512,89.01960784313725,73,-99.0,-99.015625,93,1161.5,0,-9.0,40,27.84313725490196,3,195.2,5,545,0,7620,52.156862745098046,255,13863,0.949462890625,516256,13.4,0.997802734375,22.745098039215687,32.94117647058823,29.01960784313726,14.50980392156863,20.392156862745097,1,-99.0,-99.0,8160,
2025-06-02 20:13:17.694328,512,90.19607843137256,73,-99.0,-99.015625,93,1161.5,0,-9.0,40,27.84313725490196,3,195.2,5,545,0,7620,52.156862745098046,255,13863,0.949462890625,516256,13.4,0.997802734375,18.823529411764707,29.01960784313726,37.254901960784316,18.43137254901961,20.392156862745097,1,-99.0,-99.0,8160,
2025-06-02 20:13:17.735489,512,90.19607843137256,73,-99.0,-99.015625,93,1161.5,0,-9.0,40,27.84313725490196,3,195.2,5,545,0,7620,52.156862745098046,255,13863,0.949462890625,516256,13.4,0.997802734375,18.823529411764707,29.01960784313726,37.254901960784316,18.43137254901961,20.392156862745097,1,-99.0,-99.0,8160,
2025-06-02 20:13:17.777909,512,90.19607843137256,73,-99.0,-99.015625,92,1513.5,0,-4.5,40,21.568627450980394,3,195.2,5,545,0,7620,52.156862745098046,255,13863,0.949462890625,516256,13.4,0.996673583984375,7.8431372549019605,17.647058823529413,37.254901960784316,18.43137254901961,20.392156862745097,1,-99.0,-99.0,8160,
2025-06-02 20:13:17.811266,512,90.19607843137256,73,-99.0,-99.015625,92,1513.5,0,-4.5,40,21.568627450980394,3,195.2,5,545,0,7620,52.156862745098046,255,13863,0.949462890625,516256,13.4,0.996673583984375,7.8431372549019605,17.647058823529413,36.86274509803922,18.43137254901961,20.392156862745097,1,-99.0,-99.0,8160,
2025-06-02 20:13:17.843485,512,64.31372549019608,73,-99.0,-99.015625,61,1513.5,0,-4.5,40,21.568627450980394,3,195.2,5,545,0,7620,52.156862745098046,255,13863,0.949462890625,516256,13.4,0.996673583984375,7.8431372549019605,17.647058823529413,36.86274509803922,18.43137254901961,20.392156862745097,1,-99.0,-99.0,8160,
2025-06-02 20:13:17.873608,512,64.31372549019608,73,-99.0,-99.015625,61,1713.75,0,-12.5,40,21.568627450980394,3,195.2,5,545,0,7620,52.156862745098046,255,13863,0.949462890625,516256,13.4,0.996673583984375,7.8431372549019605,17.647058823529413,36.86274509803922,18.43137254901961,20.392156862745097,1,-99.0,-99.0,8160,
2025-06-02 20:13:17.906221,512,64.31372549019608,73,-99.0,-99.015625,61,1713.75,0,-12.5,40,21.568627450980394,3,195.2,5,545,0,7620,52.156862745098046,255,13863,0.949462890625,516256,13.4,0.996673583984375,7.8431372549019605,17.647058823529413,36.86274509803922,18.43137254901961,20.392156862745097,1,-99.0,-99.0,8160,
2025-06-02 20:13:17.939488,512,64.31372549019608,73,-99.0,-99.015625,61,1713.75,0,-12.5,40,21.568627450980394,3,195.2,5,545,0,7620,52.156862745098046,255,13863,0.949462890625,516256,13.4,0.996673583984375,0.39215686274509803,10.588235294117647,36.86274509803922,18.43137254901961,20.392156862745097,1,-99.0,-99.0,8160,
2025-06-02 20:13:17.967543,512,64.31372549019608,73,-99.0,-99.015625,61,1713.75,0,-12.5,40,21.568627450980394,3,195.2,5,545,0,7620,52.156862745098046,255,13863,0.949462890625,516256,13.4,0.996673583984375,0.39215686274509803,10.588235294117647,15.294117647058824,18.43137254901961,20.392156862745097,1,-99.0,-99.0,8160,
2025-06-02 20:13:18.001377,512,64.31372549019608,73,-99.0,-99.015625,61,1713.75,0,-12.5,40,21.568627450980394,3,195.2,5,545,0,7620,52.156862745098046,255,13863,0.949462890625,516256,13.4,0.996673583984375,0.39215686274509803,10.588235294117647,15.294117647058824,18.43137254901961,20.392156862745097,1,-99.0,-99.0,8160,
2025-06-02 20:13:18.033168,512,64.31372549019608,73,-99.0,-99.015625,61,1713.75,0,-12.5,40,21.568627450980394,3,195.2,5,545,0,7620,52.156862745098046,255,13863,0.949462890625,516256,13.4,0.996673583984375,0.39215686274509803,10.588235294117647,15.294117647058824,18.43137254901961,20.392156862745097,1,-99.0,-99.0,8160,
2025-06-02 20:13:18.061274,512,64.31372549019608,73,-99.0,-99.015625,61,1713.75,0,-12.5,40,21.568627450980394,3,195.2,5,545,0,7620,52.156862745098046,255,13863,0.949462890625,516256,13.4,0.996673583984375,0.39215686274509803,10.588235294117647,15.294117647058824,18.43137254901961,20.392156862745097,1,-99.0,-99.0,8160,
2025-06-02 20:13:18.089457,512,64.31372549019608,73,-99.0,-99.015625,61,1713.75,0,-12.5,40,21.568627450980394,3,195.2,5,545,0,7620,52.156862745098046,255,13863,0.949462890625,516256,13.4,0.996673583984375,0.39215686274509803,10.588235294117647,15.294117647058824,18.43137254901961,20.392156862745097,1,-99.0,-99.0,8160,
2025-06-02 20:13:18.114611,512,64.31372549019608,73,-99.0,-99.015625,61,1713.75,0,-12.5,40,21.568627450980394,3,195.2,5,545,0,7620,52.156862745098046,255,13863,0.949462890625,516256,13.4,0.996673583984375,0.39215686274509803,10.588235294117647,15.294117647058824,18.43137254901961,20.392156862745097,1,-99.0,-99.0,8160,
2025-06-02 20:13:18.143010,512,64.31372549019608,73,-99.0,-99.015625,23,1361.25,0,-12.5,40,21.568627450980394,3,195.2,5,545,0,7620,52.156862745098046,255,13863,0.949462890625,516256,13.4,0.996673583984375,0.39215686274509803,10.588235294117647,15.294117647058824,18.43137254901961,20.392156862745097,1,-99.0,-99.0,8160,
2025-06-02 20:13:18.169092,512,64.31372549019608,73,-99.0,-99.015625,23,1361.25,0,-12.5,40,21.568627450980394,3,195.2,5,545,0,7620,52.156862745098046,255,13863,0.949462890625,516256,13.4,0.996673583984375,0.39215686274509803,10.588235294117647,15.294117647058824,18.43137254901961,20.392156862745097,1,-99.0,-99.0,8160,
2025-06-02 20:13:18.196677,512,64.31372549019608,73,-99.0,-99.015625,23,1361.25,0,-12.5,40,21.568627450980394,3,195.2,5,545,0,7620,52.156862745098046,255,13863,0.949462890625,516256,13.4,0.996673583984375,0.39215686274509803,10.588235294117647,15.294117647058824,18.43137254901961,20.392156862745097,1,-99.0,-99.0,8160,
2025-06-02 20:13:18.222069,512,64.31372549019608,73,-99.0,-99.015625,23,1361.25,0,-12.5,40,21.568627450980394,3,195.2,5,545,0,7620,52.156862745098046,255,13863,0.949462890625,516256,13.4,0.996673583984375,0.39215686274509803,10.588235294117647,15.294117647058824,18.43137254901961,20.392156862745097,1,-99.0,-99.0,8160,
2025-06-02 20:13:18.251876,512,64.31372549019608,73,-99.0,-99.015625,23,1361.25,0,-12.5,40,13.725490196078432,3,195.2,5,545,0,7620,52.156862745098046,255,13863,0.949462890625,516256,13.4,1.001922607421875,4.313725490196078,14.901960784313726,15.294117647058824,18.43137254901961,20.392156862745097,1,-99.0,-99.0,8160,
2025-06-02 20:13:18.282385,512,15.686274509803921,73,-99.0,-99.015625,23,1361.25,0,-12.5,40,13.725490196078432,3,195.2,5,545,0,7620,52.156862745098046,255,13863,0.949462890625,516256,13.4,1.001922607421875,4.313725490196078,14.901960784313726,15.294117647058824,7.8431372549019605,5.490196078431373,1,-99.0,-99.0,8160,
2025-06-02 20:13:18.311202,512,15.686274509803921,73,-99.0,-99.015625,23,1361.25,0,-12.5,40,13.725490196078432,3,195.2,5,545,0,7620,52.156862745098046,255,13863,0.949462890625,516256,13.4,1.001922607421875,4.313725490196078,14.901960784313726,15.294117647058824,7.8431372549019605,5.490196078431373,1,-99.0,-99.0,8160,
2025-06-02 20:13:18.339159,512,15.686274509803921,73,-99.0,-99.015625,23,1361.25,0,-12.5,40,13.725490196078432,3,195.2,5,545,0,7620,52.156862745098046,255,13863,0.949462890625,516256,13.4,1.001922607421875,4.313725490196078,14.901960784313726,15.294117647058824,7.8431372549019605,5.490196078431373,1,-99.0,-99.0,8160,
2025-06-02 20:13:18.366945,512,15.686274509803921,73,-99.0,-99.015625,23,1361.25,0,-12.5,40,13.725490196078432,3,195.2,5,545,0,7620,52.156862745098046,255,13863,0.949462890625,516256,13.4,1.001922607421875,4.313725490196078,14.901960784313726,15.294117647058824,7.8431372549019605,5.490196078431373,1,-99.0,-99.0,8160,
2025-06-02 20:13:18.396935,512,15.686274509803921,73,-99.0,-99.015625,23,1361.25,0,-12.5,40,13.725490196078432,3,195.2,5,545,0,7620,52.156862745098046,255,13863,0.949462890625,516256,13.4,1.001922607421875,4.313725490196078,14.901960784313726,15.294117647058824,7.8431372549019605,5.490196078431373,1,-99.0,-99.0,8160,
2025-06-02 20:13:18.423408,512,15.686274509803921,73,-99.0,-99.015625,23,1361.25,0,-12.5,40,13.725490196078432,3,195.2,5,545,0,7620,52.156862745098046,255,13863,0.949462890625,516256,13.4,1.001922607421875,4.313725490196078,14.901960784313726,15.294117647058824,7.8431372549019605,5.490196078431373,1,-99.0,-99.0,8160,
2025-06-02 20:13:18.458162,512,15.686274509803921,73,-99.0,-99.015625,23,1361.25,0,-12.5,40,13.333333333333334,3,195.2,5,545,0,7620,52.156862745098046,255,13863,0.949462890625,516256,13.4,1.001922607421875,4.313725490196078,14.50980392156863,15.294117647058824,7.8431372549019605,5.490196078431373,1,-99.0,-99.0,8160,
2025-06-02 20:13:18.491907,512,16.07843137254902,73,-99.0,-99.015625,23,1361.25,0,-12.5,40,13.333333333333334,3,195.2,5,545,0,7620,52.156862745098046,255,13863,0.949462890625,516256,13.4,1.001922607421875,4.313725490196078,14.50980392156863,15.294117647058824,7.8431372549019605,4.313725490196078,1,-99.0,-99.0,8160,
2025-06-02 20:13:18.526302,512,16.07843137254902,73,-99.0,-99.015625,23,1361.25,0,-12.5,40,13.333333333333334,3,195.2,5,545,0,7620,52.156862745098046,255,13863,0.949462890625,516256,13.4,1.001922607421875,4.313725490196078,14.50980392156863,15.294117647058824,7.8431372549019605,4.313725490196078,1,-99.0,-99.0,8160,
2025-06-02 20:13:18.562179,512,16.07843137254902,73,-99.0,-99.015625,23,891.5,0,8.5,40,13.333333333333334,3,195.2,5,545,0,7620,52.156862745098046,255,13863,0.949462890625,516256,13.4,1.001922607421875,4.313725490196078,14.50980392156863,15.294117647058824,7.8431372549019605,4.313725490196078,1,-99.0,-99.0,8160,
2025-06-02 20:13:18.595547,512,16.07843137254902,73,-99.0,-99.015625,23,891.5,0,8.5,40,13.333333333333334,3,195.2,5,545,0,7620,52.156862745098046,255,13863,0.949462890625,516256,13.4,1.001922607421875,4.313725490196078,14.50980392156863,15.294117647058824,7.8431372549019605,4.313725490196078,1,-99.0,-99.0,8160,
2025-06-02 20:13:18.624016,512,16.07843137254902,73,-99.0,-99.015625,23,891.5,0,8.5,40,13.333333333333334,3,195.2,5,545,0,7620,52.156862745098046,255,13863,0.949462890625,516256,13.4,1.001922607421875,4.313725490196078,14.50980392156863,15.294117647058824,7.8431372549019605,4.313725490196078,1,-99.0,-99.0,8160,
2025-06-02 20:13:18.651717,512,16.07843137254902,73,-99.0,-99.015625,23,891.5,0,8.5,40,13.333333333333334,3,195.2,5,545,0,7620,52.156862745098046,255,13863,0.949462890625,516256,13.4,1.001922607421875,8.235294117647058,19.215686274509807,15.294117647058824,10.588235294117647,26.27450980392157,1,-99.0,-99.0,8160,
2025-06-02 20:13:18.680741,512,27.84313725490196,73,-99.0,-99.015625,50,850.75,0,8.5,40,13.333333333333334,3,195.2,5,545,0,7620,52.156862745098046,255,13863,0.949462890625,516256,13.4,1.001922607421875,8.235294117647058,19.215686274509807,15.294117647058824,10.588235294117647,26.27450980392157,1,-99.0,-99.0,8160,
2025-06-02 20:13:18.711949,512,27.84313725490196,73,-99.0,-99.015625,50,850.75,0,8.5,40,13.333333333333334,3,195.2,5,545,0,7620,52.156862745098046,255,13863,0.949462890625,516256,13.4,1.001922607421875,8.235294117647058,19.215686274509807,15.294117647058824,10.588235294117647,26.27450980392157,1,-99.0,-99.0,8160,
2025-06-02 20:13:18.743198,512,27.84313725490196,73,-99.0,-99.015625,50,850.75,0,8.5,40,13.333333333333334,3,195.2,5,545,0,7620,52.156862745098046,255,13863,0.949462890625,516256,13.4,1.001922607421875,8.235294117647058,19.215686274509807,15.294117647058824,10.588235294117647,26.27450980392157,1,-99.0,-99.0,8160,
2025-06-02 20:13:18.776988,512,27.84313725490196,73,-99.0,-99.015625,50,850.75,0,8.5,40,13.333333333333334,3,195.2,5,545,0,7620,52.156862745098046,255,13863,0.949462890625,516256,13.4,1.001922607421875,8.235294117647058,19.215686274509807,15.294117647058824,10.588235294117647,26.27450980392157,1,-99.0,-99.0,8160,
2025-06-02 20:13:18.813492,512,27.84313725490196,73,-99.0,-99.015625,50,850.75,0,8.5,40,22.745098039215687,3,195.2,5,545,0,7620,52.156862745098046,255,13863,0.949462890625,516256,13.4,1.00445556640625,13.725490196078432,24.313725490196077,28.235294117647058,18.03921568627451,26.27450980392157,1,-99.0,-99.0,8160,
2025-06-02 20:13:18.841886,512,85.88235294117646,73,-99.0,-99.015625,50,850.75,0,8.5,40,22.745098039215687,3,195.2,5,545,0,7620,52.156862745098046,255,13863,0.949462890625,516256,13.4,1.00445556640625,13.725490196078432,24.313725490196077,28.235294117647058,18.03921568627451,19.215686274509807,1,-99.0,-99.0,8160,
2025-06-02 20:13:18.869099,512,85.88235294117646,73,-99.0,-99.015625,50,850.75,0,8.5,40,22.745098039215687,3,195.2,5,545,0,7620,52.156862745098046,255,13863,0.949462890625,516256,13.4,1.00445556640625,13.725490196078432,24.313725490196077,28.235294117647058,18.03921568627451,19.215686274509807,1,-99.0,-99.0,8160,
2025-06-02 20:13:18.899449,512,85.88235294117646,73,-99.0,-99.015625,50,850.75,0,8.5,40,22.745098039215687,3,195.2,5,545,0,7620,52.156862745098046,255,13863,0.949462890625,516256,13.4,1.00445556640625,13.725490196078432,24.313725490196077,28.235294117647058,18.03921568627451,19.215686274509807,1,-99.0,-99.0,8160,
2025-06-02 20:13:18.924866,512,85.88235294117646,73,-99.0,-99.015625,50,850.75,0,8.5,40,22.745098039215687,3,195.2,5,545,0,7620,52.156862745098046,255,13863,0.949462890625,516256,13.4,1.00445556640625,13.725490196078432,24.313725490196077,28.235294117647058,18.03921568627451,19.215686274509807,1,-99.0,-99.0,8160,
2025-06-02 20:13:18.954156,512,85.88235294117646,73,-99.0,-99.015625,50,850.75,0,8.5,40,22.745098039215687,3,195.2,5,545,0,7620,52.156862745098046,255,13863,0.949462890625,516256,13.4,1.00445556640625,13.725490196078432,24.313725490196077,28.235294117647058,18.03921568627451,19.215686274509807,1,-99.0,-99.0,8160,
2025-06-02 20:13:18.985574,512,85.88235294117646,73,-99.0,-99.015625,50,850.75,0,8.5,40,22.745098039215687,3,195.2,5,545,0,7620,52.156862745098046,255,13863,0.949462890625,516256,13.4,1.00445556640625,13.725490196078432,24.313725490196077,28.235294117647058,18.03921568627451,19.215686274509807,1,-99.0,-99.0,8160,
2025-06-02 20:13:19.020630,512,85.88235294117646,73,-99.0,-99.015625,50,850.75,0,8.5,40,22.745098039215687,3,195.2,5,545,0,7620,52.156862745098046,255,13863,0.949462890625,516256,13.4,1.00445556640625,13.725490196078432,24.313725490196077,28.235294117647058,18.03921568627451,19.215686274509807,1,-99.0,-99.0,8160,
2025-06-02 20:13:19.048026,512,85.88235294117646,73,-99.0,-99.015625,50,850.75,0,8.5,40,22.745098039215687,3,195.2,5,545,0,7620,52.156862745098046,255,13863,0.949462890625,516256,13.4,1.00445556640625,13.725490196078432,24.313725490196077,28.235294117647058,18.03921568627451,19.215686274509807,1,-99.0,-99.0,8160,
2025-06-02 20:13:19.078224,512,85.88235294117646,73,-99.0,-99.015625,50,850.75,0,8.5,40,22.745098039215687,3,195.2,5,545,0,7620,52.156862745098046,255,13863,0.949462890625,516256,13.4,1.00445556640625,13.725490196078432,24.313725490196077,28.235294117647058,18.03921568627451,19.215686274509807,1,-99.0,-99.0,8160,
2025-06-02 20:13:19.105395,512,85.88235294117646,73,-99.0,-99.015625,50,850.75,0,8.5,40,22.745098039215687,3,195.2,5,545,0,7620,52.156862745098046,255,13863,0.949462890625,516256,13.4,1.00445556640625,13.725490196078432,24.313725490196077,28.235294117647058,18.03921568627451,19.215686274509807,1,-99.0,-99.0,8160,
2025-06-02 20:13:19.136114,512,85.88235294117646,73,-99.0,-99.015625,50,850.75,0,8.5,40,22.745098039215687,3,195.2,5,545,0,7620,52.156862745098046,255,13863,0.949462890625,516256,13.4,1.00445556640625,13.725490196078432,24.313725490196077,28.235294117647058,18.03921568627451,19.215686274509807,1,-99.0,-99.0,8160,
2025-06-02 20:13:19.163994,512,85.88235294117646,73,-99.0,-99.015625,50,850.75,0,8.5,40,22.745098039215687,3,195.2,5,545,0,7620,52.156862745098046,255,13863,0.949462890625,516256,13.4,1.00445556640625,13.725490196078432,24.313725490196077,28.235294117647058,18.03921568627451,19.215686274509807,1,-99.0,-99.0,8160,
2025-06-02 20:13:19.194401,512,85.88235294117646,73,-99.0,-99.015625,50,850.75,0,8.5,40,22.745098039215687,3,195.2,5,545,0,7620,52.156862745098046,255,13863,0.949462890625,516256,13.4,1.00445556640625,13.725490196078432,24.313725490196077,28.235294117647058,18.03921568627451,19.215686274509807,1,-99.0,-99.0,8160,
2025-06-02 20:13:19.222858,512,85.88235294117646,73,-99.0,-99.015625,50,850.75,0,8.5,40,22.745098039215687,3,195.2,5,545,0,7620,52.156862745098046,255,13863,0.949462890625,516256,13.4,1.00445556640625,13.725490196078432,24.313725490196077,28.235294117647058,18.03921568627451,19.215686274509807,1,-99.0,-99.0,8160,
2025-06-02 20:13:19.250722,512,85.88235294117646,73,-99.0,-99.015625,50,850.75,0,8.5,40,22.745098039215687,3,195.2,5,545,0,7620,52.156862745098046,255,13863,0.949462890625,516256,13.4,1.00445556640625,13.725490196078432,24.313725490196077,28.235294117647058,18.03921568627451,19.215686274509807,1,-99.0,-99.0,8160,
2025-06-02 20:13:19.276823,512,85.88235294117646,73,-99.0,-99.015625,50,850.75,0,8.5,40,22.745098039215687,3,195.2,5,545,0,7620,52.156862745098046,255,13863,0.949462890625,516256,13.4,1.00445556640625,13.725490196078432,24.313725490196077,28.235294117647058,18.03921568627451,19.215686274509807,1,-99.0,-99.0,8160,
2025-06-02 20:13:19.304219,512,85.88235294117646,73,-99.0,-99.015625,50,850.75,0,8.5,40,22.745098039215687,3,195.2,5,545,0,7620,52.156862745098046,255,13863,0.949462890625,516256,13.4,1.00445556640625,13.725490196078432,24.313725490196077,28.235294117647058,18.03921568627451,19.215686274509807,1,-99.0,-99.0,8160,
2025-06-02 20:13:19.332007,512,85.88235294117646,73,-99.0,-99.015625,50,850.75,0,8.5,40,22.745098039215687,3,195.2,5,545,0,7620,52.156862745098046,255,13863,0.949462890625,516256,13.4,1.00445556640625,13.725490196078432,24.313725490196077,28.235294117647058,18.03921568627451,19.215686274509807,1,-99.0,-99.0,8160,
2025-06-02 20:13:19.359794,512,85.88235294117646,73,-99.0,-99.015625,50,850.75,0,8.5,40,22.745098039215687,3,195.2,5,545,0,7620,52.156862745098046,255,13863,0.949462890625,516256,13.4,1.00445556640625,13.725490196078432,24.313725490196077,28.235294117647058,18.03921568627451,19.215686274509807,1,-99.0,-99.0,8160,
2025-06-02 20:13:19.387488,512,85.88235294117646,73,-99.0,-99.015625,50,850.75,0,8.5,40,22.745098039215687,3,195.2,5,545,0,7620,52.156862745098046,255,13863,0.949462890625,516256,13.4,1.00445556640625,13.725490196078432,24.313725490196077,28.235294117647058,18.03921568627451,19.215686274509807,1,-99.0,-99.0,8160,
2025-06-02 20:13:19.414085,512,85.88235294117646,73,-99.0,-99.015625,50,850.75,0,8.5,40,22.745098039215687,3,195.2,5,545,0,7620,52.156862745098046,255,13863,0.949462890625,516256,13.4,1.00445556640625,13.725490196078432,24.313725490196077,28.235294117647058,18.03921568627451,19.215686274509807,1,-99.0,-99.0,8160,
2025-06-02 20:13:19.442840,512,18.03921568627451,73,-99.0,-99.015625,26,850.75,0,8.5,40,22.745098039215687,3,195.2,5,545,0,7620,52.156862745098046,255,13863,0.949462890625,516256,13.4,1.00445556640625,13.725490196078432,24.313725490196077,28.235294117647058,18.03921568627451,19.215686274509807,1,-99.0,-99.0,8160,
2025-06-02 20:13:19.472818,512,18.03921568627451,73,-99.0,-99.015625,26,1077.75,0,4.5,40,12.941176470588237,3,195.2,5,545,0,7620,52.156862745098046,255,13863,0.949462890625,516256,13.4,1.00445556640625,13.725490196078432,24.313725490196077,28.235294117647058,18.03921568627451,19.215686274509807,1,-99.0,-99.0,8160,
2025-06-02 20:13:19.497992,512,18.03921568627451,73,-99.0,-99.015625,26,1077.75,0,4.5,40,12.941176470588237,3,195.2,5,545,0,7620,52.156862745098046,255,13863,0.949462890625,516256,13.4,1.001922607421875,3.5294117647058822,24.313725490196077,15.294117647058824,7.8431372549019605,4.313725490196078,1,-99.0,-99.0,8160,
2025-06-02 20:13:19.524705,512,17.254901960784313,73,-99.0,-99.015625,26,1048.75,0,4.5,40,12.941176470588237,3,195.2,5,545,0,7620,52.156862745098046,255,13863,0.949462890625,516256,13.4,1.001922607421875,3.5294117647058822,24.313725490196077,15.294117647058824,7.8431372549019605,4.313725490196078,1,-99.0,-99.0,8160,
2025-06-02 20:13:19.552691,512,17.254901960784313,73,-99.0,-99.015625,26,1048.75,0,4.5,40,12.941176470588237,3,195.2,5,545,0,7620,52.156862745098046,255,13863,0.949462890625,516256,13.4,1.001922607421875,3.5294117647058822,24.313725490196077,15.294117647058824,7.8431372549019605,4.313725490196078,1,-99.0,-99.0,8160,
2025-06-02 20:13:19.581889,512,17.254901960784313,73,-99.0,-99.015625,26,1048.75,0,4.5,40,12.941176470588237,3,195.2,5,545,0,7620,52.156862745098046,255,13863,0.949462890625,516256,13.4,1.001922607421875,3.5294117647058822,24.313725490196077,15.294117647058824,7.8431372549019605,4.313725490196078,1,-99.0,-99.0,8160,
2025-06-02 20:13:19.609692,512,17.254901960784313,73,-99.0,-99.015625,26,1048.75,0,4.5,40,12.941176470588237,3,195.2,5,545,0,7620,52.156862745098046,255,13863,0.949462890625,516256,13.4,1.001922607421875,3.5294117647058822,24.313725490196077,15.294117647058824,7.8431372549019605,4.313725490196078,1,-99.0,-99.0,8160,
2025-06-02 20:13:19.641156,512,17.254901960784313,73,-99.0,-99.015625,26,1048.75,0,4.5,40,12.941176470588237,3,195.2,5,545,0,7620,52.156862745098046,255,13863,0.949462890625,516256,13.4,1.001922607421875,3.5294117647058822,24.313725490196077,15.294117647058824,7.8431372549019605,4.313725490196078,1,-99.0,-99.0,8160,
2025-06-02 20:13:19.674409,512,17.254901960784313,73,-99.0,-99.015625,26,1048.75,0,4.5,40,12.941176470588237,3,195.2,5,545,0,7620,52.156862745098046,255,13863,0.949462890625,516256,13.4,1.001922607421875,3.5294117647058822,13.725490196078432,15.294117647058824,7.8431372549019605,12.156862745098039,1,-99.0,-99.0,8160,
2025-06-02 20:13:19.702523,512,17.647058823529413,73,-99.0,-99.015625,28,976.25,0,4.5,40,12.941176470588237,3,195.2,5,545,0,7620,52.156862745098046,255,13863,0.949462890625,516256,13.4,1.001922607421875,3.5294117647058822,13.725490196078432,15.294117647058824,7.8431372549019605,12.156862745098039,1,-99.0,-99.0,8160,
2025-06-02 20:13:19.727622,512,17.647058823529413,73,-99.0,-99.015625,28,976.25,0,4.5,40,12.941176470588237,3,195.2,5,545,0,7620,52.156862745098046,255,13863,0.949462890625,516256,13.4,1.001922607421875,3.5294117647058822,13.725490196078432,15.294117647058824,7.8431372549019605,12.156862745098039,1,-99.0,-99.0,8160,
2025-06-02 20:13:19.756098,512,17.647058823529413,73,-99.0,-99.015625,28,976.25,0,9.0,40,16.862745098039216,3,195.2,5,545,0,7620,52.156862745098046,255,13863,0.949462890625,516256,13.4,1.001922607421875,7.0588235294117645,13.725490196078432,15.294117647058824,7.8431372549019605,12.156862745098039,1,-99.0,-99.0,8160,
2025-06-02 20:13:19.785845,512,17.647058823529413,73,-99.0,-99.015625,28,976.25,0,9.0,40,16.862745098039216,3,195.2,5,545,0,7620,52.156862745098046,255,13863,0.949462890625,516256,13.4,1.001922607421875,7.0588235294117645,17.254901960784313,15.294117647058824,7.8431372549019605,5.490196078431373,1,-99.0,-99.0,8160,
2025-06-02 20:13:19.814555,512,17.647058823529413,73,-99.0,-99.015625,35,868.0,0,1.0,40,16.862745098039216,3,195.2,5,545,0,7620,52.156862745098046,255,13863,0.949462890625,516256,13.4,1.001922607421875,7.0588235294117645,17.254901960784313,15.294117647058824,7.8431372549019605,5.490196078431373,1,-99.0,-99.0,8160,
2025-06-02 20:13:19.843264,512,17.647058823529413,73,-99.0,-99.015625,35,868.0,0,1.0,40,16.862745098039216,3,195.2,5,545,0,7620,52.156862745098046,255,13863,0.949462890625,516256,13.4,1.001922607421875,5.88235294117647,16.07843137254902,15.294117647058824,7.8431372549019605,5.490196078431373,1,-99.0,-99.0,8160,
2025-06-02 20:13:19.873044,512,26.666666666666668,73,-99.0,-99.015625,35,868.0,0,1.0,40,16.862745098039216,3,195.2,5,545,0,7620,52.156862745098046,255,13863,0.949462890625,516256,13.4,1.001922607421875,5.88235294117647,16.07843137254902,15.294117647058824,7.8431372549019605,5.88235294117647,1,-99.0,-99.0,8160,
2025-06-02 20:13:19.912234,512,26.666666666666668,73,-99.0,-99.015625,38,868.0,0,1.0,40,16.862745098039216,3,195.2,5,545,0,7620,52.156862745098046,255,13863,0.949462890625,516256,13.4,1.001922607421875,5.88235294117647,16.07843137254902,15.294117647058824,7.8431372549019605,5.88235294117647,1,-99.0,-99.0,8160,
2025-06-02 20:13:19.945651,512,26.666666666666668,73,-99.0,-99.015625,38,868.0,0,-2.0,40,16.862745098039216,3,195.2,5,545,0,7620,52.156862745098046,255,13863,0.949462890625,516256,13.4,1.001922607421875,5.88235294117647,16.07843137254902,15.294117647058824,7.8431372549019605,5.88235294117647,1,-99.0,-99.0,8160,
2025-06-02 20:13:19.974644,512,26.666666666666668,73,-99.0,-99.015625,38,868.0,0,-2.0,40,14.117647058823529,3,195.2,5,545,0,7620,52.156862745098046,255,13863,0.949462890625,516256,13.4,1.001922607421875,5.098039215686274,15.294117647058824,15.294117647058824,7.8431372549019605,5.88235294117647,1,-99.0,-99.0,8160,
2025-06-02 20:13:20.009317,512,28.235294117647058,73,-99.0,-99.015625,38,868.0,0,-2.0,40,14.117647058823529,3,195.2,5,545,0,7620,52.156862745098046,255,13863,0.949462890625,516256,13.4,1.001922607421875,5.098039215686274,15.294117647058824,15.294117647058824,7.8431372549019605,5.88235294117647,1,-99.0,-99.0,8160,
2025-06-02 20:13:20.036433,512,28.235294117647058,73,-99.0,-99.015625,38,835.0,0,-2.0,40,14.117647058823529,3,195.2,5,545,0,7620,52.156862745098046,255,13863,0.949462890625,516256,13.4,1.001922607421875,5.098039215686274,15.294117647058824,15.294117647058824,7.8431372549019605,5.88235294117647,1,-99.0,-99.0,8160,
2025-06-02 20:13:20.069399,512,28.235294117647058,73,-99.0,-99.015625,38,835.0,0,-2.0,40,14.117647058823529,3,195.2,5,545,0,7620,52.156862745098046,255,13863,0.949462890625,516256,13.4,1.001922607421875,5.098039215686274,15.294117647058824,15.294117647058824,7.8431372549019605,5.88235294117647,1,-99.0,-99.0,8160,
2025-06-02 20:13:20.100956,512,28.235294117647058,73,-99.0,-99.015625,38,835.0,0,2.5,40,14.117647058823529,3,195.2,5,545,0,7620,52.156862745098046,255,13863,0.949462890625,516256,13.4,1.001922607421875,5.098039215686274,15.294117647058824,15.294117647058824,7.8431372549019605,5.88235294117647,1,-99.0,-99.0,8160,
2025-06-02 20:13:20.132173,512,28.235294117647058,73,-99.0,-99.015625,38,835.0,0,2.5,40,14.117647058823529,3,195.2,5,545,0,7620,52.156862745098046,255,13863,0.949462890625,516256,13.4,1.001922607421875,5.098039215686274,15.294117647058824,15.294117647058824,7.8431372549019605,5.88235294117647,1,-99.0,-99.0,8160,
2025-06-02 20:13:20.163246,512,28.235294117647058,73,-99.0,-99.015625,38,835.0,0,2.5,40,14.117647058823529,3,195.2,5,545,0,7620,52.156862745098046,255,13863,0.949462890625,516256,13.4,1.001922607421875,5.098039215686274,15.294117647058824,15.294117647058824,7.8431372549019605,5.88235294117647,1,-99.0,-99.0,8160,
2025-06-02 20:13:20.196514,512,29.01960784313726,73,-99.0,-99.015625,39,791.75,0,2.5,40,14.117647058823529,3,195.2,5,545,0,7620,52.156862745098046,255,13863,0.949462890625,516256,13.4,1.001922607421875,5.098039215686274,15.294117647058824,15.294117647058824,7.8431372549019605,5.88235294117647,1,-99.0,-99.0,8160,
2025-06-02 20:13:20.224077,512,29.01960784313726,73,-99.0,-99.015625,39,791.75,0,2.5,40,14.117647058823529,3,195.2,5,545,0,7620,52.156862745098046,255,13863,0.949462890625,516256,13.4,1.001922607421875,5.098039215686274,15.294117647058824,15.294117647058824,7.8431372549019605,5.88235294117647,1,-99.0,-99.0,8160,
2025-06-02 20:13:20.264910,512,29.01960784313726,73,-99.0,-99.015625,39,791.75,0,2.5,40,14.901960784313726,3,195.2,5,545,0,7620,52.156862745098046,255,13863,0.949462890625,516256,13.4,1.00140380859375,7.450980392156863,18.43137254901961,15.294117647058824,7.8431372549019605,5.88235294117647,1,-99.0,-99.0,8160,
2025-06-02 20:13:20.296572,512,32.94117647058823,73,-99.0,-99.015625,39,791.75,0,2.5,40,14.901960784313726,3,195.2,5,545,0,7620,52.156862745098046,255,13863,0.949462890625,516256,13.4,1.00140380859375,7.450980392156863,18.43137254901961,21.568627450980394,7.8431372549019605,14.50980392156863,1,-99.0,-99.0,8160,
2025-06-02 20:13:20.333300,512,32.94117647058823,73,-99.0,-99.015625,59,816.25,0,8.5,40,14.901960784313726,3,195.2,5,545,0,7620,52.156862745098046,255,13863,0.949462890625,516256,13.4,1.00140380859375,7.450980392156863,18.43137254901961,21.568627450980394,7.8431372549019605,14.50980392156863,1,-99.0,-99.0,8160,
2025-06-02 20:13:20.373204,512,32.94117647058823,73,-99.0,-99.015625,59,816.25,0,8.5,40,24.313725490196077,3,195.2,5,545,0,7620,52.156862745098046,255,13863,0.949462890625,516256,13.4,1.00140380859375,7.450980392156863,18.43137254901961,21.568627450980394,7.8431372549019605,14.50980392156863,1,-99.0,-99.0,8160,
2025-06-02 20:13:20.416183,512,32.94117647058823,73,-99.0,-99.015625,59,816.25,0,8.5,40,24.313725490196077,3,195.2,5,545,0,7620,52.156862745098046,255,13863,0.949462890625,516256,13.4,1.00140380859375,7.450980392156863,24.705882352941178,24.313725490196077,17.254901960784313,17.254901960784313,1,-99.0,-99.0,8160,
2025-06-02 20:13:20.446998,512,74.50980392156863,73,-99.0,-99.015625,85,863.5,0,8.5,40,24.313725490196077,3,195.2,5,545,0,7620,52.156862745098046,255,13863,0.949462890625,516256,13.4,1.00140380859375,7.450980392156863,24.705882352941178,24.313725490196077,17.254901960784313,17.254901960784313,1,-99.0,-99.0,8160,
2025-06-02 20:13:20.477931,512,74.50980392156863,73,-99.0,-99.015625,85,863.5,0,8.5,40,24.313725490196077,3,195.2,5,545,0,7620,52.156862745098046,255,13863,0.949462890625,516256,13.4,1.00140380859375,7.450980392156863,24.705882352941178,24.313725490196077,17.254901960784313,17.254901960784313,1,-99.0,-99.0,8160,
2025-06-02 20:13:20.507007,512,74.50980392156863,73,-99.0,-99.015625,85,863.5,0,8.5,40,24.313725490196077,3,195.2,5,545,0,7620,52.156862745098046,255,13863,0.949462890625,516256,13.4,1.00140380859375,16.07843137254902,26.666666666666668,33.33333333333333,18.823529411764707,21.96078431372549,1,-99.0,-99.0,8160,
2025-06-02 20:13:20.535289,512,87.84313725490196,73,-99.0,-99.015625,91,1231.25,0,8.5,40,24.313725490196077,3,195.2,5,545,0,7620,52.156862745098046,255,13863,0.949462890625,516256,13.4,1.00140380859375,16.07843137254902,26.666666666666668,33.33333333333333,18.823529411764707,21.96078431372549,1,-99.0,-99.0,8160,
2025-06-02 20:13:20.563390,512,87.84313725490196,73,-99.0,-99.015625,91,1231.25,0,-2.0,40,27.84313725490196,3,195.2,5,545,0,7620,52.156862745098046,255,13863,0.949462890625,516256,13.4,0.99774169921875,18.43137254901961,28.627450980392155,33.33333333333333,18.823529411764707,21.96078431372549,1,-99.0,-99.0,8160,
2025-06-02 20:13:20.592755,512,85.09803921568627,73,-99.0,-99.015625,91,1231.25,0,-2.0,40,27.84313725490196,3,195.2,5,545,0,7620,52.156862745098046,255,13863,0.949462890625,516256,13.4,0.99774169921875,18.43137254901961,28.627450980392155,33.72549019607843,16.862745098039216,5.88235294117647,1,-99.0,-99.0,8160,
2025-06-02 20:13:20.624505,512,85.09803921568627,73,-99.0,-99.015625,86,1544.5,0,0.0,40,13.333333333333334,3,195.2,5,545,0,7620,52.156862745098046,255,13863,0.949462890625,516256,13.4,0.99774169921875,18.43137254901961,28.627450980392155,33.72549019607843,16.862745098039216,5.88235294117647,1,-99.0,-99.0,8160,
2025-06-02 20:13:20.657776,512,85.09803921568627,73,-99.0,-99.015625,86,1544.5,0,0.0,40,13.333333333333334,3,195.2,5,545,0,7620,52.156862745098046,255,13863,0.949462890625,516256,13.4,0.996673583984375,18.43137254901961,12.941176470588237,27.058823529411764,12.549019607843137,5.88235294117647,1,-99.0,-99.0,8160,
2025-06-02 20:13:20.693812,512,87.84313725490196,73,-99.0,-99.015625,62,1723.75,0,0.0,40,13.333333333333334,3,195.2,5,545,0,7620,52.156862745098046,255,13863,0.949462890625,516256,13.4,0.996673583984375,18.43137254901961,12.941176470588237,27.058823529411764,12.549019607843137,0.0,1,-99.0,-99.0,8160,
2025-06-02 20:13:20.721722,512,87.84313725490196,73,-99.0,-99.015625,62,1723.75,0,-12.0,40,24.705882352941178,3,195.2,5,545,0,7620,52.156862745098046,255,13863,0.949462890625,516256,13.4,0.99737548828125,0.39215686274509803,10.588235294117647,19.607843137254903,12.549019607843137,0.0,1,-99.0,-99.0,8160,
2025-06-02 20:13:20.755159,512,87.84313725490196,73,-99.0,-99.015625,47,1726.75,0,-12.0,40,24.705882352941178,3,195.2,5,545,0,7620,52.156862745098046,255,13863,0.949462890625,516256,13.4,0.99737548828125,0.39215686274509803,10.588235294117647,19.607843137254903,9.803921568627452,0.0,1,-99.0,-99.0,8160,
2025-06-02 20:13:20.789674,512,87.84313725490196,73,-99.0,-99.015625,47,1726.75,0,-5.0,40,9.411764705882353,3,195.2,5,545,0,7620,52.156862745098046,255,13863,0.949462890625,516256,13.4,0.9986572265625,0.39215686274509803,10.588235294117647,19.607843137254903,9.803921568627452,0.0,1,-99.0,-99.0,8160,
2025-06-02 20:13:20.824564,512,87.84313725490196,73,-99.0,-99.015625,47,1726.75,0,-5.0,40,9.411764705882353,3,195.2,5,545,0,7620,52.156862745098046,255,13863,0.949462890625,516256,13.4,0.9986572265625,0.39215686274509803,10.588235294117647,19.607843137254903,9.803921568627452,0.0,1,-99.0,-99.0,8160,
2025-06-02 20:13:20.854650,512,87.84313725490196,73,-99.0,-99.015625,47,1726.75,0,-5.0,40,9.411764705882353,3,195.2,5,545,0,7620,52.156862745098046,255,13863,0.949462890625,516256,13.4,0.9986572265625,0.39215686274509803,10.588235294117647,19.607843137254903,9.803921568627452,0.0,1,-99.0,-99.0,8160,
2025-06-02 20:13:20.888620,512,27.058823529411764,73,-98.9921875,-99.015625,47,1726.75,0,-5.0,40,9.411764705882353,3,195.2,5,545,0,7620,52.156862745098046,255,13863,0.949462890625,516256,13.4,0.9986572265625,0.39215686274509803,10.588235294117647,19.607843137254903,9.803921568627452,0.0,1,-99.0,-99.0,7740,
2025-06-02 20:13:20.920836,512,27.058823529411764,73,-98.9921875,-99.015625,47,1800.75,0,-14.5,40,9.411764705882353,3,193.92,5,545,0,7620,52.156862745098046,255,13863,0.949462890625,516256,13.4,0.9986572265625,0.39215686274509803,10.588235294117647,19.607843137254903,9.803921568627452,0.0,1,-99.0,-99.0,7740,
2025-06-02 20:13:20.954235,512,27.058823529411764,73,-98.9921875,-99.015625,47,1800.75,0,-14.5,40,9.411764705882353,3,193.92,7,555,0,7620,52.156862745098046,255,13863,0.949462890625,516256,13.4,0.9986572265625,0.39215686274509803,10.588235294117647,19.607843137254903,9.803921568627452,0.0,1,-99.0,-99.0,7740,
2025-06-02 20:13:20.988072,512,27.058823529411764,73,-98.9921875,-99.015625,47,1800.75,0,-14.5,40,9.411764705882353,3,193.92,7,555,0,7620,52.156862745098046,255,13863,0.949462890625,516256,13.4,0.9986572265625,0.39215686274509803,10.588235294117647,19.607843137254903,9.803921568627452,0.0,1,-99.0,-99.0,7740,
2025-06-02 20:13:21.022162,512,27.058823529411764,73,-98.9921875,-99.015625,47,1800.75,0,-14.5,40,9.411764705882353,3,193.92,7,555,0,7620,52.156862745098046,255,13720,0.891571044921875,262144,13.4,0.9986572265625,0.39215686274509803,10.588235294117647,19.607843137254903,9.803921568627452,0.0,1,-99.0,-99.0,7740,
2025-06-02 20:13:21.058479,512,27.058823529411764,73,-98.9921875,-99.015625,47,1800.75,0,-14.5,40,9.411764705882353,3,193.92,7,555,0,7620,52.156862745098046,255,13720,0.891571044921875,262144,13.4,1.001373291015625,4.313725490196078,14.50980392156863,19.607843137254903,9.803921568627452,0.0,1,-99.0,-99.0,7740,
2025-06-02 20:13:21.091811,512,27.058823529411764,73,-98.9921875,-99.015625,47,1800.75,0,-14.5,40,9.411764705882353,3,193.92,7,555,0,7620,52.156862745098046,255,13720,0.891571044921875,262144,13.4,1.001373291015625,4.313725490196078,14.50980392156863,17.647058823529413,9.411764705882353,5.490196078431373,1,-99.0,-99.0,6360,
2025-06-02 20:13:21.117439,512,18.43137254901961,73,-99.0,-99.015625,22,1555.75,0,-14.5,40,9.411764705882353,3,193.92,7,555,0,7620,52.156862745098046,255,13720,0.891571044921875,262144,13.4,1.001373291015625,4.313725490196078,14.50980392156863,17.647058823529413,9.411764705882353,5.490196078431373,1,-99.0,-99.0,6360,
2025-06-02 20:13:21.152460,512,18.43137254901961,73,-99.0,-99.015625,22,1555.75,0,11.0,40,14.117647058823529,3,193.92,7,555,0,7620,52.156862745098046,255,13720,0.891571044921875,262144,13.4,1.001373291015625,4.313725490196078,14.50980392156863,17.647058823529413,9.411764705882353,5.490196078431373,1,-99.0,-99.0,6360,
2025-06-02 20:13:21.181175,512,18.43137254901961,73,-99.0,-99.015625,22,1555.75,0,11.0,40,14.117647058823529,3,193.92,7,555,0,7620,52.156862745098046,255,13720,0.891571044921875,262144,13.4,1.001373291015625,4.313725490196078,14.50980392156863,17.647058823529413,9.411764705882353,5.490196078431373,1,-99.0,-99.0,6360,
2025-06-02 20:13:21.209476,512,18.43137254901961,73,-99.0,-99.015625,22,1555.75,0,11.0,40,14.117647058823529,3,193.92,7,555,0,7620,52.156862745098046,255,13720,0.891571044921875,262144,13.4,1.001373291015625,4.313725490196078,14.50980392156863,17.647058823529413,9.411764705882353,5.490196078431373,1,-99.0,-99.0,6360,
2025-06-02 20:13:21.240120,512,18.43137254901961,73,-99.0,-99.015625,22,1555.75,0,11.0,40,14.117647058823529,3,193.92,7,555,0,7620,52.156862745098046,255,13720,0.891571044921875,262144,13.4,1.001373291015625,4.313725490196078,14.50980392156863,17.647058823529413,9.411764705882353,5.490196078431373,1,-99.0,-99.0,6360,
2025-06-02 20:13:21.273710,512,18.43137254901961,73,-99.0,-99.015625,22,1555.75,0,11.0,40,14.117647058823529,3,193.92,7,555,0,7620,52.156862745098046,255,13720,0.891571044921875,262144,13.4,1.001373291015625,4.313725490196078,14.50980392156863,17.647058823529413,9.411764705882353,5.490196078431373,1,-99.0,-99.0,6360,
2025-06-02 20:13:21.308192,512,18.43137254901961,73,-99.0,-99.015625,22,1555.75,0,11.0,40,14.117647058823529,3,193.92,7,555,0,7620,52.156862745098046,255,13720,0.891571044921875,262144,13.4,1.001373291015625,4.313725490196078,14.50980392156863,17.647058823529413,9.411764705882353,5.490196078431373,1,-99.0,-99.0,6360,
2025-06-02 20:13:21.342303,512,18.43137254901961,73,-99.0,-99.015625,22,1555.75,0,11.0,40,14.117647058823529,3,193.92,7,555,0,7620,52.156862745098046,255,13720,0.891571044921875,262144,13.4,1.001373291015625,4.313725490196078,14.50980392156863,17.647058823529413,9.411764705882353,5.490196078431373,1,-99.0,-99.0,6360,
2025-06-02 20:13:21.379805,512,18.43137254901961,73,-99.0,-99.015625,22,1555.75,0,11.0,40,14.117647058823529,3,193.92,7,555,0,7620,52.156862745098046,255,13720,0.891571044921875,262144,13.4,1.001373291015625,4.313725490196078,14.50980392156863,17.647058823529413,9.411764705882353,5.490196078431373,1,-99.0,-99.0,6360,
2025-06-02 20:13:21.415909,512,18.43137254901961,73,-99.0,-99.015625,22,1555.75,0,11.0,40,14.117647058823529,3,193.92,7,555,0,7620,52.156862745098046,255,13720,1.01690673828125,262144,13.4,1.001373291015625,4.313725490196078,14.50980392156863,17.647058823529413,9.411764705882353,5.490196078431373,1,-99.0,-99.0,6360,
2025-06-02 20:13:21.447793,512,18.43137254901961,73,-99.0,-99.015625,22,1555.75,0,11.0,40,14.117647058823529,3,193.92,7,555,0,7620,52.156862745098046,255,13720,1.01690673828125,262144,13.163,1.001373291015625,4.313725490196078,14.50980392156863,17.647058823529413,9.411764705882353,5.490196078431373,1,-99.0,-99.0,6360,
2025-06-02 20:13:21.479550,512,18.43137254901961,73,-99.0,-99.015625,22,1555.75,0,11.0,40,14.117647058823529,3,193.92,7,555,0,7620,52.156862745098046,255,13720,1.01690673828125,262144,13.163,1.001373291015625,4.313725490196078,14.50980392156863,17.647058823529413,9.411764705882353,5.490196078431373,1,-99.0,-99.0,6360,
2025-06-02 20:13:21.511419,512,18.43137254901961,73,-99.0,-99.015625,22,1555.75,0,11.0,40,14.117647058823529,3,193.92,7,555,0,7620,52.156862745098046,255,13720,1.01690673828125,262144,13.163,1.001373291015625,4.313725490196078,24.313725490196077,38.82352941176471,16.07843137254902,0.0,1,-99.0,-99.0,6360,
2025-06-02 20:13:21.544914,512,97.6470588235294,73,-99.0,-99.015625,22,1555.75,0,11.0,40,14.117647058823529,3,193.92,7,555,0,7620,52.156862745098046,255,13720,1.01690673828125,262144,13.163,1.001373291015625,4.313725490196078,24.313725490196077,38.82352941176471,16.07843137254902,0.0,1,-99.0,-99.0,15670,
2025-06-02 20:13:21.572095,512,97.6470588235294,73,-99.0,-99.015625,22,1555.75,0,11.0,40,14.117647058823529,3,193.92,7,555,0,7620,52.156862745098046,255,13720,1.01690673828125,262144,13.163,1.001373291015625,4.313725490196078,24.313725490196077,38.82352941176471,16.07843137254902,0.0,1,-99.0,-99.0,15670,
2025-06-02 20:13:21.607010,512,97.6470588235294,73,-99.0,-99.0078125,43,2536.5,0,11.0,40,14.117647058823529,3,193.92,7,555,0,7620,52.156862745098046,255,13720,1.01690673828125,262144,13.163,1.001373291015625,4.313725490196078,24.313725490196077,38.82352941176471,16.07843137254902,0.0,1,-99.0,-99.0,15670,
2025-06-02 20:13:21.640783,512,97.6470588235294,73,-99.0,-99.0078125,43,2536.5,0,-9.5,40,9.803921568627452,3,193.92,7,555,0,7620,52.156862745098046,255,13720,1.01690673828125,262144,13.163,1.001373291015625,4.313725490196078,24.313725490196077,38.82352941176471,16.07843137254902,0.0,1,-99.0,-99.0,15670,
2025-06-02 20:13:21.674685,512,97.6470588235294,73,-99.0,-99.0078125,43,2536.5,0,-9.5,40,9.803921568627452,3,193.92,7,555,0,7620,52.156862745098046,255,13720,1.01690673828125,262144,13.163,1.001373291015625,4.313725490196078,24.313725490196077,38.82352941176471,16.07843137254902,0.0,1,-99.0,-99.0,15670,
2025-06-02 20:13:21.702401,512,97.6470588235294,73,-99.0,-99.0078125,43,2536.5,0,-9.5,40,9.803921568627452,3,193.92,7,555,0,7620,52.156862745098046,255,13720,1.01690673828125,262144,13.163,1.001373291015625,4.313725490196078,24.313725490196077,38.82352941176471,16.07843137254902,0.0,1,-99.0,-99.0,15670,
2025-06-02 20:13:21.736109,512,97.6470588235294,73,-99.0,-99.0078125,43,2536.5,0,-9.5,40,9.803921568627452,3,193.92,7,555,0,7620,52.156862745098046,255,13720,1.01690673828125,262144,13.163,1.001373291015625,4.313725490196078,24.313725490196077,38.82352941176471,16.07843137254902,0.0,1,-99.0,-99.0,15670,
2025-06-02 20:13:21.765108,512,97.6470588235294,73,-99.0,-99.0078125,43,2536.5,0,-9.5,40,9.803921568627452,3,193.92,7,555,0,7620,52.156862745098046,255,13720,1.01690673828125,262144,13.163,1.001373291015625,4.313725490196078,24.313725490196077,38.82352941176471,16.07843137254902,0.0,1,-99.0,-99.0,15670,
2025-06-02 20:13:21.798777,512,97.6470588235294,73,-99.0,-99.0078125,43,2536.5,0,-9.5,40,9.803921568627452,3,193.92,7,555,0,7620,52.156862745098046,255,13720,1.01690673828125,262144,13.163,1.001373291015625,4.313725490196078,24.313725490196077,38.82352941176471,16.07843137254902,0.0,1,-99.0,-99.0,15670,
2025-06-02 20:13:21.834427,512,97.6470588235294,73,-99.0,-99.0078125,43,2536.5,0,-9.5,40,9.803921568627452,3,193.92,7,555,0,7620,52.156862745098046,255,13720,1.01690673828125,262144,13.163,1.001373291015625,4.313725490196078,24.313725490196077,38.82352941176471,16.07843137254902,0.0,1,-99.0,-99.0,15670,
2025-06-02 20:13:21.863344,512,97.6470588235294,73,-99.0,-99.0078125,43,2536.5,0,-9.5,40,9.803921568627452,3,193.92,7,555,0,7620,52.156862745098046,255,13720,1.01690673828125,262144,13.163,1.001373291015625,4.313725490196078,24.313725490196077,38.82352941176471,16.07843137254902,0.0,1,-99.0,-99.0,15670,
2025-06-02 20:13:21.894110,512,97.6470588235294,73,-99.0,-99.0078125,43,2536.5,0,-9.5,40,9.803921568627452,3,193.92,7,555,0,7620,52.156862745098046,255,13720,1.01690673828125,262144,13.163,1.001373291015625,4.313725490196078,24.313725490196077,38.82352941176471,16.07843137254902,0.0,1,-99.0,-99.0,15670,
2025-06-02 20:13:21.925000,512,97.6470588235294,73,-99.0,-99.0078125,43,2536.5,0,-9.5,40,9.803921568627452,3,193.92,7,555,0,7620,52.156862745098046,255,13720,1.01690673828125,262144,13.163,1.001373291015625,4.313725490196078,24.313725490196077,38.82352941176471,16.07843137254902,0.0,1,-99.0,-99.0,15670,
2025-06-02 20:13:21.954958,512,97.6470588235294,73,-99.0,-99.0078125,43,2536.5,0,-9.5,40,9.803921568627452,3,193.92,7,555,0,7620,52.156862745098046,255,13720,1.01690673828125,262144,13.163,1.001373291015625,4.313725490196078,24.313725490196077,38.82352941176471,16.07843137254902,0.0,1,-99.0,-99.0,15670,
2025-06-02 20:13:21.983139,512,97.6470588235294,73,-99.0,-99.0078125,43,2536.5,0,-9.5,40,9.803921568627452,3,193.92,7,555,0,7620,52.156862745098046,255,13720,1.01690673828125,262144,13.163,1.001373291015625,4.313725490196078,24.313725490196077,38.82352941176471,16.07843137254902,0.0,1,-99.0,-99.0,15670,
2025-06-02 20:13:22.009667,512,97.6470588235294,73,-99.0,-99.0078125,43,2536.5,0,-9.5,40,9.803921568627452,3,193.92,7,555,0,7620,52.156862745098046,255,13720,1.01690673828125,262144,13.163,1.001373291015625,4.313725490196078,24.313725490196077,38.82352941176471,16.07843137254902,0.0,1,-99.0,-99.0,15670,
2025-06-02 20:13:22.039668,512,97.6470588235294,73,-99.0,-99.0078125,43,2536.5,0,-9.5,40,9.803921568627452,3,193.92,7,555,0,7620,52.156862745098046,255,13720,1.01690673828125,262144,13.163,1.001373291015625,4.313725490196078,24.313725490196077,38.82352941176471,16.07843137254902,0.0,1,-99.0,-99.0,15670,
2025-06-02 20:13:22.072364,512,97.6470588235294,73,-99.0,-99.0078125,43,2536.5,0,-9.5,40,9.803921568627452,3,193.92,7,555,0,7620,52.156862745098046,255,13720,1.01690673828125,262144,13.163,1.001373291015625,4.313725490196078,24.313725490196077,38.82352941176471,16.07843137254902,0.0,1,-99.0,-99.0,15670,
2025-06-02 20:13:22.103568,512,97.6470588235294,73,-99.0,-99.0078125,43,2536.5,0,-9.5,40,9.803921568627452,3,193.92,7,555,0,7620,52.156862745098046,255,13720,1.01690673828125,262144,13.163,1.001373291015625,4.313725490196078,24.313725490196077,38.82352941176471,16.07843137254902,0.0,1,-99.0,-99.0,15670,
2025-06-02 20:13:22.130310,512,97.6470588235294,73,-99.0,-99.0078125,43,2536.5,0,-9.5,40,9.803921568627452,3,193.92,7,555,0,7620,52.156862745098046,255,13720,1.01690673828125,262144,13.163,1.001373291015625,4.313725490196078,24.313725490196077,38.82352941176471,16.07843137254902,0.0,1,-99.0,-99.0,15670,
2025-06-02 20:13:22.159864,512,97.6470588235294,73,-99.0,-99.0078125,43,2536.5,0,-9.5,40,9.803921568627452,3,193.92,7,555,0,7620,52.156862745098046,255,13720,1.01690673828125,262144,13.163,1.001373291015625,4.313725490196078,24.313725490196077,38.82352941176471,16.07843137254902,0.0,1,-99.0,-99.0,15670,
2025-06-02 20:13:22.193608,512,97.6470588235294,73,-99.0,-99.0078125,43,2536.5,0,-9.5,40,9.803921568627452,3,193.92,7,555,0,7620,52.156862745098046,255,13720,1.01690673828125,262144,13.163,1.001373291015625,4.313725490196078,24.313725490196077,38.82352941176471,16.07843137254902,0.0,1,-99.0,-99.0,15670,
2025-06-02 20:13:22.230049,512,97.6470588235294,73,-99.0,-99.0078125,43,2536.5,0,-9.5,40,9.803921568627452,3,193.92,7,555,0,7620,52.156862745098046,255,13720,1.01690673828125,262144,13.163,1.000579833984375,4.313725490196078,14.50980392156863,15.294117647058824,7.8431372549019605,5.098039215686274,1,-99.0,-99.0,15670,
2025-06-02 20:13:22.260073,1024,13.725490196078432,73,-99.0,-99.0078125,43,2536.5,0,-9.5,40,9.803921568627452,3,193.92,7,555,0,7620,52.156862745098046,255,13720,1.01690673828125,262144,13.163,1.000579833984375,4.313725490196078,14.50980392156863,15.294117647058824,7.8431372549019605,5.098039215686274,1,-99.0,-99.0,15670,
2025-06-02 20:13:22.286816,1024,13.725490196078432,73,-99.0,-99.0078125,43,2536.5,0,-9.5,40,9.803921568627452,3,193.92,7,555,0,7620,52.156862745098046,255,13720,1.01690673828125,262144,13.163,1.000579833984375,4.313725490196078,14.50980392156863,15.294117647058824,7.8431372549019605,5.098039215686274,1,-99.0,-99.0,15670,
2025-06-02 20:13:22.314852,1024,13.725490196078432,73,-99.0,-99.0390625,15,1760.5,0,-9.5,40,9.803921568627452,3,193.92,7,555,0,7620,52.156862745098046,255,13720,1.01690673828125,262144,13.163,1.000579833984375,4.313725490196078,14.50980392156863,15.294117647058824,7.8431372549019605,5.098039215686274,1,-99.0,-99.0,15670,
2025-06-02 20:13:22.346023,1024,13.725490196078432,73,-99.0,-99.0390625,15,1760.5,0,42.0,40,9.803921568627452,3,193.92,7,555,0,7620,52.156862745098046,255,13720,1.01690673828125,262144,13.163,1.000579833984375,4.313725490196078,14.50980392156863,15.294117647058824,7.8431372549019605,5.098039215686274,1,-99.0,-99.0,15670,
2025-06-02 20:13:22.380194,1024,13.725490196078432,73,-99.0,-99.0390625,15,1760.5,0,42.0,40,9.803921568627452,3,193.92,7,555,0,7620,52.156862745098046,255,13720,1.01690673828125,262144,13.163,1.000579833984375,4.313725490196078,14.50980392156863,15.294117647058824,7.8431372549019605,5.098039215686274,1,-99.0,-99.0,15670,
2025-06-02 20:13:22.407934,1024,13.725490196078432,73,-99.0,-99.0390625,15,1760.5,0,42.0,40,9.803921568627452,3,218.24,7,555,0,7620,52.156862745098046,255,13720,1.01690673828125,262144,13.163,1.000579833984375,4.313725490196078,14.50980392156863,15.294117647058824,7.8431372549019605,5.098039215686274,1,-99.0,-99.0,15670,
2025-06-02 20:13:22.434152,1024,13.725490196078432,73,-99.0,-99.0390625,15,1760.5,0,42.0,40,9.803921568627452,3,218.24,7,557,0,7620,52.156862745098046,255,13720,1.01690673828125,262144,13.163,1.000579833984375,4.313725490196078,14.50980392156863,15.294117647058824,7.8431372549019605,5.098039215686274,1,-99.0,-99.0,15670,
2025-06-02 20:13:22.459554,1024,13.725490196078432,73,-99.0,-99.0390625,15,1760.5,0,42.0,40,9.803921568627452,3,218.24,7,557,0,12650,52.156862745098046,255,13720,1.01690673828125,262144,13.163,1.000579833984375,4.313725490196078,14.50980392156863,15.294117647058824,7.8431372549019605,5.098039215686274,1,-99.0,-99.0,15670,
2025-06-02 20:13:22.489051,1024,13.725490196078432,73,-99.0,-99.0390625,15,1760.5,0,42.0,40,9.803921568627452,3,218.24,7,557,0,12650,52.156862745098046,255,13720,1.01690673828125,262144,13.163,1.000579833984375,4.313725490196078,14.50980392156863,15.294117647058824,7.8431372549019605,5.098039215686274,1,-99.0,-99.0,15670,
2025-06-02 20:13:22.516214,1024,13.725490196078432,73,-99.0,-99.0390625,15,1760.5,0,42.0,40,9.803921568627452,3,218.24,7,557,0,12650,52.156862745098046,255,13720,1.01690673828125,262144,13.371,0.91070556640625,5.490196078431373,15.686274509803921,15.294117647058824,7.8431372549019605,5.098039215686274,1,-99.0,-99.0,15670,
2025-06-02 20:13:22.542774,1024,13.725490196078432,73,-99.0,-99.0390625,15,1760.5,0,42.0,40,9.803921568627452,3,218.24,7,557,0,12650,52.156862745098046,255,13720,1.01690673828125,262144,13.371,0.91070556640625,5.490196078431373,15.686274509803921,15.294117647058824,7.8431372549019605,6.2745098039215685,1,-99.0,-99.0,15670,
2025-06-02 20:13:22.573531,256,13.725490196078432,73,-99.0,-99.0390625,15,1760.5,0,42.0,40,9.803921568627452,3,218.24,7,557,0,12650,52.156862745098046,255,13720,1.01690673828125,262144,13.371,0.91070556640625,5.490196078431373,15.686274509803921,15.294117647058824,7.8431372549019605,6.2745098039215685,1,-99.0,-99.0,11840,
2025-06-02 20:13:22.605549,256,11.76470588235294,73,-99.0,-99.0390625,15,1651.75,0,42.0,40,9.803921568627452,3,218.24,7,557,0,12650,52.156862745098046,255,13720,1.01690673828125,262144,13.371,0.91070556640625,5.490196078431373,15.686274509803921,15.294117647058824,7.8431372549019605,6.2745098039215685,1,-99.0,-99.0,11840,
2025-06-02 20:13:22.635131,256,11.76470588235294,73,-99.0,-99.0390625,15,1651.75,0,42.0,40,9.803921568627452,3,218.24,7,557,0,12650,52.156862745098046,255,13720,1.01690673828125,262144,13.371,0.91070556640625,5.490196078431373,15.686274509803921,15.294117647058824,7.8431372549019605,6.2745098039215685,1,-99.0,-99.0,11840,
2025-06-02 20:13:22.662407,256,11.76470588235294,73,-99.0,-99.0390625,15,1651.75,0,42.0,40,14.50980392156863,3,218.24,7,557,0,12650,52.156862745098046,255,13720,1.01690673828125,262144,13.371,0.91070556640625,5.490196078431373,15.686274509803921,15.294117647058824,7.8431372549019605,6.2745098039215685,1,-99.0,-99.0,11840,
2025-06-02 20:13:22.693093,256,11.76470588235294,73,-99.0,-99.0390625,15,1651.75,0,42.0,40,14.50980392156863,3,218.24,7,557,0,12650,52.156862745098046,255,13720,1.01690673828125,262144,13.371,0.91070556640625,5.490196078431373,15.686274509803921,15.294117647058824,7.8431372549019605,6.2745098039215685,1,-99.0,-99.0,11840,
2025-06-02 20:13:22.724235,256,11.76470588235294,73,-99.0,-99.0390625,15,1651.75,0,42.0,40,14.50980392156863,3,90.24,7,557,0,12650,52.156862745098046,255,13720,1.01690673828125,262144,13.371,0.91070556640625,5.490196078431373,15.686274509803921,15.294117647058824,7.8431372549019605,6.2745098039215685,1,-99.0,-99.0,11840,
2025-06-02 20:13:22.756284,256,11.76470588235294,73,-99.0,-99.0390625,15,1651.75,0,42.0,40,14.50980392156863,3,90.24,7,557,0,12650,52.156862745098046,255,13720,1.01690673828125,262144,13.371,0.91070556640625,5.490196078431373,15.686274509803921,15.294117647058824,7.8431372549019605,6.2745098039215685,1,-99.0,-99.0,11840,
2025-06-02 20:13:22.789929,256,11.76470588235294,73,-99.0,-99.0390625,15,1651.75,0,42.0,40,14.50980392156863,3,90.24,7,557,0,12650,52.156862745098046,255,13720,1.032135009765625,262144,13.371,0.91070556640625,5.490196078431373,15.686274509803921,15.294117647058824,7.8431372549019605,6.2745098039215685,1,-99.0,-99.0,11840,
2025-06-02 20:13:22.818995,256,11.76470588235294,73,-99.0,-99.0390625,15,1651.75,0,42.0,40,14.50980392156863,3,90.24,7,557,0,12650,52.156862745098046,255,13720,1.032135009765625,262144,13.454,0.91070556640625,5.098039215686274,15.686274509803921,15.294117647058824,7.8431372549019605,6.2745098039215685,1,-99.0,-99.0,11840,
2025-06-02 20:13:22.847376,256,11.76470588235294,73,-99.0,-99.0390625,15,1651.75,0,42.0,40,14.50980392156863,3,90.24,7,557,0,12650,52.156862745098046,255,13720,1.032135009765625,262144,13.454,0.91070556640625,5.098039215686274,15.294117647058824,15.294117647058824,7.8431372549019605,5.88235294117647,1,-99.0,-99.0,11840,
2025-06-02 20:13:22.882401,256,11.76470588235294,73,-99.0,-99.0390625,15,1651.75,0,42.0,40,14.50980392156863,3,90.24,7,557,0,12650,52.156862745098046,255,13720,1.032135009765625,262144,13.454,0.91070556640625,5.098039215686274,15.294117647058824,15.294117647058824,7.8431372549019605,5.88235294117647,1,-99.0,-99.0,11840,
2025-06-02 20:13:22.913142,256,12.941176470588237,74,-99.0,-99.0390625,15,1651.75,0,42.0,40,14.50980392156863,3,90.24,7,557,0,12650,52.156862745098046,255,13720,1.032135009765625,262144,13.454,0.91070556640625,5.098039215686274,15.294117647058824,15.294117647058824,7.8431372549019605,5.88235294117647,1,-99.0,-99.0,9760,
2025-06-02 20:13:22.943421,256,12.941176470588237,74,-99.0,-99.0390625,21,1426.75,0,12.0,40,14.50980392156863,3,90.24,7,557,0,12650,52.156862745098046,255,13720,1.032135009765625,262144,13.454,0.91070556640625,5.098039215686274,15.294117647058824,15.294117647058824,7.8431372549019605,5.88235294117647,1,-99.0,-99.0,9760,
2025-06-02 20:13:22.977316,256,12.941176470588237,74,-99.0,-99.0390625,21,1426.75,0,12.0,40,14.50980392156863,3,90.24,7,557,0,12650,52.156862745098046,255,13720,1.032135009765625,262144,13.454,0.91070556640625,5.098039215686274,15.294117647058824,15.294117647058824,7.8431372549019605,5.88235294117647,1,-99.0,-99.0,9760,
2025-06-02 20:13:23.006787,256,12.941176470588237,74,-99.0,-99.0390625,21,1426.75,0,12.0,40,14.50980392156863,3,1.92,7,557,0,12650,52.156862745098046,255,13720,1.032135009765625,262144,13.454,0.91070556640625,5.098039215686274,15.294117647058824,15.294117647058824,7.8431372549019605,5.88235294117647,1,-99.0,-99.0,9760,
2025-06-02 20:13:23.033789,256,12.941176470588237,74,-99.0,-99.0390625,21,1426.75,0,12.0,40,14.50980392156863,3,1.92,7,557,0,9100,52.156862745098046,255,13720,0.819610595703125,262144,13.454,0.91070556640625,5.098039215686274,15.294117647058824,15.294117647058824,7.8431372549019605,5.88235294117647,1,-99.0,-99.0,9760,
2025-06-02 20:13:23.067110,256,12.941176470588237,74,-99.0,-99.0390625,21,1426.75,0,12.0,40,14.50980392156863,3,1.92,7,557,0,9100,52.156862745098046,255,13720,0.819610595703125,262144,13.454,0.91070556640625,5.098039215686274,15.294117647058824,15.294117647058824,7.8431372549019605,5.88235294117647,1,-99.0,-99.0,9760,
2025-06-02 20:13:23.103883,256,12.941176470588237,74,-99.0,-99.0390625,21,1426.75,0,12.0,40,14.50980392156863,3,1.92,7,557,0,9100,52.156862745098046,255,13720,0.819610595703125,262144,13.454,0.91070556640625,5.098039215686274,15.294117647058824,15.294117647058824,7.8431372549019605,5.88235294117647,1,-99.0,-99.0,9760,
2025-06-02 20:13:23.139669,256,12.941176470588237,74,-99.0,-99.0390625,21,1426.75,0,12.0,40,14.50980392156863,3,1.92,7,557,0,9100,52.156862745098046,255,13720,0.819610595703125,262144,13.454,0.91070556640625,4.705882352941177,14.901960784313726,15.294117647058824,7.8431372549019605,5.88235294117647,1,-99.0,-99.0,9760,
2025-06-02 20:13:23.168145,256,12.941176470588237,74,-99.0,-99.0390625,21,1426.75,0,12.0,40,14.50980392156863,3,1.92,7,557,0,9100,52.156862745098046,255,13720,0.819610595703125,262144,13.454,0.91070556640625,4.705882352941177,14.901960784313726,15.294117647058824,7.8431372549019605,5.490196078431373,1,-99.0,-99.0,9760,
2025-06-02 20:13:23.197480,256,12.941176470588237,74,-99.0,-99.0390625,21,1426.75,0,12.0,40,14.50980392156863,3,1.92,7,557,0,9100,52.156862745098046,255,13720,0.819610595703125,262144,13.454,0.91070556640625,4.705882352941177,14.901960784313726,15.294117647058824,7.8431372549019605,5.490196078431373,1,-99.0,-99.0,8270,
2025-06-02 20:13:23.223335,256,13.725490196078432,74,-99.0,-99.0390625,21,1426.75,0,12.0,40,14.50980392156863,3,1.92,7,557,0,9100,52.156862745098046,255,13720,0.819610595703125,262144,13.454,0.91070556640625,4.705882352941177,14.901960784313726,15.294117647058824,7.8431372549019605,5.490196078431373,1,-99.0,-99.0,8270,
2025-06-02 20:13:23.250954,256,13.725490196078432,74,-99.0,-99.0390625,21,1283.25,0,16.5,40,14.50980392156863,3,1.92,7,557,0,9100,52.156862745098046,255,13720,0.819610595703125,262144,13.454,0.91070556640625,4.705882352941177,14.901960784313726,15.294117647058824,7.8431372549019605,5.490196078431373,1,-99.0,-99.0,8270,
2025-06-02 20:13:23.277074,256,13.725490196078432,74,-99.0,-99.0390625,21,1283.25,0,16.5,40,14.50980392156863,3,1.92,7,557,0,9100,52.156862745098046,255,13720,0.819610595703125,262144,13.454,0.91070556640625,4.705882352941177,14.901960784313726,15.294117647058824,7.8431372549019605,5.490196078431373,1,-99.0,-99.0,8270,
2025-06-02 20:13:23.309447,256,13.725490196078432,74,-99.0,-99.0390625,21,1283.25,0,16.5,40,14.50980392156863,3,9.6,7,557,0,9100,52.156862745098046,255,13720,0.819610595703125,262144,13.454,0.91070556640625,4.705882352941177,14.901960784313726,15.294117647058824,7.8431372549019605,5.490196078431373,1,-99.0,-99.0,8270,
2025-06-02 20:13:23.342369,256,13.725490196078432,74,-99.0,-99.0390625,21,1283.25,0,16.5,40,14.50980392156863,3,9.6,7,558,0,7800,52.156862745098046,255,13720,0.788909912109375,262144,13.454,0.91070556640625,4.705882352941177,14.901960784313726,15.294117647058824,7.8431372549019605,5.490196078431373,1,-99.0,-99.0,8270,
2025-06-02 20:13:23.370551,256,13.725490196078432,74,-99.0,-99.0390625,21,1283.25,0,16.5,40,14.50980392156863,3,9.6,7,558,0,7800,52.156862745098046,255,13720,0.788909912109375,262144,13.454,0.91070556640625,4.705882352941177,14.901960784313726,15.294117647058824,7.8431372549019605,5.490196078431373,1,-99.0,-99.0,8270,
2025-06-02 20:13:23.398444,256,13.725490196078432,74,-99.0,-99.0390625,21,1283.25,0,16.5,40,14.50980392156863,3,9.6,7,558,0,7800,52.156862745098046,255,13720,0.788909912109375,262144,13.489,0.91070556640625,4.705882352941177,14.901960784313726,15.294117647058824,7.8431372549019605,5.490196078431373,1,-99.0,-99.0,8270,
2025-06-02 20:13:23.431685,256,13.725490196078432,74,-99.0,-99.0390625,21,1283.25,0,16.5,40,14.50980392156863,3,9.6,7,558,0,7800,52.156862745098046,255,13720,0.788909912109375,262144,13.489,0.91070556640625,4.705882352941177,14.901960784313726,15.294117647058824,7.8431372549019605,5.490196078431373,1,-99.0,-99.0,8270,
2025-06-02 20:13:23.465907,256,13.725490196078432,74,-99.0,-99.0390625,21,1283.25,0,16.5,40,14.50980392156863,3,9.6,7,558,0,7800,52.156862745098046,255,13720,0.788909912109375,262144,13.489,0.91070556640625,4.313725490196078,14.50980392156863,15.294117647058824,7.8431372549019605,5.490196078431373,1,-99.0,-99.0,8270,
2025-06-02 20:13:23.502027,256,13.725490196078432,74,-99.0,-99.0390625,21,1283.25,0,16.5,40,14.50980392156863,3,9.6,7,558,0,7800,52.156862745098046,255,13720,0.788909912109375,262144,13.489,0.91070556640625,4.313725490196078,14.50980392156863,15.294117647058824,7.8431372549019605,5.098039215686274,1,-99.0,-99.0,7160,
2025-06-02 20:13:23.529909,256,13.725490196078432,74,-99.0,-99.0390625,21,1283.25,0,16.5,40,14.50980392156863,3,9.6,7,558,0,7800,52.156862745098046,255,13720,0.788909912109375,262144,13.489,0.91070556640625,4.313725490196078,14.50980392156863,15.294117647058824,7.8431372549019605,5.098039215686274,1,-99.0,-99.0,7160,
2025-06-02 20:13:23.560582,256,13.725490196078432,74,-99.0,-99.0390625,22,1178.25,0,16.5,40,14.50980392156863,3,9.6,7,558,0,7800,52.156862745098046,255,13720,0.788909912109375,262144,13.489,0.91070556640625,4.313725490196078,14.50980392156863,15.294117647058824,7.8431372549019605,5.098039215686274,1,-99.0,-99.0,7160,
2025-06-02 20:13:23.591930,256,13.725490196078432,74,-99.0,-99.0390625,22,1178.25,0,16.0,40,14.50980392156863,3,9.6,7,558,0,7800,52.156862745098046,255,13720,0.788909912109375,262144,13.489,0.91070556640625,4.313725490196078,14.50980392156863,15.294117647058824,7.8431372549019605,5.098039215686274,1,-99.0,-99.0,7160,
2025-06-02 20:13:23.625585,256,13.725490196078432,74,-99.0,-99.0390625,22,1178.25,0,16.0,40,13.333333333333334,3,17.28,7,558,0,7800,52.156862745098046,255,13720,0.788909912109375,262144,13.489,0.91070556640625,4.313725490196078,14.50980392156863,15.294117647058824,7.8431372549019605,5.098039215686274,1,-99.0,-99.0,7160,
2025-06-02 20:13:23.652365,256,13.725490196078432,74,-99.0,-99.0390625,22,1178.25,0,16.0,40,13.333333333333334,3,17.28,7,558,0,6700,52.156862745098046,255,13720,0.788909912109375,262144,13.463,0.91070556640625,4.313725490196078,14.50980392156863,15.294117647058824,7.8431372549019605,5.098039215686274,1,-99.0,-99.0,7160,
2025-06-02 20:13:23.679438,256,13.725490196078432,74,-99.0,-99.0390625,22,1178.25,0,16.0,40,13.333333333333334,3,17.28,7,558,0,6700,52.156862745098046,255,13720,0.788909912109375,262144,13.463,0.91070556640625,3.9215686274509802,14.50980392156863,15.294117647058824,7.8431372549019605,5.098039215686274,1,-99.0,-99.0,7160,
2025-06-02 20:13:23.711480,256,13.725490196078432,74,-99.0,-99.0390625,22,1178.25,0,16.0,40,13.333333333333334,3,17.28,7,558,0,6700,52.156862745098046,255,13720,0.788909912109375,262144,13.463,0.91070556640625,3.9215686274509802,14.50980392156863,15.294117647058824,7.8431372549019605,5.098039215686274,1,-99.0,-99.0,7160,
2025-06-02 20:13:23.742688,256,14.901960784313726,74,-99.0,-99.0390625,22,1178.25,0,16.0,40,13.333333333333334,3,17.28,7,558,0,6700,52.156862745098046,255,13720,0.788909912109375,262144,13.463,0.91070556640625,3.9215686274509802,14.50980392156863,15.294117647058824,7.8431372549019605,5.098039215686274,1,-99.0,-99.0,6450,
2025-06-02 20:13:23.777969,256,14.901960784313726,74,-99.0,-99.0390625,23,1068.5,0,16.0,40,13.333333333333334,3,17.28,7,558,0,6700,52.156862745098046,255,13720,0.788909912109375,262144,13.463,0.91070556640625,3.9215686274509802,14.50980392156863,15.294117647058824,7.8431372549019605,5.098039215686274,1,-99.0,-99.0,6450,
2025-06-02 20:13:23.819410,256,14.901960784313726,74,-99.0,-99.0390625,23,1068.5,0,16.0,41,13.333333333333334,3,17.28,7,558,0,6700,52.156862745098046,255,13720,0.788909912109375,262144,13.463,0.91070556640625,3.9215686274509802,14.50980392156863,15.294117647058824,7.8431372549019605,5.098039215686274,1,-99.0,-99.0,6450,
2025-06-02 20:13:23.857199,256,14.901960784313726,74,-99.0,-99.0390625,23,1068.5,0,16.0,41,13.333333333333334,3,19.84,7,558,0,6100,52.156862745098046,255,13720,0.788909912109375,262144,13.463,0.91070556640625,3.9215686274509802,14.50980392156863,15.294117647058824,7.8431372549019605,5.098039215686274,1,-99.0,-99.0,6450,
2025-06-02 20:13:23.894195,256,14.901960784313726,74,-99.0,-99.0390625,23,1068.5,0,16.0,41,13.333333333333334,3,19.84,7,558,0,6100,52.156862745098046,255,13720,0.788909912109375,262144,13.463,0.91070556640625,3.9215686274509802,14.50980392156863,15.294117647058824,7.8431372549019605,5.098039215686274,1,-99.0,-99.0,6450,
2025-06-02 20:13:23.934023,256,14.901960784313726,74,-99.0,-99.0390625,23,1068.5,0,16.0,41,13.333333333333334,3,19.84,7,558,0,6100,52.156862745098046,255,13720,0.788909912109375,262144,13.371,0.91070556640625,3.5294117647058822,14.117647058823529,15.294117647058824,7.8431372549019605,5.098039215686274,1,-99.0,-99.0,6450,
2025-06-02 20:13:23.961017,256,14.901960784313726,74,-99.0,-99.0390625,23,1068.5,0,16.0,41,13.333333333333334,3,19.84,7,558,0,6100,52.156862745098046,255,13720,0.788909912109375,262144,13.371,0.91070556640625,3.5294117647058822,14.117647058823529,15.294117647058824,7.8431372549019605,4.313725490196078,1,-99.0,-99.0,5740,
2025-06-02 20:13:24.007387,256,15.686274509803921,74,-99.0,-99.0390625,23,1068.5,0,16.0,41,13.333333333333334,3,19.84,7,558,0,6100,52.156862745098046,255,13720,0.788909912109375,262144,13.371,0.91070556640625,3.5294117647058822,14.117647058823529,15.294117647058824,7.8431372549019605,4.313725490196078,1,-99.0,-99.0,5740,
2025-06-02 20:13:24.044235,256,15.686274509803921,74,-99.0,-99.0390625,25,876.75,0,8.0,41,13.333333333333334,3,21.12,7,558,0,6100,52.156862745098046,255,13720,0.788909912109375,262144,13.371,0.91070556640625,3.5294117647058822,14.117647058823529,15.294117647058824,7.8431372549019605,4.313725490196078,1,-99.0,-99.0,5740,
2025-06-02 20:13:24.072853,256,15.686274509803921,74,-99.0,-99.0390625,25,876.75,0,8.0,41,13.333333333333334,3,21.12,7,558,0,6100,52.156862745098046,255,13720,0.788909912109375,262144,13.371,0.91070556640625,3.5294117647058822,14.117647058823529,15.294117647058824,7.8431372549019605,4.313725490196078,1,-99.0,-99.0,5740,
2025-06-02 20:13:24.111060,256,15.686274509803921,74,-99.0,-99.0390625,25,876.75,0,8.0,41,13.333333333333334,3,21.12,7,558,0,5260,52.156862745098046,255,13720,0.86077880859375,262144,13.371,0.91070556640625,3.5294117647058822,14.117647058823529,15.294117647058824,7.8431372549019605,4.313725490196078,1,-99.0,-99.0,5740,
2025-06-02 20:13:24.145936,256,15.686274509803921,74,-99.0,-99.0390625,25,876.75,0,8.0,41,13.333333333333334,3,21.12,7,558,0,5260,52.156862745098046,255,13720,0.86077880859375,262144,13.298,0.91070556640625,3.5294117647058822,14.117647058823529,15.294117647058824,7.8431372549019605,4.313725490196078,1,-99.0,-99.0,5740,
2025-06-02 20:13:24.180379,256,15.686274509803921,74,-99.0,-99.0390625,25,876.75,0,8.0,41,13.333333333333334,3,21.12,7,558,0,5260,52.156862745098046,255,13720,0.86077880859375,262144,13.298,0.91070556640625,3.5294117647058822,17.254901960784313,15.294117647058824,7.8431372549019605,4.313725490196078,1,-99.0,-99.0,5740,
2025-06-02 20:13:24.216960,256,15.686274509803921,74,-99.0,-99.0390625,25,876.75,0,8.0,41,13.333333333333334,3,21.12,7,558,0,5260,52.156862745098046,255,13720,0.86077880859375,262144,13.298,0.91070556640625,3.5294117647058822,17.254901960784313,15.294117647058824,7.8431372549019605,7.0588235294117645,1,-99.0,-99.0,5740,
2025-06-02 20:13:24.252671,256,36.470588235294116,74,-99.0,-99.0390625,25,876.75,0,8.0,41,13.333333333333334,3,21.12,7,558,0,5260,52.156862745098046,255,13720,0.86077880859375,262144,13.298,0.91070556640625,3.5294117647058822,17.254901960784313,15.294117647058824,7.8431372549019605,7.0588235294117645,1,-99.0,-99.0,4710,
2025-06-02 20:13:24.286768,256,36.470588235294116,74,-99.0,-99.0390625,46,826.5,0,1.0,41,20.784313725490197,3,21.12,7,558,0,5260,52.156862745098046,255,13720,0.86077880859375,262144,13.298,0.91070556640625,3.5294117647058822,17.254901960784313,15.294117647058824,7.8431372549019605,7.0588235294117645,1,-99.0,-99.0,4710,
2025-06-02 20:13:24.321234,256,36.470588235294116,74,-99.0,-99.0390625,46,826.5,0,1.0,41,20.784313725490197,3,23.68,7,558,0,5260,52.156862745098046,255,13720,0.86077880859375,262144,13.298,0.91070556640625,3.5294117647058822,17.254901960784313,15.294117647058824,7.8431372549019605,7.0588235294117645,1,-99.0,-99.0,4710,
2025-06-02 20:13:24.351379,256,36.470588235294116,74,-99.0,-99.0390625,46,826.5,0,1.0,41,20.784313725490197,3,23.68,7,558,0,5260,52.156862745098046,255,13720,0.86077880859375,262144,13.298,0.91070556640625,3.5294117647058822,17.254901960784313,15.294117647058824,7.8431372549019605,7.0588235294117645,1,-99.0,-99.0,4710,
2025-06-02 20:13:24.383207,256,36.470588235294116,74,-99.0,-99.0390625,46,826.5,0,1.0,41,20.784313725490197,3,23.68,7,558,0,5080,52.156862745098046,255,13863,0.86077880859375,262144,13.298,0.91070556640625,3.5294117647058822,17.254901960784313,15.294117647058824,7.8431372549019605,7.0588235294117645,1,-99.0,-99.0,4710,
2025-06-02 20:13:24.417416,256,36.470588235294116,74,-99.0,-99.0390625,46,826.5,0,1.0,41,20.784313725490197,3,23.68,7,558,0,5080,52.156862745098046,255,13863,0.86077880859375,262144,13.245,0.91070556640625,3.5294117647058822,17.254901960784313,15.294117647058824,7.8431372549019605,7.0588235294117645,1,-99.0,-99.0,4710,
2025-06-02 20:13:24.452622,256,36.470588235294116,74,-99.0,-99.0390625,46,826.5,0,1.0,41,20.784313725490197,3,23.68,7,558,0,5080,52.156862745098046,255,13863,0.86077880859375,262144,13.245,0.91070556640625,7.0588235294117645,17.647058823529413,15.294117647058824,7.8431372549019605,8.627450980392156,1,-99.0,-99.0,4710,
2025-06-02 20:13:24.487690,512,44.70588235294118,74,-98.953125,-99.0390625,56,826.5,0,1.0,41,20.784313725490197,3,23.68,7,558,0,5080,52.156862745098046,255,13863,0.86077880859375,262144,13.245,0.91070556640625,7.0588235294117645,17.647058823529413,15.294117647058824,7.8431372549019605,8.627450980392156,1,-99.0,-99.0,5870,
2025-06-02 20:13:24.515729,512,44.70588235294118,74,-98.953125,-99.0390625,56,772.5,0,1.5,41,15.686274509803921,3,24.96,7,558,0,5080,52.156862745098046,255,13863,0.86077880859375,262144,13.245,0.91070556640625,7.0588235294117645,17.647058823529413,15.294117647058824,7.8431372549019605,8.627450980392156,1,-99.0,-99.0,5870,
2025-06-02 20:13:24.547031,512,44.70588235294118,74,-98.953125,-99.0390625,56,772.5,0,1.5,41,15.686274509803921,3,24.96,7,559,0,6120,52.156862745098046,255,13863,0.919952392578125,262144,13.245,0.91070556640625,7.0588235294117645,17.647058823529413,15.294117647058824,7.8431372549019605,8.627450980392156,1,-99.0,-99.0,5870,
2025-06-02 20:13:24.573401,512,44.70588235294118,74,-98.953125,-99.0390625,56,772.5,0,1.5,41,15.686274509803921,3,24.96,7,559,0,6120,52.156862745098046,255,13720,0.919952392578125,262144,13.213,0.91070556640625,7.0588235294117645,17.647058823529413,15.294117647058824,7.8431372549019605,8.627450980392156,1,-99.0,-99.0,5870,
2025-06-02 20:13:24.606296,512,44.70588235294118,74,-98.953125,-99.0390625,56,772.5,0,1.5,41,15.686274509803921,3,24.96,7,559,0,6120,52.156862745098046,255,13720,0.919952392578125,262144,13.213,0.91070556640625,7.0588235294117645,17.647058823529413,15.294117647058824,7.8431372549019605,8.627450980392156,1,-99.0,-99.0,5870,
2025-06-02 20:13:24.639398,512,44.70588235294118,74,-98.953125,-99.0390625,56,772.5,0,1.5,41,15.686274509803921,3,24.96,7,559,0,6120,52.156862745098046,255,13720,0.919952392578125,262144,13.213,0.91070556640625,7.0588235294117645,17.647058823529413,15.294117647058824,7.8431372549019605,8.627450980392156,1,-99.0,-99.0,5870,
2025-06-02 20:13:24.674408,512,44.70588235294118,74,-98.953125,-99.0390625,56,772.5,0,1.5,41,15.686274509803921,3,24.96,7,559,0,6120,52.156862745098046,255,13720,0.919952392578125,262144,13.213,0.91070556640625,7.0588235294117645,17.647058823529413,15.294117647058824,7.8431372549019605,8.627450980392156,1,-99.0,-99.0,5870,
2025-06-02 20:13:24.704129,512,44.70588235294118,74,-98.953125,-99.0390625,56,772.5,0,1.5,41,15.686274509803921,3,24.96,7,559,0,6120,52.156862745098046,255,13720,0.919952392578125,262144,13.213,0.91070556640625,7.0588235294117645,17.647058823529413,15.294117647058824,7.8431372549019605,8.627450980392156,1,-99.0,-99.0,5870,
2025-06-02 20:13:24.748064,512,44.70588235294118,74,-98.953125,-99.0390625,56,772.5,0,1.5,41,15.686274509803921,3,24.96,7,559,0,6120,52.156862745098046,255,13720,0.919952392578125,262144,13.213,0.91070556640625,7.0588235294117645,17.647058823529413,15.294117647058824,7.8431372549019605,8.627450980392156,1,-99.0,-99.0,5870,
